system_name,ik_tick_id,ik_timestamp,command_staleness_sec,harm_catch_type,harm_stage_failed,harm_error_type
Single-Frequency Baseline,1,1785315566.8292894,0.3059,none,NONE,NONE
Single-Frequency Baseline,2,1785315567.1352131,0.3055,none,NONE,NONE
Single-Frequency Baseline,3,1785315567.4407418,0.3055,intercepted,NONE,NONE
Single-Frequency Baseline,4,1785315567.746344,0.3056,fallback,STAGE_3,VELOCITY_LIMIT_BREACH
Single-Frequency Baseline,5,1785315568.0519166,0.3055,none,NONE,NONE
Single-Frequency Baseline,6,1785315568.357501,0.3056,none,NONE,NONE
Single-Frequency Baseline,7,1785315568.6630452,0.3055,none,NONE,NONE
Single-Frequency Baseline,8,1785315568.968592,0.3055,none,NONE,NONE
Single-Frequency Baseline,9,1785315569.274138,0.3055,none,NONE,NONE
Single-Frequency Baseline,10,1785315569.5798733,0.3058,none,NONE,NONE
Single-Frequency Baseline,11,1785315569.8854895,0.3057,none,NONE,NONE
Single-Frequency Baseline,12,1785315570.1911645,0.3057,fallback,STAGE_3,VELOCITY_LIMIT_BREACH
Single-Frequency Baseline,13,1785315570.4968193,0.3055,none,NONE,NONE
Single-Frequency Baseline,14,1785315570.8024127,0.3056,none,NONE,NONE
Single-Frequency Baseline,15,1785315571.1079466,0.3055,none,NONE,NONE
Single-Frequency Baseline,16,1785315571.4135802,0.3056,intercepted,NONE,NONE
Single-Frequency Baseline,17,1785315571.719122,0.3055,none,NONE,NONE
Single-Frequency Baseline,18,1785315572.02472,0.3056,none,NONE,NONE
Single-Frequency Baseline,19,1785315572.33029,0.3056,none,NONE,NONE
Single-Frequency Baseline,20,1785315572.6359153,0.3056,none,NONE,NONE
Single-Frequency Baseline,21,1785315572.941488,0.3055,none,NONE,NONE
Single-Frequency Baseline,22,1785315573.2469873,0.3055,none,NONE,NONE
Single-Frequency Baseline,23,1785315573.552526,0.3055,none,NONE,NONE
Single-Frequency Baseline,24,1785315573.858167,0.3056,none,NONE,NONE
Single-Frequency Baseline,25,1785315574.163716,0.3055,none,NONE,NONE
Single-Frequency Baseline,26,1785315574.4693916,0.3057,intercepted,NONE,NONE
Single-Frequency Baseline,27,1785315574.7749853,0.3056,fallback,STAGE_3,VELOCITY_LIMIT_BREACH
Single-Frequency Baseline,28,1785315575.0805368,0.3056,none,NONE,NONE
Single-Frequency Baseline,29,1785315575.3861206,0.3055,none,NONE,NONE
Single-Frequency Baseline,30,1785315575.691749,0.3056,none,NONE,NONE
Single-Frequency Baseline,31,1785315575.9973485,0.3056,fallback,STAGE_3,VELOCITY_LIMIT_BREACH
Single-Frequency Baseline,32,1785315576.3030272,0.3057,fallback,STAGE_3,VELOCITY_LIMIT_BREACH
Single-Frequency Baseline,33,1785315576.6085477,0.3055,none,NONE,NONE
Single-Frequency Baseline,34,1785315576.914046,0.3055,intercepted,NONE,NONE
Single-Frequency Baseline,35,1785315577.2196708,0.3056,none,NONE,NONE
Single-Frequency Baseline,36,1785315577.525239,0.3056,none,NONE,NONE
Single-Frequency Baseline,37,1785315577.8307822,0.3055,none,NONE,NONE
Single-Frequency Baseline,38,1785315578.1363366,0.3055,intercepted,NONE,NONE
Single-Frequency Baseline,39,1785315578.4435582,0.3072,none,NONE,NONE
Single-Frequency Baseline,40,1785315578.7491121,0.3056,fallback,STAGE_3,VELOCITY_LIMIT_BREACH
Single-Frequency Baseline,41,1785315579.0546918,0.3056,none,NONE,NONE
Single-Frequency Baseline,42,1785315579.3602626,0.3055,fallback,STAGE_3,VELOCITY_LIMIT_BREACH
Single-Frequency Baseline,43,1785315579.6657248,0.3055,none,NONE,NONE
Single-Frequency Baseline,44,1785315579.9712436,0.3056,none,NONE,NONE
Single-Frequency Baseline,45,1785315580.2767723,0.3055,none,NONE,NONE
Single-Frequency Baseline,46,1785315580.58239,0.3056,fallback,STAGE_3,VELOCITY_LIMIT_BREACH
Single-Frequency Baseline,47,1785315580.8879242,0.3055,none,NONE,NONE
Single-Frequency Baseline,48,1785315581.1936197,0.3057,none,NONE,NONE
Single-Frequency Baseline,49,1785315581.4991548,0.3056,none,NONE,NONE
Single-Frequency Baseline,50,1785315581.8048308,0.3056,none,NONE,NONE
Single-Frequency Baseline,51,1785315582.1104326,0.3056,none,NONE,NONE
Single-Frequency Baseline,52,1785315582.415984,0.3055,none,NONE,NONE
Single-Frequency Baseline,53,1785315582.7217238,0.3057,fallback,STAGE_3,VELOCITY_LIMIT_BREACH
Single-Frequency Baseline,54,1785315583.0276062,0.3059,none,NONE,NONE
Single-Frequency Baseline,55,1785315583.3332,0.3056,fallback,STAGE_3,VELOCITY_LIMIT_BREACH
Single-Frequency Baseline,56,1785315583.6387875,0.3056,none,NONE,NONE
Single-Frequency Baseline,57,1785315583.9444413,0.3056,none,NONE,NONE
Single-Frequency Baseline,58,1785315584.2500436,0.3056,fallback,STAGE_3,VELOCITY_LIMIT_BREACH
Single-Frequency Baseline,59,1785315584.555551,0.3055,none,NONE,NONE
Single-Frequency Baseline,60,1785315584.8611972,0.3056,none,NONE,NONE
Single-Frequency Baseline,61,1785315585.1667383,0.3055,fallback,STAGE_3,VELOCITY_LIMIT_BREACH
Single-Frequency Baseline,62,1785315585.472274,0.3055,none,NONE,NONE
Single-Frequency Baseline,63,1785315585.7777758,0.3055,none,NONE,NONE
Single-Frequency Baseline,64,1785315586.0834005,0.3056,none,NONE,NONE
Single-Frequency Baseline,65,1785315586.388981,0.3056,none,NONE,NONE
Single-Frequency Baseline,66,1785315586.6946728,0.3056,fallback,STAGE_3,VELOCITY_LIMIT_BREACH
Single-Frequency Baseline,67,1785315587.00035,0.3056,intercepted,NONE,NONE
Single-Frequency Baseline,68,1785315587.3058584,0.3055,fallback,STAGE_1,JSON_OR_VALIDATION_ERROR
Single-Frequency Baseline,69,1785315587.6114671,0.3056,none,NONE,NONE
Single-Frequency Baseline,70,1785315587.9170134,0.3055,intercepted,NONE,NONE
Single-Frequency Baseline,71,1785315588.2225478,0.3056,none,NONE,NONE
Single-Frequency Baseline,72,1785315588.5280874,0.3055,none,NONE,NONE
Single-Frequency Baseline,73,1785315588.8335843,0.3055,none,NONE,NONE
Single-Frequency Baseline,74,1785315589.1391358,0.3055,none,NONE,NONE
Single-Frequency Baseline,75,1785315589.4447577,0.3056,none,NONE,NONE
Single-Frequency Baseline,76,1785315589.7503605,0.3056,none,NONE,NONE
Single-Frequency Baseline,77,1785315590.0559556,0.3058,none,NONE,NONE
Single-Frequency Baseline,78,1785315590.361786,0.3056,none,NONE,NONE
Single-Frequency Baseline,79,1785315590.6674209,0.3056,fallback,STAGE_3,VELOCITY_LIMIT_BREACH
Single-Frequency Baseline,80,1785315590.9729295,0.3055,none,NONE,NONE
Single-Frequency Baseline,81,1785315591.2785003,0.3055,none,NONE,NONE
Single-Frequency Baseline,82,1785315591.5840638,0.3056,fallback,STAGE_3,VELOCITY_LIMIT_BREACH
Single-Frequency Baseline,83,1785315591.8895485,0.3054,none,NONE,NONE
Single-Frequency Baseline,84,1785315592.1950674,0.3055,none,NONE,NONE
Single-Frequency Baseline,85,1785315592.500565,0.3055,intercepted,NONE,NONE
Single-Frequency Baseline,86,1785315592.8061001,0.3055,intercepted,NONE,NONE
Single-Frequency Baseline,87,1785315593.1117616,0.3057,intercepted,NONE,NONE
Single-Frequency Baseline,88,1785315593.4174333,0.3056,none,NONE,NONE
Single-Frequency Baseline,89,1785315593.723125,0.3057,none,NONE,NONE
Single-Frequency Baseline,90,1785315594.0288424,0.3056,none,NONE,NONE
Single-Frequency Baseline,91,1785315594.3344975,0.3057,none,NONE,NONE
Single-Frequency Baseline,92,1785315594.6400597,0.3055,intercepted,NONE,NONE
Single-Frequency Baseline,93,1785315594.9456224,0.3056,none,NONE,NONE
Single-Frequency Baseline,94,1785315595.251171,0.3056,none,NONE,NONE
Single-Frequency Baseline,95,1785315595.556795,0.3056,none,NONE,NONE
Single-Frequency Baseline,96,1785315595.8625166,0.3057,none,NONE,NONE
Single-Frequency Baseline,97,1785315596.1681397,0.3056,none,NONE,NONE
Single-Frequency Baseline,98,1785315596.4737852,0.3057,none,NONE,NONE
Single-Frequency Baseline,99,1785315596.7795599,0.3057,none,NONE,NONE
Single-Frequency Baseline,100,1785315597.0852003,0.3056,intercepted,NONE,NONE
Single-Frequency Baseline,101,1785315597.390768,0.3055,none,NONE,NONE
Single-Frequency Baseline,102,1785315597.6962872,0.3056,none,NONE,NONE
Single-Frequency Baseline,103,1785315598.0018973,0.3055,intercepted,NONE,NONE
Single-Frequency Baseline,104,1785315598.3075862,0.3057,none,NONE,NONE
Single-Frequency Baseline,105,1785315598.6132207,0.3057,fallback,STAGE_3,VELOCITY_LIMIT_BREACH
Single-Frequency Baseline,106,1785315598.9189503,0.3057,fallback,STAGE_3,VELOCITY_LIMIT_BREACH
Single-Frequency Baseline,107,1785315599.2246153,0.3056,none,NONE,NONE
Single-Frequency Baseline,108,1785315599.5303898,0.3057,fallback,STAGE_3,VELOCITY_LIMIT_BREACH
Single-Frequency Baseline,109,1785315599.8359563,0.3057,none,NONE,NONE
Single-Frequency Baseline,110,1785315600.1416807,0.3057,none,NONE,NONE
Single-Frequency Baseline,111,1785315600.4475663,0.3058,intercepted,NONE,NONE
Single-Frequency Baseline,112,1785315600.7532184,0.3056,none,NONE,NONE
Single-Frequency Baseline,113,1785315601.0588944,0.3057,fallback,STAGE_3,VELOCITY_LIMIT_BREACH
Single-Frequency Baseline,114,1785315601.3645902,0.3057,fallback,STAGE_3,VELOCITY_LIMIT_BREACH
Single-Frequency Baseline,115,1785315601.6701515,0.3056,none,NONE,NONE
Single-Frequency Baseline,116,1785315601.9765272,0.3063,none,NONE,NONE
Single-Frequency Baseline,117,1785315602.2821128,0.3056,fallback,STAGE_3,VELOCITY_LIMIT_BREACH
Single-Frequency Baseline,118,1785315602.5876963,0.3056,none,NONE,NONE
Single-Frequency Baseline,119,1785315602.8932729,0.3055,intercepted,NONE,NONE
Single-Frequency Baseline,120,1785315603.1987872,0.3055,none,NONE,NONE
Single-Frequency Baseline,121,1785315603.504286,0.3055,none,NONE,NONE
Single-Frequency Baseline,122,1785315603.8105474,0.3062,none,NONE,NONE
Single-Frequency Baseline,123,1785315604.116087,0.3056,none,NONE,NONE
Single-Frequency Baseline,124,1785315604.4217775,0.3057,none,NONE,NONE
Single-Frequency Baseline,125,1785315604.727616,0.3058,none,NONE,NONE
Single-Frequency Baseline,126,1785315605.0334933,0.3059,fallback,STAGE_3,VELOCITY_LIMIT_BREACH
Single-Frequency Baseline,127,1785315605.3391397,0.3057,none,NONE,NONE
Single-Frequency Baseline,128,1785315605.6449056,0.3057,fallback,STAGE_3,VELOCITY_LIMIT_BREACH
Single-Frequency Baseline,129,1785315605.950694,0.3057,fallback,STAGE_3,VELOCITY_LIMIT_BREACH
Single-Frequency Baseline,130,1785315606.256637,0.306,fallback,STAGE_3,VELOCITY_LIMIT_BREACH
Single-Frequency Baseline,131,1785315606.562233,0.3055,none,NONE,NONE
Single-Frequency Baseline,132,1785315606.867774,0.3056,none,NONE,NONE
Single-Frequency Baseline,133,1785315607.1734176,0.3057,none,NONE,NONE
Single-Frequency Baseline,134,1785315607.479094,0.3056,none,NONE,NONE
Single-Frequency Baseline,135,1785315607.7847548,0.3057,none,NONE,NONE
Single-Frequency Baseline,136,1785315608.0905986,0.3059,none,NONE,NONE
Single-Frequency Baseline,137,1785315608.3962412,0.3056,intercepted,NONE,NONE
Single-Frequency Baseline,138,1785315608.7017996,0.3055,none,NONE,NONE
Single-Frequency Baseline,139,1785315609.007443,0.3057,fallback,STAGE_3,VELOCITY_LIMIT_BREACH
Single-Frequency Baseline,140,1785315609.3130898,0.3056,none,NONE,NONE
Single-Frequency Baseline,141,1785315609.6188629,0.3058,none,NONE,NONE
Single-Frequency Baseline,142,1785315609.9246473,0.3058,none,NONE,NONE
Single-Frequency Baseline,143,1785315610.2306187,0.3059,none,NONE,NONE
Single-Frequency Baseline,144,1785315610.5362606,0.3056,none,NONE,NONE
Single-Frequency Baseline,145,1785315610.8418326,0.3056,fallback,STAGE_1,JSON_OR_VALIDATION_ERROR
Single-Frequency Baseline,146,1785315611.147627,0.3058,none,NONE,NONE
Single-Frequency Baseline,147,1785315611.4534452,0.3058,fallback,STAGE_3,VELOCITY_LIMIT_BREACH
Single-Frequency Baseline,148,1785315611.759043,0.3056,none,NONE,NONE
Single-Frequency Baseline,149,1785315612.0645435,0.3055,none,NONE,NONE
Single-Frequency Baseline,150,1785315612.3700826,0.3055,none,NONE,NONE
Single-Frequency Baseline,151,1785315612.6756828,0.3057,none,NONE,NONE
Single-Frequency Baseline,152,1785315612.9815722,0.3058,none,NONE,NONE
Single-Frequency Baseline,153,1785315613.2872794,0.3057,none,NONE,NONE
Single-Frequency Baseline,154,1785315613.5929084,0.3056,none,NONE,NONE
Single-Frequency Baseline,155,1785315613.898631,0.3058,none,NONE,NONE
Single-Frequency Baseline,156,1785315614.2042797,0.3056,none,NONE,NONE
Single-Frequency Baseline,157,1785315614.5098963,0.3056,intercepted,NONE,NONE
Single-Frequency Baseline,158,1785315614.8155222,0.3056,none,NONE,NONE
Single-Frequency Baseline,159,1785315615.1210742,0.3055,none,NONE,NONE
Single-Frequency Baseline,160,1785315615.4266062,0.3055,none,NONE,NONE
Single-Frequency Baseline,161,1785315615.7334948,0.3076,none,NONE,NONE
Single-Frequency Baseline,162,1785315616.039788,0.3056,none,NONE,NONE
Single-Frequency Baseline,163,1785315616.3453808,0.3056,none,NONE,NONE
Single-Frequency Baseline,164,1785315616.6510808,0.3057,none,NONE,NONE
Single-Frequency Baseline,165,1785315616.9567351,0.3057,none,NONE,NONE
Single-Frequency Baseline,166,1785315617.2625577,0.3058,intercepted,NONE,NONE
Single-Frequency Baseline,167,1785315617.568228,0.3057,none,NONE,NONE
Single-Frequency Baseline,168,1785315617.8738925,0.3056,intercepted,NONE,NONE
Single-Frequency Baseline,169,1785315618.1794448,0.3056,fallback,STAGE_1,JSON_OR_VALIDATION_ERROR
Single-Frequency Baseline,170,1785315618.4850547,0.3056,none,NONE,NONE
Single-Frequency Baseline,171,1785315618.7906754,0.3056,none,NONE,NONE
Single-Frequency Baseline,172,1785315619.0965998,0.3059,none,NONE,NONE
Single-Frequency Baseline,173,1785315619.4025161,0.3057,none,NONE,NONE
Single-Frequency Baseline,174,1785315619.7081168,0.3055,none,NONE,NONE
Single-Frequency Baseline,175,1785315620.0139136,0.3057,none,NONE,NONE
Single-Frequency Baseline,176,1785315620.3195603,0.3057,fallback,STAGE_3,VELOCITY_LIMIT_BREACH
Single-Frequency Baseline,177,1785315620.6250887,0.3055,none,NONE,NONE
Single-Frequency Baseline,178,1785315620.9305809,0.3055,intercepted,NONE,NONE
Single-Frequency Baseline,179,1785315621.236146,0.3055,none,NONE,NONE
Single-Frequency Baseline,180,1785315621.5417876,0.3057,none,NONE,NONE
Single-Frequency Baseline,181,1785315621.8475573,0.3058,intercepted,NONE,NONE
Single-Frequency Baseline,182,1785315622.153183,0.3056,none,NONE,NONE
Single-Frequency Baseline,183,1785315622.4587972,0.3056,none,NONE,NONE
Single-Frequency Baseline,184,1785315622.7644274,0.3056,none,NONE,NONE
Single-Frequency Baseline,185,1785315623.0699825,0.3055,none,NONE,NONE
Single-Frequency Baseline,186,1785315623.3755035,0.3055,none,NONE,NONE
Single-Frequency Baseline,187,1785315623.6810048,0.3055,none,NONE,NONE
Single-Frequency Baseline,188,1785315623.9864995,0.3055,none,NONE,NONE
Single-Frequency Baseline,189,1785315624.2920208,0.3055,none,NONE,NONE
Single-Frequency Baseline,190,1785315624.597543,0.3055,intercepted,NONE,NONE
Single-Frequency Baseline,191,1785315624.9031887,0.3057,fallback,STAGE_3,VELOCITY_LIMIT_BREACH
Single-Frequency Baseline,192,1785315625.2087898,0.3055,fallback,STAGE_1,JSON_OR_VALIDATION_ERROR
Single-Frequency Baseline,193,1785315625.514574,0.3058,none,NONE,NONE
Single-Frequency Baseline,194,1785315625.8201926,0.3056,none,NONE,NONE
Single-Frequency Baseline,195,1785315626.1257646,0.3055,fallback,STAGE_3,VELOCITY_LIMIT_BREACH
Single-Frequency Baseline,196,1785315626.4312217,0.3055,none,NONE,NONE
Single-Frequency Baseline,197,1785315626.737271,0.306,fallback,STAGE_1,JSON_OR_VALIDATION_ERROR
Dual-Frequency Async Engine,1,1386.039429229,0.0003,fallback,STAGE_3,VELOCITY_LIMIT_BREACH
Dual-Frequency Async Engine,2,1386.050661985,0.0115,intercepted,NONE,NONE
Dual-Frequency Async Engine,3,1386.061302307,0.0222,fallback,STAGE_3,VELOCITY_LIMIT_BREACH
Dual-Frequency Async Engine,4,1386.07184976,0.0327,none,NONE,NONE
Dual-Frequency Async Engine,5,1386.082344166,0.0432,none,NONE,NONE
Dual-Frequency Async Engine,6,1386.092797749,0.0536,fallback,STAGE_3,VELOCITY_LIMIT_BREACH
Dual-Frequency Async Engine,7,1386.103244771,0.0641,intercepted,NONE,NONE
Dual-Frequency Async Engine,8,1386.113669739,0.0745,none,NONE,NONE
Dual-Frequency Async Engine,9,1386.124145098,0.085,none,NONE,NONE
Dual-Frequency Async Engine,10,1386.134631447,0.0955,none,NONE,NONE
Dual-Frequency Async Engine,11,1386.145134471,0.106,none,NONE,NONE
Dual-Frequency Async Engine,12,1386.155734451,0.1166,none,NONE,NONE
Dual-Frequency Async Engine,13,1386.166231971,0.1271,none,NONE,NONE
Dual-Frequency Async Engine,14,1386.176724119,0.1376,fallback,STAGE_3,VELOCITY_LIMIT_BREACH
Dual-Frequency Async Engine,15,1386.187323553,0.1482,intercepted,NONE,NONE
Dual-Frequency Async Engine,16,1386.197827255,0.1587,intercepted,NONE,NONE
Dual-Frequency Async Engine,17,1386.208315957,0.1692,intercepted,NONE,NONE
Dual-Frequency Async Engine,18,1386.218817255,0.1797,fallback,STAGE_3,VELOCITY_LIMIT_BREACH
Dual-Frequency Async Engine,19,1386.229328413,0.1902,intercepted,NONE,NONE
Dual-Frequency Async Engine,20,1386.239839319,0.2007,none,NONE,NONE
Dual-Frequency Async Engine,21,1386.250399438,0.2113,none,NONE,NONE
Dual-Frequency Async Engine,22,1386.260880808,0.2217,none,NONE,NONE
Dual-Frequency Async Engine,23,1386.271344543,0.2322,intercepted,NONE,NONE
Dual-Frequency Async Engine,24,1386.281797557,0.2426,fallback,STAGE_3,VELOCITY_LIMIT_BREACH
Dual-Frequency Async Engine,25,1386.29250395,0.2534,none,NONE,NONE
Dual-Frequency Async Engine,26,1386.30298026,0.2638,none,NONE,NONE
Dual-Frequency Async Engine,27,1386.314143506,0.275,none,NONE,NONE
Dual-Frequency Async Engine,28,1386.324618497,0.2855,fallback,STAGE_1,JSON_OR_VALIDATION_ERROR
Dual-Frequency Async Engine,29,1386.335107529,0.296,intercepted,NONE,NONE
Dual-Frequency Async Engine,30,1386.345915685,0.0053,none,NONE,NONE
Dual-Frequency Async Engine,31,1386.356412596,0.0158,intercepted,NONE,NONE
Dual-Frequency Async Engine,32,1386.366843667,0.0263,none,NONE,NONE
Dual-Frequency Async Engine,33,1386.377305303,0.0367,none,NONE,NONE
Dual-Frequency Async Engine,34,1386.387776843,0.0472,none,NONE,NONE
Dual-Frequency Async Engine,35,1386.398265762,0.0577,intercepted,NONE,NONE
Dual-Frequency Async Engine,36,1386.408713315,0.0681,none,NONE,NONE
Dual-Frequency Async Engine,37,1386.419166046,0.0786,fallback,STAGE_3,VELOCITY_LIMIT_BREACH
Dual-Frequency Async Engine,38,1386.429603518,0.089,fallback,STAGE_3,VELOCITY_LIMIT_BREACH
Dual-Frequency Async Engine,39,1386.440051297,0.0995,none,NONE,NONE
Dual-Frequency Async Engine,40,1386.45048428,0.1099,none,NONE,NONE
Dual-Frequency Async Engine,41,1386.460909719,0.1203,none,NONE,NONE
Dual-Frequency Async Engine,42,1386.471374648,0.1308,none,NONE,NONE
Dual-Frequency Async Engine,43,1386.481815179,0.1412,none,NONE,NONE
Dual-Frequency Async Engine,44,1386.49227185,0.1517,none,NONE,NONE
Dual-Frequency Async Engine,45,1386.502672279,0.1621,intercepted,NONE,NONE
Dual-Frequency Async Engine,46,1386.513076992,0.1725,none,NONE,NONE
Dual-Frequency Async Engine,47,1386.523459649,0.1829,none,NONE,NONE
Dual-Frequency Async Engine,48,1386.533830724,0.1933,none,NONE,NONE
Dual-Frequency Async Engine,49,1386.544435874,0.2039,none,NONE,NONE
Dual-Frequency Async Engine,50,1386.554920961,0.2143,none,NONE,NONE
Dual-Frequency Async Engine,51,1386.565453951,0.2249,none,NONE,NONE
Dual-Frequency Async Engine,52,1386.576043257,0.2355,fallback,STAGE_1,JSON_OR_VALIDATION_ERROR
Dual-Frequency Async Engine,53,1386.58660248,0.246,none,NONE,NONE
Dual-Frequency Async Engine,54,1386.597120853,0.2565,none,NONE,NONE
Dual-Frequency Async Engine,55,1386.60814791,0.2676,none,NONE,NONE
Dual-Frequency Async Engine,56,1386.618658125,0.2781,none,NONE,NONE
Dual-Frequency Async Engine,57,1386.629170456,0.2886,none,NONE,NONE
Dual-Frequency Async Engine,58,1386.64036464,0.2998,none,NONE,NONE
Dual-Frequency Async Engine,59,1386.650877183,0.3103,none,NONE,NONE
Dual-Frequency Async Engine,60,1386.66144934,0.3209,fallback,STAGE_3,VELOCITY_LIMIT_BREACH
Dual-Frequency Async Engine,61,1386.671983825,0.3314,intercepted,NONE,NONE
Dual-Frequency Async Engine,62,1386.683065292,0.3425,none,NONE,NONE
Dual-Frequency Async Engine,63,1386.693598101,0.353,none,NONE,NONE
Dual-Frequency Async Engine,64,1386.704116476,0.3635,intercepted,NONE,NONE
Dual-Frequency Async Engine,65,1386.714589724,0.374,none,NONE,NONE
Dual-Frequency Async Engine,66,1386.725101643,0.3845,fallback,STAGE_3,VELOCITY_LIMIT_BREACH
Dual-Frequency Async Engine,67,1386.735575085,0.395,none,NONE,NONE
Dual-Frequency Async Engine,68,1386.746052493,0.4055,intercepted,NONE,NONE
Dual-Frequency Async Engine,69,1386.75653012,0.416,fallback,STAGE_3,VELOCITY_LIMIT_BREACH
Dual-Frequency Async Engine,70,1386.767037822,0.4265,fallback,STAGE_1,JSON_OR_VALIDATION_ERROR
Dual-Frequency Async Engine,71,1386.77750341,0.4369,none,NONE,NONE
Dual-Frequency Async Engine,72,1386.787963439,0.4474,none,NONE,NONE
Dual-Frequency Async Engine,73,1386.799138501,0.4586,fallback,STAGE_3,VELOCITY_LIMIT_BREACH
Dual-Frequency Async Engine,74,1386.809652022,0.4691,none,NONE,NONE
Dual-Frequency Async Engine,75,1386.820176397,0.4796,none,NONE,NONE
Dual-Frequency Async Engine,76,1386.830724174,0.4902,none,NONE,NONE
Dual-Frequency Async Engine,77,1386.84158868,0.0001,none,NONE,NONE
Dual-Frequency Async Engine,78,1386.852086979,0.0106,none,NONE,NONE
Dual-Frequency Async Engine,79,1386.862570309,0.0211,none,NONE,NONE
Dual-Frequency Async Engine,80,1386.873036885,0.0316,none,NONE,NONE
Dual-Frequency Async Engine,81,1386.8835099,0.0421,fallback,STAGE_3,VELOCITY_LIMIT_BREACH
Dual-Frequency Async Engine,82,1386.893995835,0.0525,none,NONE,NONE
Dual-Frequency Async Engine,83,1386.904491775,0.063,none,NONE,NONE
Dual-Frequency Async Engine,84,1386.915021221,0.0736,none,NONE,NONE
Dual-Frequency Async Engine,85,1386.92546598,0.084,fallback,STAGE_3,VELOCITY_LIMIT_BREACH
Dual-Frequency Async Engine,86,1386.935939117,0.0945,none,NONE,NONE
Dual-Frequency Async Engine,87,1386.946408396,0.105,none,NONE,NONE
Dual-Frequency Async Engine,88,1386.95818863,0.1167,intercepted,NONE,NONE
Dual-Frequency Async Engine,89,1386.96870981,0.1273,fallback,STAGE_3,VELOCITY_LIMIT_BREACH
Dual-Frequency Async Engine,90,1386.97926187,0.1378,intercepted,NONE,NONE
Dual-Frequency Async Engine,91,1386.989879245,0.1484,none,NONE,NONE
Dual-Frequency Async Engine,92,1387.000788417,0.1593,none,NONE,NONE
Dual-Frequency Async Engine,93,1387.011429448,0.17,none,NONE,NONE
Dual-Frequency Async Engine,94,1387.021944826,0.1805,fallback,STAGE_3,VELOCITY_LIMIT_BREACH
Dual-Frequency Async Engine,95,1387.032524081,0.1911,fallback,STAGE_3,VELOCITY_LIMIT_BREACH
Dual-Frequency Async Engine,96,1387.043634758,0.2022,intercepted,NONE,NONE
Dual-Frequency Async Engine,97,1387.054138113,0.2127,none,NONE,NONE
Dual-Frequency Async Engine,98,1387.064664798,0.2232,none,NONE,NONE
Dual-Frequency Async Engine,99,1387.075180553,0.2337,none,NONE,NONE
Dual-Frequency Async Engine,100,1387.0856992,0.2442,none,NONE,NONE
Dual-Frequency Async Engine,101,1387.096211064,0.2548,intercepted,NONE,NONE
Dual-Frequency Async Engine,102,1387.106796467,0.2653,fallback,STAGE_3,VELOCITY_LIMIT_BREACH
Dual-Frequency Async Engine,103,1387.117346911,0.2759,none,NONE,NONE
Dual-Frequency Async Engine,104,1387.128389737,0.2869,none,NONE,NONE
Dual-Frequency Async Engine,105,1387.138890904,0.2974,none,NONE,NONE
Dual-Frequency Async Engine,106,1387.149395401,0.3079,fallback,STAGE_3,VELOCITY_LIMIT_BREACH
Dual-Frequency Async Engine,107,1387.159896235,0.3184,none,NONE,NONE
Dual-Frequency Async Engine,108,1387.170589088,0.3291,none,NONE,NONE
Dual-Frequency Async Engine,109,1387.181149963,0.3397,none,NONE,NONE
Dual-Frequency Async Engine,110,1387.191631345,0.3502,intercepted,NONE,NONE
Dual-Frequency Async Engine,111,1387.202180224,0.3607,intercepted,NONE,NONE
Dual-Frequency Async Engine,112,1387.212735129,0.3713,fallback,STAGE_3,VELOCITY_LIMIT_BREACH
Dual-Frequency Async Engine,113,1387.223642067,0.3822,none,NONE,NONE
Dual-Frequency Async Engine,114,1387.234215277,0.3928,none,NONE,NONE
Dual-Frequency Async Engine,115,1387.244734735,0.4033,none,NONE,NONE
Dual-Frequency Async Engine,116,1387.255377215,0.4139,none,NONE,NONE
Dual-Frequency Async Engine,117,1387.266130933,0.4247,none,NONE,NONE
Dual-Frequency Async Engine,118,1387.276588062,0.4351,fallback,STAGE_3,VELOCITY_LIMIT_BREACH
Dual-Frequency Async Engine,119,1387.28693034,0.4455,none,NONE,NONE
Dual-Frequency Async Engine,120,1387.29733229,0.4559,fallback,STAGE_3,VELOCITY_LIMIT_BREACH
Dual-Frequency Async Engine,121,1387.307903148,0.4664,fallback,STAGE_3,VELOCITY_LIMIT_BREACH
Dual-Frequency Async Engine,122,1387.318427834,0.477,intercepted,NONE,NONE
Dual-Frequency Async Engine,123,1387.32894728,0.4875,fallback,STAGE_3,VELOCITY_LIMIT_BREACH
Dual-Frequency Async Engine,124,1387.339405986,0.4979,none,NONE,NONE
Dual-Frequency Async Engine,125,1387.350439815,0.0076,none,NONE,NONE
Dual-Frequency Async Engine,126,1387.360936699,0.0181,fallback,STAGE_3,VELOCITY_LIMIT_BREACH
Dual-Frequency Async Engine,127,1387.371528139,0.0287,intercepted,NONE,NONE
Dual-Frequency Async Engine,128,1387.382100261,0.0393,none,NONE,NONE
Dual-Frequency Async Engine,129,1387.392723037,0.0499,none,NONE,NONE
Dual-Frequency Async Engine,130,1387.403410211,0.0606,none,NONE,NONE
Dual-Frequency Async Engine,131,1387.413927367,0.0711,none,NONE,NONE
Dual-Frequency Async Engine,132,1387.424578103,0.0817,none,NONE,NONE
Dual-Frequency Async Engine,133,1387.435167773,0.0923,none,NONE,NONE
Dual-Frequency Async Engine,134,1387.445686132,0.1028,fallback,STAGE_3,VELOCITY_LIMIT_BREACH
Dual-Frequency Async Engine,135,1387.45619892,0.1134,intercepted,NONE,NONE
Dual-Frequency Async Engine,136,1387.46673271,0.1239,intercepted,NONE,NONE
Dual-Frequency Async Engine,137,1387.477279643,0.1344,intercepted,NONE,NONE
Dual-Frequency Async Engine,138,1387.48784249,0.145,fallback,STAGE_3,VELOCITY_LIMIT_BREACH
Dual-Frequency Async Engine,139,1387.498507965,0.1557,intercepted,NONE,NONE
Dual-Frequency Async Engine,140,1387.509110882,0.1663,none,NONE,NONE
Dual-Frequency Async Engine,141,1387.519728885,0.1769,none,NONE,NONE
Dual-Frequency Async Engine,142,1387.530314537,0.1875,none,NONE,NONE
Dual-Frequency Async Engine,143,1387.540824727,0.198,intercepted,NONE,NONE
Dual-Frequency Async Engine,144,1387.551505756,0.2087,fallback,STAGE_3,VELOCITY_LIMIT_BREACH
Dual-Frequency Async Engine,145,1387.561980319,0.2191,none,NONE,NONE
Dual-Frequency Async Engine,146,1387.572601758,0.2298,none,NONE,NONE
Dual-Frequency Async Engine,147,1387.583268845,0.2404,none,NONE,NONE
Dual-Frequency Async Engine,148,1387.593796931,0.251,fallback,STAGE_1,JSON_OR_VALIDATION_ERROR
Dual-Frequency Async Engine,149,1387.604417486,0.2616,intercepted,NONE,NONE
Dual-Frequency Async Engine,150,1387.614970433,0.2721,none,NONE,NONE
Dual-Frequency Async Engine,151,1387.625470732,0.2826,intercepted,NONE,NONE
Dual-Frequency Async Engine,152,1387.636143785,0.2933,none,NONE,NONE
Dual-Frequency Async Engine,153,1387.646703716,0.3039,none,NONE,NONE
Dual-Frequency Async Engine,154,1387.657224493,0.3144,none,NONE,NONE
Dual-Frequency Async Engine,155,1387.667833707,0.325,intercepted,NONE,NONE
Dual-Frequency Async Engine,156,1387.678436591,0.3356,none,NONE,NONE
Dual-Frequency Async Engine,157,1387.689080509,0.3462,fallback,STAGE_3,VELOCITY_LIMIT_BREACH
Dual-Frequency Async Engine,158,1387.699612556,0.3568,fallback,STAGE_3,VELOCITY_LIMIT_BREACH
Dual-Frequency Async Engine,159,1387.71017426,0.3673,none,NONE,NONE
Dual-Frequency Async Engine,160,1387.720718073,0.3779,none,NONE,NONE
Dual-Frequency Async Engine,161,1387.731433843,0.3886,none,NONE,NONE
Dual-Frequency Async Engine,162,1387.742107782,0.3993,none,NONE,NONE
Dual-Frequency Async Engine,163,1387.752634982,0.4098,none,NONE,NONE
Dual-Frequency Async Engine,164,1387.763183234,0.4203,none,NONE,NONE
Dual-Frequency Async Engine,165,1387.773760059,0.4309,intercepted,NONE,NONE
Dual-Frequency Async Engine,166,1387.784498456,0.4417,none,NONE,NONE
Dual-Frequency Async Engine,167,1387.795071281,0.4522,none,NONE,NONE
Dual-Frequency Async Engine,168,1387.805754281,0.4629,none,NONE,NONE
Dual-Frequency Async Engine,169,1387.81647998,0.4736,none,NONE,NONE
Dual-Frequency Async Engine,170,1387.827103495,0.4843,none,NONE,NONE
Dual-Frequency Async Engine,171,1387.837689945,0.4948,none,NONE,NONE
Dual-Frequency Async Engine,172,1387.848683955,0.0055,fallback,STAGE_1,JSON_OR_VALIDATION_ERROR
Dual-Frequency Async Engine,173,1387.85925371,0.0161,none,NONE,NONE
Dual-Frequency Async Engine,174,1387.869781838,0.0266,none,NONE,NONE
Dual-Frequency Async Engine,175,1387.880478095,0.0373,none,NONE,NONE
Dual-Frequency Async Engine,176,1387.891130822,0.0479,none,NONE,NONE
Dual-Frequency Async Engine,177,1387.901734619,0.0585,none,NONE,NONE
Dual-Frequency Async Engine,178,1387.912474205,0.0693,none,NONE,NONE
Dual-Frequency Async Engine,179,1387.923132742,0.0799,none,NONE,NONE
Dual-Frequency Async Engine,180,1387.93367819,0.0905,fallback,STAGE_3,VELOCITY_LIMIT_BREACH
Dual-Frequency Async Engine,181,1387.944398555,0.1012,intercepted,NONE,NONE
Dual-Frequency Async Engine,182,1387.954933886,0.1117,none,NONE,NONE
Dual-Frequency Async Engine,183,1387.965407797,0.1222,none,NONE,NONE
Dual-Frequency Async Engine,184,1387.975978218,0.1328,intercepted,NONE,NONE
Dual-Frequency Async Engine,185,1387.986549397,0.1434,none,NONE,NONE
Dual-Frequency Async Engine,186,1387.997197662,0.154,fallback,STAGE_3,VELOCITY_LIMIT_BREACH
Dual-Frequency Async Engine,187,1388.007850898,0.1647,none,NONE,NONE
Dual-Frequency Async Engine,188,1388.018434731,0.1752,intercepted,NONE,NONE
Dual-Frequency Async Engine,189,1388.028959804,0.1858,fallback,STAGE_3,VELOCITY_LIMIT_BREACH
Dual-Frequency Async Engine,190,1388.039430759,0.1962,fallback,STAGE_1,JSON_OR_VALIDATION_ERROR
Dual-Frequency Async Engine,191,1388.05016401,0.207,none,NONE,NONE
Dual-Frequency Async Engine,192,1388.060764435,0.2176,none,NONE,NONE
Dual-Frequency Async Engine,193,1388.07141264,0.2282,fallback,STAGE_3,VELOCITY_LIMIT_BREACH
Dual-Frequency Async Engine,194,1388.081879181,0.2387,none,NONE,NONE
Dual-Frequency Async Engine,195,1388.092326667,0.2491,none,NONE,NONE
Dual-Frequency Async Engine,196,1388.102882424,0.2597,none,NONE,NONE
Dual-Frequency Async Engine,197,1388.113391892,0.2702,none,NONE,NONE
Dual-Frequency Async Engine,198,1388.123853159,0.2807,none,NONE,NONE
Dual-Frequency Async Engine,199,1388.134367571,0.2912,none,NONE,NONE
Dual-Frequency Async Engine,200,1388.144821161,0.3016,none,NONE,NONE
Dual-Frequency Async Engine,201,1388.155516293,0.3123,fallback,STAGE_3,VELOCITY_LIMIT_BREACH
Dual-Frequency Async Engine,202,1388.165974374,0.3228,none,NONE,NONE
Dual-Frequency Async Engine,203,1388.176675146,0.3335,none,NONE,NONE
Dual-Frequency Async Engine,204,1388.187527085,0.3443,none,NONE,NONE
Dual-Frequency Async Engine,205,1388.198292303,0.3551,fallback,STAGE_3,VELOCITY_LIMIT_BREACH
Dual-Frequency Async Engine,206,1388.209125319,0.3659,none,NONE,NONE
Dual-Frequency Async Engine,207,1388.219845565,0.3767,none,NONE,NONE
Dual-Frequency Async Engine,208,1388.230634854,0.3874,intercepted,NONE,NONE
Dual-Frequency Async Engine,209,1388.2414017,0.3982,fallback,STAGE_3,VELOCITY_LIMIT_BREACH
Dual-Frequency Async Engine,210,1388.252179433,0.409,intercepted,NONE,NONE
Dual-Frequency Async Engine,211,1388.262813659,0.4196,none,NONE,NONE
Dual-Frequency Async Engine,212,1388.273625633,0.4304,none,NONE,NONE
Dual-Frequency Async Engine,213,1388.284364298,0.4412,none,NONE,NONE
Dual-Frequency Async Engine,214,1388.295207808,0.452,fallback,STAGE_3,VELOCITY_LIMIT_BREACH
Dual-Frequency Async Engine,215,1388.305886708,0.4627,fallback,STAGE_3,VELOCITY_LIMIT_BREACH
Dual-Frequency Async Engine,216,1388.316691987,0.4735,intercepted,NONE,NONE
Dual-Frequency Async Engine,217,1388.327485946,0.4843,none,NONE,NONE
Dual-Frequency Async Engine,218,1388.338234234,0.495,none,NONE,NONE
Dual-Frequency Async Engine,219,1388.34925847,0.0055,none,NONE,NONE
Dual-Frequency Async Engine,220,1388.359891803,0.0161,none,NONE,NONE
Dual-Frequency Async Engine,221,1388.370524503,0.0267,intercepted,NONE,NONE
Dual-Frequency Async Engine,222,1388.38119282,0.0374,fallback,STAGE_3,VELOCITY_LIMIT_BREACH
Dual-Frequency Async Engine,223,1388.391832542,0.048,none,NONE,NONE
Dual-Frequency Async Engine,224,1388.402541324,0.0587,none,NONE,NONE
Dual-Frequency Async Engine,225,1388.413189875,0.0694,none,NONE,NONE
Dual-Frequency Async Engine,226,1388.423872229,0.0801,fallback,STAGE_3,VELOCITY_LIMIT_BREACH
Dual-Frequency Async Engine,227,1388.434620204,0.0908,none,NONE,NONE
Dual-Frequency Async Engine,228,1388.445545463,0.1018,none,NONE,NONE
Dual-Frequency Async Engine,229,1388.456253075,0.1125,none,NONE,NONE
Dual-Frequency Async Engine,230,1388.466848451,0.1231,intercepted,NONE,NONE
Dual-Frequency Async Engine,231,1388.47751314,0.1337,intercepted,NONE,NONE
Dual-Frequency Async Engine,232,1388.488204205,0.1444,fallback,STAGE_3,VELOCITY_LIMIT_BREACH
Dual-Frequency Async Engine,233,1388.498931478,0.1551,none,NONE,NONE
Dual-Frequency Async Engine,234,1388.509631518,0.1658,none,NONE,NONE
Dual-Frequency Async Engine,235,1388.520562722,0.1768,none,NONE,NONE
Dual-Frequency Async Engine,236,1388.531313372,0.1875,none,NONE,NONE
Dual-Frequency Async Engine,237,1388.54212385,0.1983,none,NONE,NONE
Dual-Frequency Async Engine,238,1388.55311816,0.2093,fallback,STAGE_3,VELOCITY_LIMIT_BREACH
Dual-Frequency Async Engine,239,1388.563805027,0.22,none,NONE,NONE
Dual-Frequency Async Engine,240,1388.574623699,0.2308,fallback,STAGE_3,VELOCITY_LIMIT_BREACH
Dual-Frequency Async Engine,241,1388.585554849,0.2418,fallback,STAGE_3,VELOCITY_LIMIT_BREACH
Dual-Frequency Async Engine,242,1388.596373212,0.2526,intercepted,NONE,NONE
Dual-Frequency Async Engine,243,1388.607134361,0.2633,fallback,STAGE_3,VELOCITY_LIMIT_BREACH
Dual-Frequency Async Engine,244,1388.617815812,0.274,none,NONE,NONE
Dual-Frequency Async Engine,245,1388.628585847,0.2848,none,NONE,NONE
Dual-Frequency Async Engine,246,1388.63929998,0.2955,fallback,STAGE_3,VELOCITY_LIMIT_BREACH
Dual-Frequency Async Engine,247,1388.650116512,0.3063,intercepted,NONE,NONE
Dual-Frequency Async Engine,248,1388.660792505,0.317,none,NONE,NONE
Dual-Frequency Async Engine,249,1388.67156855,0.3278,none,NONE,NONE
Dual-Frequency Async Engine,250,1388.682292573,0.3385,none,NONE,NONE
Dual-Frequency Async Engine,251,1388.692981867,0.3492,none,NONE,NONE
Dual-Frequency Async Engine,252,1388.703695009,0.3599,none,NONE,NONE
Dual-Frequency Async Engine,253,1388.714461482,0.3707,none,NONE,NONE
Dual-Frequency Async Engine,254,1388.72524103,0.3814,fallback,STAGE_3,VELOCITY_LIMIT_BREACH
Dual-Frequency Async Engine,255,1388.735887118,0.3921,intercepted,NONE,NONE
Dual-Frequency Async Engine,256,1388.746561122,0.4028,intercepted,NONE,NONE
Dual-Frequency Async Engine,257,1388.757267555,0.4135,intercepted,NONE,NONE
Dual-Frequency Async Engine,258,1388.767930136,0.4241,fallback,STAGE_3,VELOCITY_LIMIT_BREACH
Dual-Frequency Async Engine,259,1388.778639478,0.4348,intercepted,NONE,NONE
Dual-Frequency Async Engine,260,1388.78947436,0.4457,none,NONE,NONE
Dual-Frequency Async Engine,261,1388.800151764,0.4564,none,NONE,NONE
Dual-Frequency Async Engine,262,1388.810858323,0.4671,none,NONE,NONE
Dual-Frequency Async Engine,263,1388.821527336,0.4777,intercepted,NONE,NONE
Dual-Frequency Async Engine,264,1388.832148654,0.4884,fallback,STAGE_3,VELOCITY_LIMIT_BREACH
Dual-Frequency Async Engine,265,1388.842808446,0.499,none,NONE,NONE
Dual-Frequency Async Engine,266,1388.854047122,0.0097,none,NONE,NONE
Dual-Frequency Async Engine,267,1388.864778716,0.0204,none,NONE,NONE
Dual-Frequency Async Engine,268,1388.875607515,0.0312,fallback,STAGE_1,JSON_OR_VALIDATION_ERROR
Dual-Frequency Async Engine,269,1388.886362512,0.042,intercepted,NONE,NONE
Dual-Frequency Async Engine,270,1388.897133025,0.0528,none,NONE,NONE
Dual-Frequency Async Engine,271,1388.907815863,0.0634,intercepted,NONE,NONE
Dual-Frequency Async Engine,272,1388.918555184,0.0742,none,NONE,NONE
Dual-Frequency Async Engine,273,1388.929188362,0.0848,none,NONE,NONE
Dual-Frequency Async Engine,274,1388.939842243,0.0955,none,NONE,NONE
Dual-Frequency Async Engine,275,1388.950670059,0.1063,intercepted,NONE,NONE
Dual-Frequency Async Engine,276,1388.961272014,0.1169,none,NONE,NONE
Dual-Frequency Async Engine,277,1388.971843259,0.1275,fallback,STAGE_3,VELOCITY_LIMIT_BREACH
Dual-Frequency Async Engine,278,1388.982577134,0.1382,fallback,STAGE_3,VELOCITY_LIMIT_BREACH
Dual-Frequency Async Engine,279,1388.993154164,0.1488,none,NONE,NONE
Dual-Frequency Async Engine,280,1389.003722397,0.1594,none,NONE,NONE
Dual-Frequency Async Engine,281,1389.01446508,0.1701,none,NONE,NONE
Dual-Frequency Async Engine,282,1389.025121554,0.1808,none,NONE,NONE
Dual-Frequency Async Engine,283,1389.035800275,0.1914,none,NONE,NONE
Dual-Frequency Async Engine,284,1389.046632952,0.2023,none,NONE,NONE
Dual-Frequency Async Engine,285,1389.057248349,0.2129,intercepted,NONE,NONE
Dual-Frequency Async Engine,286,1389.067942603,0.2236,none,NONE,NONE
Dual-Frequency Async Engine,287,1389.078609302,0.2342,none,NONE,NONE
Dual-Frequency Async Engine,288,1389.089299813,0.2449,none,NONE,NONE
Dual-Frequency Async Engine,289,1389.099938783,0.2556,none,NONE,NONE
Dual-Frequency Async Engine,290,1389.110609891,0.2662,none,NONE,NONE
Dual-Frequency Async Engine,291,1389.121325657,0.277,none,NONE,NONE
Dual-Frequency Async Engine,292,1389.132182784,0.2878,fallback,STAGE_1,JSON_OR_VALIDATION_ERROR
Dual-Frequency Async Engine,293,1389.142785089,0.2984,none,NONE,NONE
Dual-Frequency Async Engine,294,1389.15342897,0.3091,none,NONE,NONE
Dual-Frequency Async Engine,295,1389.164184144,0.3198,none,NONE,NONE
Dual-Frequency Async Engine,296,1389.17484796,0.3305,none,NONE,NONE
Dual-Frequency Async Engine,297,1389.185614485,0.3412,none,NONE,NONE
Dual-Frequency Async Engine,298,1389.196225277,0.3519,none,NONE,NONE
Dual-Frequency Async Engine,299,1389.206834149,0.3625,none,NONE,NONE
Dual-Frequency Async Engine,300,1389.217522026,0.3732,fallback,STAGE_3,VELOCITY_LIMIT_BREACH
Dual-Frequency Async Engine,301,1389.228156042,0.3838,intercepted,NONE,NONE
Dual-Frequency Async Engine,302,1389.238714382,0.3943,none,NONE,NONE
Dual-Frequency Async Engine,303,1389.249256545,0.4049,none,NONE,NONE
Dual-Frequency Async Engine,304,1389.259819861,0.4154,intercepted,NONE,NONE
Dual-Frequency Async Engine,305,1389.270560915,0.4262,none,NONE,NONE
Dual-Frequency Async Engine,306,1389.281221474,0.4369,fallback,STAGE_3,VELOCITY_LIMIT_BREACH
Dual-Frequency Async Engine,307,1389.291764508,0.4474,none,NONE,NONE
Dual-Frequency Async Engine,308,1389.302408336,0.458,intercepted,NONE,NONE
Dual-Frequency Async Engine,309,1389.313112597,0.4687,fallback,STAGE_3,VELOCITY_LIMIT_BREACH
Dual-Frequency Async Engine,310,1389.323804147,0.4794,fallback,STAGE_1,JSON_OR_VALIDATION_ERROR
Dual-Frequency Async Engine,311,1389.33453635,0.4902,none,NONE,NONE
Dual-Frequency Async Engine,312,1389.345522995,0.0001,none,NONE,NONE
Dual-Frequency Async Engine,313,1389.356137451,0.0107,fallback,STAGE_3,VELOCITY_LIMIT_BREACH
Dual-Frequency Async Engine,314,1389.366567119,0.0212,none,NONE,NONE
Dual-Frequency Async Engine,315,1389.377165989,0.0318,none,NONE,NONE
Dual-Frequency Async Engine,316,1389.387706761,0.0423,none,NONE,NONE
Dual-Frequency Async Engine,317,1389.398287135,0.0529,none,NONE,NONE
Dual-Frequency Async Engine,318,1389.408796024,0.0634,none,NONE,NONE
Dual-Frequency Async Engine,319,1389.419484826,0.0741,none,NONE,NONE
Dual-Frequency Async Engine,320,1389.430147288,0.0848,none,NONE,NONE
Dual-Frequency Async Engine,321,1389.440710043,0.0953,fallback,STAGE_3,VELOCITY_LIMIT_BREACH
Dual-Frequency Async Engine,322,1389.451503834,0.1061,none,NONE,NONE
Dual-Frequency Async Engine,323,1389.462165738,0.1168,none,NONE,NONE
Dual-Frequency Async Engine,324,1389.472715274,0.1273,none,NONE,NONE
Dual-Frequency Async Engine,325,1389.483467498,0.1381,fallback,STAGE_3,VELOCITY_LIMIT_BREACH
Dual-Frequency Async Engine,326,1389.494157624,0.1488,none,NONE,NONE
Dual-Frequency Async Engine,327,1389.504782962,0.1594,none,NONE,NONE
Dual-Frequency Async Engine,328,1389.515422727,0.17,intercepted,NONE,NONE
Dual-Frequency Async Engine,329,1389.525982389,0.1806,fallback,STAGE_3,VELOCITY_LIMIT_BREACH
Dual-Frequency Async Engine,330,1389.537593904,0.1922,intercepted,NONE,NONE
Dual-Frequency Async Engine,331,1389.54836478,0.203,none,NONE,NONE
Dual-Frequency Async Engine,332,1389.55890843,0.2135,none,NONE,NONE
Dual-Frequency Async Engine,333,1389.569509955,0.2241,none,NONE,NONE
Dual-Frequency Async Engine,334,1389.580138841,0.2347,fallback,STAGE_3,VELOCITY_LIMIT_BREACH
Dual-Frequency Async Engine,335,1389.590716005,0.2453,fallback,STAGE_3,VELOCITY_LIMIT_BREACH
Dual-Frequency Async Engine,336,1389.601428396,0.256,intercepted,NONE,NONE
Dual-Frequency Async Engine,337,1389.611946229,0.2666,none,NONE,NONE
Dual-Frequency Async Engine,338,1389.622568173,0.2772,none,NONE,NONE
Dual-Frequency Async Engine,339,1389.633166461,0.2878,none,NONE,NONE
Dual-Frequency Async Engine,340,1389.643773253,0.2984,none,NONE,NONE
Dual-Frequency Async Engine,341,1389.654433944,0.309,intercepted,NONE,NONE
Dual-Frequency Async Engine,342,1389.665106767,0.3197,fallback,STAGE_3,VELOCITY_LIMIT_BREACH
Dual-Frequency Async Engine,343,1389.675680884,0.3303,none,NONE,NONE
Dual-Frequency Async Engine,344,1389.686249348,0.3409,none,NONE,NONE
Dual-Frequency Async Engine,345,1389.69690418,0.3515,none,NONE,NONE
Dual-Frequency Async Engine,346,1389.707478326,0.3621,fallback,STAGE_3,VELOCITY_LIMIT_BREACH
Dual-Frequency Async Engine,347,1389.718182563,0.3728,none,NONE,NONE
Dual-Frequency Async Engine,348,1389.728736494,0.3833,none,NONE,NONE
Dual-Frequency Async Engine,349,1389.739485944,0.3941,none,NONE,NONE
Dual-Frequency Async Engine,350,1389.750163768,0.4048,intercepted,NONE,NONE
Dual-Frequency Async Engine,351,1389.760715821,0.4153,intercepted,NONE,NONE
Dual-Frequency Async Engine,352,1389.771467302,0.4261,fallback,STAGE_3,VELOCITY_LIMIT_BREACH
Dual-Frequency Async Engine,353,1389.782119379,0.4367,none,NONE,NONE
Dual-Frequency Async Engine,354,1389.792736481,0.4473,none,NONE,NONE
Dual-Frequency Async Engine,355,1389.803405923,0.458,none,NONE,NONE
Dual-Frequency Async Engine,356,1389.813931543,0.4685,none,NONE,NONE
Dual-Frequency Async Engine,357,1389.824425871,0.479,none,NONE,NONE
Dual-Frequency Async Engine,358,1389.835081434,0.4897,fallback,STAGE_3,VELOCITY_LIMIT_BREACH
Dual-Frequency Async Engine,359,1389.845604122,0.5002,none,NONE,NONE
Dual-Frequency Async Engine,360,1389.856501798,0.0107,fallback,STAGE_3,VELOCITY_LIMIT_BREACH
Dual-Frequency Async Engine,361,1389.867151245,0.0213,fallback,STAGE_3,VELOCITY_LIMIT_BREACH
Dual-Frequency Async Engine,362,1389.877674617,0.0319,intercepted,NONE,NONE
Dual-Frequency Async Engine,363,1389.888204334,0.0424,fallback,STAGE_3,VELOCITY_LIMIT_BREACH
Dual-Frequency Async Engine,364,1389.898817527,0.053,none,NONE,NONE
Dual-Frequency Async Engine,365,1389.909395818,0.0636,none,NONE,NONE
Dual-Frequency Async Engine,366,1389.919929125,0.0741,fallback,STAGE_3,VELOCITY_LIMIT_BREACH
Dual-Frequency Async Engine,367,1389.930454831,0.0846,intercepted,NONE,NONE
Dual-Frequency Async Engine,368,1389.940955205,0.0951,none,NONE,NONE
Dual-Frequency Async Engine,369,1389.951454409,0.1056,none,NONE,NONE
Dual-Frequency Async Engine,370,1389.961901414,0.1161,none,NONE,NONE
Dual-Frequency Async Engine,371,1389.972493154,0.1267,none,NONE,NONE
Dual-Frequency Async Engine,372,1389.983154534,0.1373,none,NONE,NONE
Dual-Frequency Async Engine,373,1389.993756413,0.1479,none,NONE,NONE
Dual-Frequency Async Engine,374,1390.00436923,0.1586,fallback,STAGE_3,VELOCITY_LIMIT_BREACH
Dual-Frequency Async Engine,375,1390.014939823,0.1691,intercepted,NONE,NONE
Dual-Frequency Async Engine,376,1390.02548421,0.1797,intercepted,NONE,NONE
Dual-Frequency Async Engine,377,1390.036145564,0.1903,intercepted,NONE,NONE
Dual-Frequency Async Engine,378,1390.046916147,0.2011,fallback,STAGE_3,VELOCITY_LIMIT_BREACH
Dual-Frequency Async Engine,379,1390.057531775,0.2117,intercepted,NONE,NONE
Dual-Frequency Async Engine,380,1390.068170579,0.2224,none,NONE,NONE
Dual-Frequency Async Engine,381,1390.078793932,0.233,none,NONE,NONE
Dual-Frequency Async Engine,382,1390.089430949,0.2436,none,NONE,NONE
Dual-Frequency Async Engine,383,1390.099907071,0.2541,intercepted,NONE,NONE
Dual-Frequency Async Engine,384,1390.11042825,0.2646,fallback,STAGE_3,VELOCITY_LIMIT_BREACH
Dual-Frequency Async Engine,385,1390.121090726,0.2753,none,NONE,NONE
Dual-Frequency Async Engine,386,1390.131684478,0.2859,none,NONE,NONE
Dual-Frequency Async Engine,387,1390.142437019,0.2966,none,NONE,NONE
Dual-Frequency Async Engine,388,1390.152946316,0.3071,fallback,STAGE_1,JSON_OR_VALIDATION_ERROR
Dual-Frequency Async Engine,389,1390.163446655,0.3176,intercepted,NONE,NONE
Dual-Frequency Async Engine,390,1390.174098145,0.3283,none,NONE,NONE
Dual-Frequency Async Engine,391,1390.184597714,0.3388,intercepted,NONE,NONE
Dual-Frequency Async Engine,392,1390.195186571,0.3494,none,NONE,NONE
Dual-Frequency Async Engine,393,1390.205758699,0.3599,none,NONE,NONE
Dual-Frequency Async Engine,394,1390.216410533,0.3706,none,NONE,NONE
Dual-Frequency Async Engine,395,1390.226989223,0.3812,intercepted,NONE,NONE
Dual-Frequency Async Engine,396,1390.237668375,0.3919,none,NONE,NONE
Dual-Frequency Async Engine,397,1390.248325778,0.4025,fallback,STAGE_3,VELOCITY_LIMIT_BREACH
Dual-Frequency Async Engine,398,1390.258887382,0.4131,fallback,STAGE_3,VELOCITY_LIMIT_BREACH
Dual-Frequency Async Engine,399,1390.269455928,0.4236,none,NONE,NONE
Dual-Frequency Async Engine,400,1390.280100572,0.4343,none,NONE,NONE
Dual-Frequency Async Engine,401,1390.290660207,0.4448,none,NONE,NONE
Dual-Frequency Async Engine,402,1390.301414816,0.4556,none,NONE,NONE
Dual-Frequency Async Engine,403,1390.311989053,0.4662,none,NONE,NONE
Dual-Frequency Async Engine,404,1390.322681162,0.4769,none,NONE,NONE
Dual-Frequency Async Engine,405,1390.333348031,0.4875,intercepted,NONE,NONE
Dual-Frequency Async Engine,406,1390.343883568,0.4981,none,NONE,NONE
Dual-Frequency Async Engine,407,1390.354832149,0.0086,none,NONE,NONE
Dual-Frequency Async Engine,408,1390.365402687,0.0191,none,NONE,NONE
Dual-Frequency Async Engine,409,1390.375913008,0.0297,none,NONE,NONE
Dual-Frequency Async Engine,410,1390.38646272,0.0402,none,NONE,NONE
Dual-Frequency Async Engine,411,1390.39717147,0.0509,none,NONE,NONE
Dual-Frequency Async Engine,412,1390.407967937,0.0617,fallback,STAGE_1,JSON_OR_VALIDATION_ERROR
Dual-Frequency Async Engine,413,1390.418496705,0.0722,none,NONE,NONE
Dual-Frequency Async Engine,414,1390.429065727,0.0828,none,NONE,NONE
Dual-Frequency Async Engine,415,1390.439589331,0.0933,none,NONE,NONE
Dual-Frequency Async Engine,416,1390.45011653,0.1039,none,NONE,NONE
Dual-Frequency Async Engine,417,1390.460676628,0.1144,none,NONE,NONE
Dual-Frequency Async Engine,418,1390.471402475,0.1251,none,NONE,NONE
Dual-Frequency Async Engine,419,1390.482066771,0.1358,none,NONE,NONE
Dual-Frequency Async Engine,420,1390.492635032,0.1464,fallback,STAGE_3,VELOCITY_LIMIT_BREACH
Dual-Frequency Async Engine,421,1390.503162998,0.1569,intercepted,NONE,NONE
Dual-Frequency Async Engine,422,1390.513709136,0.1675,none,NONE,NONE
Dual-Frequency Async Engine,423,1390.524342708,0.1781,none,NONE,NONE
Dual-Frequency Async Engine,424,1390.534986992,0.1887,intercepted,NONE,NONE
Dual-Frequency Async Engine,425,1390.545571842,0.1993,none,NONE,NONE
Dual-Frequency Async Engine,426,1390.556391474,0.2101,fallback,STAGE_3,VELOCITY_LIMIT_BREACH
Dual-Frequency Async Engine,427,1390.566920998,0.2207,none,NONE,NONE
Dual-Frequency Async Engine,428,1390.577467218,0.2312,intercepted,NONE,NONE
Dual-Frequency Async Engine,429,1390.588164021,0.2419,fallback,STAGE_3,VELOCITY_LIMIT_BREACH
Dual-Frequency Async Engine,430,1390.598740752,0.2525,fallback,STAGE_1,JSON_OR_VALIDATION_ERROR
Dual-Frequency Async Engine,431,1390.609443263,0.2632,none,NONE,NONE
Dual-Frequency Async Engine,432,1390.620054943,0.2738,none,NONE,NONE
Dual-Frequency Async Engine,433,1390.630710534,0.2845,fallback,STAGE_3,VELOCITY_LIMIT_BREACH
Dual-Frequency Async Engine,434,1390.641410436,0.2952,none,NONE,NONE
Dual-Frequency Async Engine,435,1390.651907902,0.3056,none,NONE,NONE
Dual-Frequency Async Engine,436,1390.662474656,0.3162,none,NONE,NONE
Dual-Frequency Async Engine,437,1390.673146909,0.3269,none,NONE,NONE
Dual-Frequency Async Engine,438,1390.683717157,0.3375,none,NONE,NONE
Dual-Frequency Async Engine,439,1390.694293142,0.348,none,NONE,NONE
Dual-Frequency Async Engine,440,1390.704888405,0.3586,none,NONE,NONE
Dual-Frequency Async Engine,441,1390.71541101,0.3692,fallback,STAGE_3,VELOCITY_LIMIT_BREACH
Dual-Frequency Async Engine,442,1390.72596512,0.3797,none,NONE,NONE
Dual-Frequency Async Engine,443,1390.736569646,0.3903,none,NONE,NONE
Dual-Frequency Async Engine,444,1390.747141745,0.4009,none,NONE,NONE
Dual-Frequency Async Engine,445,1390.757745674,0.4115,fallback,STAGE_3,VELOCITY_LIMIT_BREACH
Dual-Frequency Async Engine,446,1390.768415503,0.4222,none,NONE,NONE
Dual-Frequency Async Engine,447,1390.778918291,0.4327,none,NONE,NONE
Dual-Frequency Async Engine,448,1390.789453745,0.4432,intercepted,NONE,NONE
Dual-Frequency Async Engine,449,1390.799961383,0.4537,fallback,STAGE_3,VELOCITY_LIMIT_BREACH
Dual-Frequency Async Engine,450,1390.810599577,0.4643,intercepted,NONE,NONE
Dual-Frequency Async Engine,451,1390.821121792,0.4749,none,NONE,NONE
Dual-Frequency Async Engine,452,1390.831696738,0.4854,none,NONE,NONE
Dual-Frequency Async Engine,453,1390.84229153,0.496,none,NONE,NONE
Dual-Frequency Async Engine,454,1390.853161564,0.0054,fallback,STAGE_3,VELOCITY_LIMIT_BREACH
Dual-Frequency Async Engine,455,1390.863732176,0.016,fallback,STAGE_3,VELOCITY_LIMIT_BREACH
Dual-Frequency Async Engine,456,1390.874407545,0.0267,intercepted,NONE,NONE
Dual-Frequency Async Engine,457,1390.884900051,0.0372,none,NONE,NONE
Dual-Frequency Async Engine,458,1390.895486179,0.0477,none,NONE,NONE
Dual-Frequency Async Engine,459,1390.906136789,0.0584,none,NONE,NONE
Dual-Frequency Async Engine,460,1390.916724719,0.069,none,NONE,NONE
Dual-Frequency Async Engine,461,1390.927424687,0.0797,intercepted,NONE,NONE
Dual-Frequency Async Engine,462,1390.937972443,0.0902,fallback,STAGE_3,VELOCITY_LIMIT_BREACH
Dual-Frequency Async Engine,463,1390.948637506,0.1009,none,NONE,NONE
Dual-Frequency Async Engine,464,1390.959205948,0.1115,none,NONE,NONE
Dual-Frequency Async Engine,465,1390.969698368,0.122,none,NONE,NONE
Dual-Frequency Async Engine,466,1390.980295871,0.1326,fallback,STAGE_3,VELOCITY_LIMIT_BREACH
Dual-Frequency Async Engine,467,1390.990834404,0.1431,none,NONE,NONE
Dual-Frequency Async Engine,468,1391.001591326,0.1539,none,NONE,NONE
Dual-Frequency Async Engine,469,1391.012119538,0.1644,none,NONE,NONE
Dual-Frequency Async Engine,470,1391.022680439,0.1749,intercepted,NONE,NONE
Dual-Frequency Async Engine,471,1391.033228291,0.1855,intercepted,NONE,NONE
Dual-Frequency Async Engine,472,1391.043823828,0.1961,fallback,STAGE_3,VELOCITY_LIMIT_BREACH
Dual-Frequency Async Engine,473,1391.054725567,0.207,none,NONE,NONE
Dual-Frequency Async Engine,474,1391.065412681,0.2177,none,NONE,NONE
Dual-Frequency Async Engine,475,1391.07595777,0.2282,none,NONE,NONE
Dual-Frequency Async Engine,476,1391.086652731,0.2389,none,NONE,NONE
Dual-Frequency Async Engine,477,1391.097224553,0.2495,none,NONE,NONE
Dual-Frequency Async Engine,478,1391.107787092,0.26,fallback,STAGE_3,VELOCITY_LIMIT_BREACH
Dual-Frequency Async Engine,479,1391.118559354,0.2708,none,NONE,NONE
Dual-Frequency Async Engine,480,1391.129181167,0.2814,fallback,STAGE_3,VELOCITY_LIMIT_BREACH
Dual-Frequency Async Engine,481,1391.139811223,0.2921,fallback,STAGE_3,VELOCITY_LIMIT_BREACH
Dual-Frequency Async Engine,482,1391.150397364,0.3027,intercepted,NONE,NONE
Dual-Frequency Async Engine,483,1391.160871557,0.3131,fallback,STAGE_3,VELOCITY_LIMIT_BREACH
Dual-Frequency Async Engine,484,1391.171340289,0.3236,none,NONE,NONE
Dual-Frequency Async Engine,485,1391.181890078,0.3342,none,NONE,NONE
Dual-Frequency Async Engine,486,1391.192408255,0.3447,fallback,STAGE_3,VELOCITY_LIMIT_BREACH
Dual-Frequency Async Engine,487,1391.203112477,0.3554,intercepted,NONE,NONE
Dual-Frequency Async Engine,488,1391.213636596,0.3659,none,NONE,NONE
Dual-Frequency Async Engine,489,1391.224191343,0.3765,none,NONE,NONE
Dual-Frequency Async Engine,490,1391.234719668,0.387,none,NONE,NONE
Dual-Frequency Async Engine,491,1391.245279435,0.3975,none,NONE,NONE
Dual-Frequency Async Engine,492,1391.255939074,0.4082,none,NONE,NONE
Dual-Frequency Async Engine,493,1391.266571464,0.4188,none,NONE,NONE
Dual-Frequency Async Engine,494,1391.277117965,0.4294,fallback,STAGE_3,VELOCITY_LIMIT_BREACH
Dual-Frequency Async Engine,495,1391.287681958,0.4399,intercepted,NONE,NONE
Dual-Frequency Async Engine,496,1391.298322819,0.4506,intercepted,NONE,NONE
Dual-Frequency Async Engine,497,1391.3088761,0.4611,intercepted,NONE,NONE
Dual-Frequency Async Engine,498,1391.319476279,0.4717,fallback,STAGE_3,VELOCITY_LIMIT_BREACH
Dual-Frequency Async Engine,499,1391.330090311,0.4824,intercepted,NONE,NONE
Dual-Frequency Async Engine,500,1391.340753939,0.493,none,NONE,NONE
Dual-Frequency Async Engine,501,1391.351764924,0.0043,none,NONE,NONE
Dual-Frequency Async Engine,502,1391.362352032,0.0149,none,NONE,NONE
Dual-Frequency Async Engine,503,1391.372941059,0.0255,intercepted,NONE,NONE
Dual-Frequency Async Engine,504,1391.383460397,0.036,fallback,STAGE_3,VELOCITY_LIMIT_BREACH
Dual-Frequency Async Engine,505,1391.394108033,0.0466,none,NONE,NONE
Dual-Frequency Async Engine,506,1391.40465532,0.0572,none,NONE,NONE
Dual-Frequency Async Engine,507,1391.415213876,0.0677,none,NONE,NONE
Dual-Frequency Async Engine,508,1391.425793535,0.0783,fallback,STAGE_1,JSON_OR_VALIDATION_ERROR
Dual-Frequency Async Engine,509,1391.436340689,0.0889,intercepted,NONE,NONE
Dual-Frequency Async Engine,510,1391.446903859,0.0994,none,NONE,NONE
Dual-Frequency Async Engine,511,1391.457414579,0.1099,intercepted,NONE,NONE
Dual-Frequency Async Engine,512,1391.467880806,0.1204,none,NONE,NONE
Dual-Frequency Async Engine,513,1391.478365314,0.1309,none,NONE,NONE
Dual-Frequency Async Engine,514,1391.488846801,0.1414,none,NONE,NONE
Dual-Frequency Async Engine,515,1391.499334754,0.1518,intercepted,NONE,NONE
Dual-Frequency Async Engine,516,1391.509838285,0.1623,none,NONE,NONE
Dual-Frequency Async Engine,517,1391.520371496,0.1729,fallback,STAGE_3,VELOCITY_LIMIT_BREACH
Dual-Frequency Async Engine,518,1391.530917661,0.1834,fallback,STAGE_3,VELOCITY_LIMIT_BREACH
Dual-Frequency Async Engine,519,1391.541459541,0.194,none,NONE,NONE
Dual-Frequency Async Engine,520,1391.552103034,0.2046,none,NONE,NONE
Dual-Frequency Async Engine,521,1391.562678985,0.2152,none,NONE,NONE
Dual-Frequency Async Engine,522,1391.573293758,0.2258,none,NONE,NONE
Dual-Frequency Async Engine,523,1391.583825537,0.2363,none,NONE,NONE
Dual-Frequency Async Engine,524,1391.594426087,0.2469,none,NONE,NONE
Dual-Frequency Async Engine,525,1391.604960829,0.2575,intercepted,NONE,NONE
Dual-Frequency Async Engine,526,1391.615677805,0.2682,none,NONE,NONE
Dual-Frequency Async Engine,527,1391.626291274,0.2788,none,NONE,NONE
Dual-Frequency Async Engine,528,1391.636877822,0.2894,none,NONE,NONE
Dual-Frequency Async Engine,529,1391.647475831,0.3,none,NONE,NONE
Dual-Frequency Async Engine,530,1391.658001457,0.3105,none,NONE,NONE
Dual-Frequency Async Engine,531,1391.668588483,0.3211,none,NONE,NONE
Dual-Frequency Async Engine,532,1391.679176493,0.3317,fallback,STAGE_1,JSON_OR_VALIDATION_ERROR
Dual-Frequency Async Engine,533,1391.689839041,0.3423,none,NONE,NONE
Dual-Frequency Async Engine,534,1391.700473145,0.353,none,NONE,NONE
Dual-Frequency Async Engine,535,1391.711148553,0.3637,none,NONE,NONE
Dual-Frequency Async Engine,536,1391.721705709,0.3742,none,NONE,NONE
Dual-Frequency Async Engine,537,1391.73242407,0.3849,none,NONE,NONE
Dual-Frequency Async Engine,538,1391.743099522,0.3956,none,NONE,NONE
Dual-Frequency Async Engine,539,1391.753653516,0.4062,none,NONE,NONE
Dual-Frequency Async Engine,540,1391.764228676,0.4167,fallback,STAGE_3,VELOCITY_LIMIT_BREACH
Dual-Frequency Async Engine,541,1391.774809784,0.4273,intercepted,NONE,NONE
Dual-Frequency Async Engine,542,1391.785415228,0.4379,none,NONE,NONE
Dual-Frequency Async Engine,543,1391.795997026,0.4485,none,NONE,NONE
Dual-Frequency Async Engine,544,1391.806848055,0.4594,intercepted,NONE,NONE
Dual-Frequency Async Engine,545,1391.817465897,0.47,none,NONE,NONE
Dual-Frequency Async Engine,546,1391.828135186,0.4806,fallback,STAGE_3,VELOCITY_LIMIT_BREACH
Dual-Frequency Async Engine,547,1391.838681144,0.4912,none,NONE,NONE
Dual-Frequency Async Engine,548,1391.849707248,0.0013,intercepted,NONE,NONE
Dual-Frequency Async Engine,549,1391.860386871,0.012,fallback,STAGE_3,VELOCITY_LIMIT_BREACH
Dual-Frequency Async Engine,550,1391.870877075,0.0225,fallback,STAGE_1,JSON_OR_VALIDATION_ERROR
Dual-Frequency Async Engine,551,1391.881472308,0.0331,none,NONE,NONE
Dual-Frequency Async Engine,552,1391.892121748,0.0437,none,NONE,NONE
Dual-Frequency Async Engine,553,1391.902815077,0.0544,fallback,STAGE_3,VELOCITY_LIMIT_BREACH
Dual-Frequency Async Engine,554,1391.913541579,0.0651,none,NONE,NONE
Dual-Frequency Async Engine,555,1391.924183705,0.0758,none,NONE,NONE
Dual-Frequency Async Engine,556,1391.934722711,0.0863,none,NONE,NONE
Dual-Frequency Async Engine,557,1391.945430671,0.097,none,NONE,NONE
Dual-Frequency Async Engine,558,1391.955986172,0.1076,none,NONE,NONE
Dual-Frequency Async Engine,559,1391.96678482,0.1184,none,NONE,NONE
Dual-Frequency Async Engine,560,1391.977371777,0.129,none,NONE,NONE
Dual-Frequency Async Engine,561,1391.98789938,0.1395,fallback,STAGE_3,VELOCITY_LIMIT_BREACH
Dual-Frequency Async Engine,562,1391.99855365,0.1501,none,NONE,NONE
Dual-Frequency Async Engine,563,1392.009183567,0.1608,none,NONE,NONE
Dual-Frequency Async Engine,564,1392.019830687,0.1714,none,NONE,NONE
Dual-Frequency Async Engine,565,1392.030397069,0.182,fallback,STAGE_3,VELOCITY_LIMIT_BREACH
Dual-Frequency Async Engine,566,1392.040959262,0.1926,none,NONE,NONE
Dual-Frequency Async Engine,567,1392.051865645,0.2035,none,NONE,NONE
Dual-Frequency Async Engine,568,1392.062546785,0.2141,intercepted,NONE,NONE
Dual-Frequency Async Engine,569,1392.073126684,0.2247,fallback,STAGE_3,VELOCITY_LIMIT_BREACH
Dual-Frequency Async Engine,570,1392.083773501,0.2354,intercepted,NONE,NONE
Dual-Frequency Async Engine,571,1392.094452759,0.246,none,NONE,NONE
Dual-Frequency Async Engine,572,1392.105109623,0.2567,none,NONE,NONE
Dual-Frequency Async Engine,573,1392.115895056,0.2675,none,NONE,NONE
Dual-Frequency Async Engine,574,1392.126483493,0.2781,fallback,STAGE_3,VELOCITY_LIMIT_BREACH
Dual-Frequency Async Engine,575,1392.13709818,0.2887,fallback,STAGE_3,VELOCITY_LIMIT_BREACH
Dual-Frequency Async Engine,576,1392.147687448,0.2993,intercepted,NONE,NONE
Dual-Frequency Async Engine,577,1392.158296141,0.3099,none,NONE,NONE
Dual-Frequency Async Engine,578,1392.168854058,0.3204,none,NONE,NONE
Dual-Frequency Async Engine,579,1392.179537632,0.3311,none,NONE,NONE
Dual-Frequency Async Engine,580,1392.190144051,0.3417,none,NONE,NONE
Dual-Frequency Async Engine,581,1392.200689668,0.3523,intercepted,NONE,NONE
Dual-Frequency Async Engine,582,1392.211211111,0.3628,fallback,STAGE_3,VELOCITY_LIMIT_BREACH
Dual-Frequency Async Engine,583,1392.22179652,0.3734,none,NONE,NONE
Dual-Frequency Async Engine,584,1392.232522643,0.3841,none,NONE,NONE
Dual-Frequency Async Engine,585,1392.243112366,0.3947,none,NONE,NONE
Dual-Frequency Async Engine,586,1392.253750474,0.4053,fallback,STAGE_3,VELOCITY_LIMIT_BREACH
Dual-Frequency Async Engine,587,1392.264389943,0.416,none,NONE,NONE
Dual-Frequency Async Engine,588,1392.274954231,0.4265,none,NONE,NONE
Dual-Frequency Async Engine,589,1392.285591911,0.4372,none,NONE,NONE
Dual-Frequency Async Engine,590,1392.29615551,0.4477,intercepted,NONE,NONE
Dual-Frequency Async Engine,591,1392.306756391,0.4584,intercepted,NONE,NONE
Dual-Frequency Async Engine,592,1392.317353733,0.4689,fallback,STAGE_3,VELOCITY_LIMIT_BREACH
Dual-Frequency Async Engine,593,1392.327809935,0.4794,none,NONE,NONE
Dual-Frequency Async Engine,594,1392.338533117,0.4901,none,NONE,NONE
Dual-Frequency Async Engine,595,1392.349123869,0.5007,none,NONE,NONE
Dual-Frequency Async Engine,596,1392.35997938,0.0107,none,NONE,NONE
Dual-Frequency Async Engine,597,1392.370751687,0.0214,none,NONE,NONE
Dual-Frequency Async Engine,598,1392.381374146,0.032,fallback,STAGE_3,VELOCITY_LIMIT_BREACH
Dual-Frequency Async Engine,599,1392.391951028,0.0426,none,NONE,NONE
Dual-Frequency Async Engine,600,1392.402636225,0.0533,fallback,STAGE_3,VELOCITY_LIMIT_BREACH
Dual-Frequency Async Engine,601,1392.413199883,0.0639,fallback,STAGE_3,VELOCITY_LIMIT_BREACH
Dual-Frequency Async Engine,602,1392.423855423,0.0745,intercepted,NONE,NONE
Dual-Frequency Async Engine,603,1392.43461509,0.0853,fallback,STAGE_3,VELOCITY_LIMIT_BREACH
Dual-Frequency Async Engine,604,1392.445187092,0.0959,none,NONE,NONE
Dual-Frequency Async Engine,605,1392.455810338,0.1065,none,NONE,NONE
Dual-Frequency Async Engine,606,1392.466352443,0.117,fallback,STAGE_3,VELOCITY_LIMIT_BREACH
Dual-Frequency Async Engine,607,1392.47689201,0.1276,intercepted,NONE,NONE
Dual-Frequency Async Engine,608,1392.487487346,0.1382,none,NONE,NONE
Dual-Frequency Async Engine,609,1392.498112801,0.1488,none,NONE,NONE
Dual-Frequency Async Engine,610,1392.508687002,0.1594,none,NONE,NONE
Dual-Frequency Async Engine,611,1392.519296028,0.17,none,NONE,NONE
Dual-Frequency Async Engine,612,1392.529885482,0.1806,none,NONE,NONE
Dual-Frequency Async Engine,613,1392.540496162,0.1912,none,NONE,NONE
Dual-Frequency Async Engine,614,1392.551424076,0.2021,fallback,STAGE_3,VELOCITY_LIMIT_BREACH
Dual-Frequency Async Engine,615,1392.562096243,0.2128,intercepted,NONE,NONE
Dual-Frequency Async Engine,616,1392.572732359,0.2234,intercepted,NONE,NONE
Dual-Frequency Async Engine,617,1392.583519257,0.2342,intercepted,NONE,NONE
Dual-Frequency Async Engine,618,1392.594281723,0.245,fallback,STAGE_3,VELOCITY_LIMIT_BREACH
Dual-Frequency Async Engine,619,1392.604850109,0.2555,intercepted,NONE,NONE
Dual-Frequency Async Engine,620,1392.615459747,0.2661,none,NONE,NONE
Dual-Frequency Async Engine,621,1392.626077392,0.2767,none,NONE,NONE
Dual-Frequency Async Engine,622,1392.636577112,0.2872,none,NONE,NONE
Dual-Frequency Async Engine,623,1392.647215793,0.2979,intercepted,NONE,NONE
Dual-Frequency Async Engine,624,1392.657801148,0.3085,fallback,STAGE_3,VELOCITY_LIMIT_BREACH
Dual-Frequency Async Engine,625,1392.668520549,0.3192,none,NONE,NONE
Dual-Frequency Async Engine,626,1392.679148053,0.3298,none,NONE,NONE
Dual-Frequency Async Engine,627,1392.68974955,0.3404,none,NONE,NONE
Dual-Frequency Async Engine,628,1392.700456649,0.3511,fallback,STAGE_1,JSON_OR_VALIDATION_ERROR
Dual-Frequency Async Engine,629,1392.711118668,0.3618,intercepted,NONE,NONE
Dual-Frequency Async Engine,630,1392.721688075,0.3724,none,NONE,NONE
Dual-Frequency Async Engine,631,1392.732210959,0.3829,intercepted,NONE,NONE
Dual-Frequency Async Engine,632,1392.742796757,0.3935,none,NONE,NONE
Dual-Frequency Async Engine,633,1392.753399173,0.4041,none,NONE,NONE
Dual-Frequency Async Engine,634,1392.763991164,0.4147,none,NONE,NONE
Dual-Frequency Async Engine,635,1392.774835059,0.4255,intercepted,NONE,NONE
Dual-Frequency Async Engine,636,1392.785445401,0.4361,none,NONE,NONE
Dual-Frequency Async Engine,637,1392.796116255,0.4468,fallback,STAGE_3,VELOCITY_LIMIT_BREACH
Dual-Frequency Async Engine,638,1392.806778038,0.4575,fallback,STAGE_3,VELOCITY_LIMIT_BREACH
Dual-Frequency Async Engine,639,1392.817410991,0.4681,none,NONE,NONE
Dual-Frequency Async Engine,640,1392.82798885,0.4787,none,NONE,NONE
Dual-Frequency Async Engine,641,1392.838639099,0.4893,none,NONE,NONE
Dual-Frequency Async Engine,642,1392.84913861,0.4998,none,NONE,NONE
Dual-Frequency Async Engine,643,1392.860072561,0.0107,none,NONE,NONE
Dual-Frequency Async Engine,644,1392.87071647,0.0214,none,NONE,NONE
Dual-Frequency Async Engine,645,1392.881314216,0.032,intercepted,NONE,NONE
Dual-Frequency Async Engine,646,1392.891889,0.0425,none,NONE,NONE
Dual-Frequency Async Engine,647,1392.902435209,0.0531,none,NONE,NONE
Dual-Frequency Async Engine,648,1392.913136451,0.0638,none,NONE,NONE
Dual-Frequency Async Engine,649,1392.923684695,0.0743,none,NONE,NONE
Dual-Frequency Async Engine,650,1392.934316211,0.085,none,NONE,NONE
Dual-Frequency Async Engine,651,1392.944857967,0.0955,none,NONE,NONE
Dual-Frequency Async Engine,652,1392.955429281,0.1061,fallback,STAGE_1,JSON_OR_VALIDATION_ERROR
Dual-Frequency Async Engine,653,1392.965925189,0.1166,none,NONE,NONE
Dual-Frequency Async Engine,654,1392.976925362,0.1276,none,NONE,NONE
Dual-Frequency Async Engine,655,1392.987448242,0.1381,none,NONE,NONE
Dual-Frequency Async Engine,656,1392.997975236,0.1486,none,NONE,NONE
Dual-Frequency Async Engine,657,1393.008483316,0.1591,none,NONE,NONE
Dual-Frequency Async Engine,658,1393.019131533,0.1698,none,NONE,NONE
Dual-Frequency Async Engine,659,1393.029683752,0.1803,none,NONE,NONE
Dual-Frequency Async Engine,660,1393.0402049,0.1908,fallback,STAGE_3,VELOCITY_LIMIT_BREACH
Dual-Frequency Async Engine,661,1393.051079286,0.2017,intercepted,NONE,NONE
Dual-Frequency Async Engine,662,1393.061682959,0.2123,none,NONE,NONE
Dual-Frequency Async Engine,663,1393.072249911,0.2229,none,NONE,NONE
Dual-Frequency Async Engine,664,1393.082775754,0.2334,intercepted,NONE,NONE
Dual-Frequency Async Engine,665,1393.093362245,0.244,none,NONE,NONE
Dual-Frequency Async Engine,666,1393.103877493,0.2545,fallback,STAGE_3,VELOCITY_LIMIT_BREACH
Dual-Frequency Async Engine,667,1393.114463786,0.2651,none,NONE,NONE
Dual-Frequency Async Engine,668,1393.125098757,0.2757,intercepted,NONE,NONE
Dual-Frequency Async Engine,669,1393.135861793,0.2865,fallback,STAGE_3,VELOCITY_LIMIT_BREACH
Dual-Frequency Async Engine,670,1393.14645417,0.2971,fallback,STAGE_1,JSON_OR_VALIDATION_ERROR
Dual-Frequency Async Engine,671,1393.156987858,0.3076,none,NONE,NONE
Dual-Frequency Async Engine,672,1393.167597837,0.3182,none,NONE,NONE
Dual-Frequency Async Engine,673,1393.178205757,0.3288,fallback,STAGE_3,VELOCITY_LIMIT_BREACH
Dual-Frequency Async Engine,674,1393.188732345,0.3394,none,NONE,NONE
Dual-Frequency Async Engine,675,1393.199329246,0.35,none,NONE,NONE
Dual-Frequency Async Engine,676,1393.209856382,0.3605,none,NONE,NONE
Dual-Frequency Async Engine,677,1393.220478043,0.3711,none,NONE,NONE
Dual-Frequency Async Engine,678,1393.231140518,0.3818,none,NONE,NONE
Dual-Frequency Async Engine,679,1393.241705233,0.3923,none,NONE,NONE
Dual-Frequency Async Engine,680,1393.252277987,0.4029,none,NONE,NONE
Dual-Frequency Async Engine,681,1393.262855268,0.4135,fallback,STAGE_3,VELOCITY_LIMIT_BREACH
Dual-Frequency Async Engine,682,1393.273578634,0.4242,none,NONE,NONE
Dual-Frequency Async Engine,683,1393.284178635,0.4348,none,NONE,NONE
Dual-Frequency Async Engine,684,1393.294847466,0.4455,none,NONE,NONE
Dual-Frequency Async Engine,685,1393.30562312,0.4563,fallback,STAGE_3,VELOCITY_LIMIT_BREACH
Dual-Frequency Async Engine,686,1393.316332516,0.467,none,NONE,NONE
Dual-Frequency Async Engine,687,1393.326886554,0.4775,none,NONE,NONE
Dual-Frequency Async Engine,688,1393.337499734,0.4881,intercepted,NONE,NONE
Dual-Frequency Async Engine,689,1393.348135797,0.4988,fallback,STAGE_3,VELOCITY_LIMIT_BREACH
Dual-Frequency Async Engine,690,1393.358426542,0.0077,intercepted,NONE,NONE
Dual-Frequency Async Engine,691,1393.369092502,0.0184,none,NONE,NONE
Dual-Frequency Async Engine,692,1393.379755038,0.029,none,NONE,NONE
Dual-Frequency Async Engine,693,1393.390446348,0.0397,none,NONE,NONE
Dual-Frequency Async Engine,694,1393.401109241,0.0504,fallback,STAGE_3,VELOCITY_LIMIT_BREACH
Dual-Frequency Async Engine,695,1393.411732119,0.061,fallback,STAGE_3,VELOCITY_LIMIT_BREACH
Dual-Frequency Async Engine,696,1393.422355274,0.0716,intercepted,NONE,NONE
Dual-Frequency Async Engine,697,1393.432944328,0.0822,none,NONE,NONE
Dual-Frequency Async Engine,698,1393.443519355,0.0928,none,NONE,NONE
Dual-Frequency Async Engine,699,1393.454145379,0.1034,none,NONE,NONE
Dual-Frequency Async Engine,700,1393.464694466,0.114,none,NONE,NONE
Dual-Frequency Async Engine,701,1393.475476829,0.1248,intercepted,NONE,NONE
Dual-Frequency Async Engine,702,1393.486435945,0.1357,fallback,STAGE_3,VELOCITY_LIMIT_BREACH
Dual-Frequency Async Engine,703,1393.496966085,0.1463,none,NONE,NONE
Dual-Frequency Async Engine,704,1393.507453274,0.1567,none,NONE,NONE
Dual-Frequency Async Engine,705,1393.518089908,0.1674,none,NONE,NONE
Dual-Frequency Async Engine,706,1393.528639455,0.1779,fallback,STAGE_3,VELOCITY_LIMIT_BREACH
Dual-Frequency Async Engine,707,1393.539186828,0.1885,none,NONE,NONE
Dual-Frequency Async Engine,708,1393.549850456,0.1991,none,NONE,NONE
Dual-Frequency Async Engine,709,1393.560488762,0.2098,none,NONE,NONE
Dual-Frequency Async Engine,710,1393.571239553,0.2205,intercepted,NONE,NONE
Dual-Frequency Async Engine,711,1393.581807867,0.2311,intercepted,NONE,NONE
Dual-Frequency Async Engine,712,1393.592447947,0.2417,fallback,STAGE_3,VELOCITY_LIMIT_BREACH
Dual-Frequency Async Engine,713,1393.603083866,0.2524,none,NONE,NONE
Dual-Frequency Async Engine,714,1393.61366713,0.263,none,NONE,NONE
Dual-Frequency Async Engine,715,1393.624210863,0.2735,none,NONE,NONE
Dual-Frequency Async Engine,716,1393.634805561,0.2841,none,NONE,NONE
Dual-Frequency Async Engine,717,1393.645531523,0.2948,none,NONE,NONE
Dual-Frequency Async Engine,718,1393.656153586,0.3054,fallback,STAGE_3,VELOCITY_LIMIT_BREACH
Dual-Frequency Async Engine,719,1393.666848736,0.3161,none,NONE,NONE
Dual-Frequency Async Engine,720,1393.67749708,0.3268,fallback,STAGE_3,VELOCITY_LIMIT_BREACH
Dual-Frequency Async Engine,721,1393.688203409,0.3375,fallback,STAGE_3,VELOCITY_LIMIT_BREACH
Dual-Frequency Async Engine,722,1393.698789141,0.3481,intercepted,NONE,NONE
Dual-Frequency Async Engine,723,1393.709487528,0.3588,fallback,STAGE_3,VELOCITY_LIMIT_BREACH
Dual-Frequency Async Engine,724,1393.720088324,0.3694,none,NONE,NONE
Dual-Frequency Async Engine,725,1393.730648679,0.3799,none,NONE,NONE
Dual-Frequency Async Engine,726,1393.74129457,0.3906,fallback,STAGE_3,VELOCITY_LIMIT_BREACH
Dual-Frequency Async Engine,727,1393.751888056,0.4012,intercepted,NONE,NONE
Dual-Frequency Async Engine,728,1393.762462283,0.4117,none,NONE,NONE
Dual-Frequency Async Engine,729,1393.773114889,0.4224,none,NONE,NONE
Dual-Frequency Async Engine,730,1393.783927105,0.4332,none,NONE,NONE
Dual-Frequency Async Engine,731,1393.794485759,0.4438,none,NONE,NONE
Dual-Frequency Async Engine,732,1393.805074254,0.4544,none,NONE,NONE
Dual-Frequency Async Engine,733,1393.815658574,0.465,none,NONE,NONE
Dual-Frequency Async Engine,734,1393.826375217,0.4757,fallback,STAGE_3,VELOCITY_LIMIT_BREACH
Dual-Frequency Async Engine,735,1393.836957462,0.4862,intercepted,NONE,NONE
Dual-Frequency Async Engine,736,1393.847486327,0.4968,intercepted,NONE,NONE
Dual-Frequency Async Engine,737,1393.858466538,0.0076,intercepted,NONE,NONE
Dual-Frequency Async Engine,738,1393.869079616,0.0182,fallback,STAGE_3,VELOCITY_LIMIT_BREACH
Dual-Frequency Async Engine,739,1393.879644191,0.0287,intercepted,NONE,NONE
Dual-Frequency Async Engine,740,1393.890163045,0.0393,none,NONE,NONE
Dual-Frequency Async Engine,741,1393.90080298,0.0499,none,NONE,NONE
Dual-Frequency Async Engine,742,1393.911489432,0.0606,none,NONE,NONE
Dual-Frequency Async Engine,743,1393.922114179,0.0712,intercepted,NONE,NONE
Dual-Frequency Async Engine,744,1393.932719792,0.0818,fallback,STAGE_3,VELOCITY_LIMIT_BREACH
Dual-Frequency Async Engine,745,1393.943306004,0.0924,none,NONE,NONE
Dual-Frequency Async Engine,746,1393.953829733,0.1029,none,NONE,NONE
Dual-Frequency Async Engine,747,1393.964389448,0.1135,none,NONE,NONE
Dual-Frequency Async Engine,748,1393.974926921,0.124,fallback,STAGE_1,JSON_OR_VALIDATION_ERROR
Dual-Frequency Async Engine,749,1393.985392871,0.1345,intercepted,NONE,NONE
Dual-Frequency Async Engine,750,1393.995881258,0.145,none,NONE,NONE
Dual-Frequency Async Engine,751,1394.006410414,0.1555,intercepted,NONE,NONE
Dual-Frequency Async Engine,752,1394.017156855,0.1663,none,NONE,NONE
Dual-Frequency Async Engine,753,1394.027844263,0.1769,none,NONE,NONE
Dual-Frequency Async Engine,754,1394.038380391,0.1875,none,NONE,NONE
Dual-Frequency Async Engine,755,1394.048984948,0.1981,intercepted,NONE,NONE
Dual-Frequency Async Engine,756,1394.059818531,0.2089,none,NONE,NONE
Dual-Frequency Async Engine,757,1394.070512005,0.2196,fallback,STAGE_3,VELOCITY_LIMIT_BREACH
Dual-Frequency Async Engine,758,1394.081106435,0.2302,fallback,STAGE_3,VELOCITY_LIMIT_BREACH
Dual-Frequency Async Engine,759,1394.091674155,0.2408,none,NONE,NONE
Dual-Frequency Async Engine,760,1394.102397574,0.2515,none,NONE,NONE
Dual-Frequency Async Engine,761,1394.112976967,0.2621,none,NONE,NONE
Dual-Frequency Async Engine,762,1394.123598596,0.2727,none,NONE,NONE
Dual-Frequency Async Engine,763,1394.134140614,0.2832,none,NONE,NONE
Dual-Frequency Async Engine,764,1394.144649804,0.2937,none,NONE,NONE
Dual-Frequency Async Engine,765,1394.155217627,0.3043,intercepted,NONE,NONE
Dual-Frequency Async Engine,766,1394.165708496,0.3148,none,NONE,NONE
Dual-Frequency Async Engine,767,1394.176353529,0.3255,none,NONE,NONE
Dual-Frequency Async Engine,768,1394.186913283,0.336,none,NONE,NONE
Dual-Frequency Async Engine,769,1394.197477614,0.3466,none,NONE,NONE
Dual-Frequency Async Engine,770,1394.208114464,0.3572,none,NONE,NONE
Dual-Frequency Async Engine,771,1394.218679467,0.3678,none,NONE,NONE
Dual-Frequency Async Engine,772,1394.229301585,0.3784,fallback,STAGE_1,JSON_OR_VALIDATION_ERROR
Dual-Frequency Async Engine,773,1394.239877615,0.389,none,NONE,NONE
Dual-Frequency Async Engine,774,1394.250411906,0.3995,none,NONE,NONE
Dual-Frequency Async Engine,775,1394.260970609,0.4101,none,NONE,NONE
Dual-Frequency Async Engine,776,1394.271611376,0.4207,none,NONE,NONE
Dual-Frequency Async Engine,777,1394.282175444,0.4313,none,NONE,NONE
Dual-Frequency Async Engine,778,1394.292747657,0.4418,none,NONE,NONE
Dual-Frequency Async Engine,779,1394.303337336,0.4524,none,NONE,NONE
Dual-Frequency Async Engine,780,1394.3139117,0.463,fallback,STAGE_3,VELOCITY_LIMIT_BREACH
Dual-Frequency Async Engine,781,1394.324561987,0.4737,intercepted,NONE,NONE
Dual-Frequency Async Engine,782,1394.335205842,0.4843,none,NONE,NONE
Dual-Frequency Async Engine,783,1394.345846338,0.4949,none,NONE,NONE
Dual-Frequency Async Engine,784,1394.356739889,0.0054,intercepted,NONE,NONE
Dual-Frequency Async Engine,785,1394.367484174,0.0161,none,NONE,NONE
Dual-Frequency Async Engine,786,1394.378094811,0.0267,fallback,STAGE_3,VELOCITY_LIMIT_BREACH
Dual-Frequency Async Engine,787,1394.388696294,0.0373,none,NONE,NONE
Dual-Frequency Async Engine,788,1394.399440067,0.0481,intercepted,NONE,NONE
Dual-Frequency Async Engine,789,1394.410124842,0.0588,fallback,STAGE_3,VELOCITY_LIMIT_BREACH
Dual-Frequency Async Engine,790,1394.420717453,0.0694,fallback,STAGE_1,JSON_OR_VALIDATION_ERROR
Dual-Frequency Async Engine,791,1394.431408376,0.08,none,NONE,NONE
Dual-Frequency Async Engine,792,1394.441984731,0.0906,none,NONE,NONE
Dual-Frequency Async Engine,793,1394.452634036,0.1013,fallback,STAGE_3,VELOCITY_LIMIT_BREACH
Dual-Frequency Async Engine,794,1394.463171531,0.1118,none,NONE,NONE
Dual-Frequency Async Engine,795,1394.473749956,0.1224,none,NONE,NONE
Dual-Frequency Async Engine,796,1394.484450154,0.1331,none,NONE,NONE
Dual-Frequency Async Engine,797,1394.495122517,0.1438,none,NONE,NONE
Dual-Frequency Async Engine,798,1394.505606921,0.1542,none,NONE,NONE
Dual-Frequency Async Engine,799,1394.516303599,0.1649,none,NONE,NONE
Dual-Frequency Async Engine,800,1394.526870547,0.1755,none,NONE,NONE
Dual-Frequency Async Engine,801,1394.537437525,0.1861,fallback,STAGE_3,VELOCITY_LIMIT_BREACH
Dual-Frequency Async Engine,802,1394.548090695,0.1967,none,NONE,NONE
Dual-Frequency Async Engine,803,1394.558979281,0.2076,none,NONE,NONE
Dual-Frequency Async Engine,804,1394.569638577,0.2183,none,NONE,NONE
Dual-Frequency Async Engine,805,1394.580316778,0.229,fallback,STAGE_3,VELOCITY_LIMIT_BREACH
Dual-Frequency Async Engine,806,1394.590873143,0.2395,none,NONE,NONE
Dual-Frequency Async Engine,807,1394.601439937,0.2501,none,NONE,NONE
Dual-Frequency Async Engine,808,1394.611974438,0.2606,intercepted,NONE,NONE
Dual-Frequency Async Engine,809,1394.62274886,0.2714,fallback,STAGE_3,VELOCITY_LIMIT_BREACH
Dual-Frequency Async Engine,810,1394.633465339,0.2821,intercepted,NONE,NONE
Dual-Frequency Async Engine,811,1394.644071419,0.2927,none,NONE,NONE
Dual-Frequency Async Engine,812,1394.654669313,0.3033,none,NONE,NONE
Dual-Frequency Async Engine,813,1394.665360195,0.314,none,NONE,NONE
Dual-Frequency Async Engine,814,1394.675890748,0.3245,fallback,STAGE_3,VELOCITY_LIMIT_BREACH
Dual-Frequency Async Engine,815,1394.686435168,0.3351,fallback,STAGE_3,VELOCITY_LIMIT_BREACH
Dual-Frequency Async Engine,816,1394.69697285,0.3456,intercepted,NONE,NONE
Dual-Frequency Async Engine,817,1394.707571636,0.3562,none,NONE,NONE
Dual-Frequency Async Engine,818,1394.718122241,0.3668,none,NONE,NONE
Dual-Frequency Async Engine,819,1394.728611113,0.3772,none,NONE,NONE
Dual-Frequency Async Engine,820,1394.739132454,0.3878,none,NONE,NONE
Dual-Frequency Async Engine,821,1394.749757002,0.3984,intercepted,NONE,NONE
Dual-Frequency Async Engine,822,1394.760400085,0.409,fallback,STAGE_3,VELOCITY_LIMIT_BREACH
Dual-Frequency Async Engine,823,1394.771190571,0.4198,none,NONE,NONE
Dual-Frequency Async Engine,824,1394.781730572,0.4304,none,NONE,NONE
Dual-Frequency Async Engine,825,1394.792347275,0.441,none,NONE,NONE
Dual-Frequency Async Engine,826,1394.802928457,0.4516,fallback,STAGE_3,VELOCITY_LIMIT_BREACH
Dual-Frequency Async Engine,827,1394.813501249,0.4621,none,NONE,NONE
Dual-Frequency Async Engine,828,1394.824124756,0.4728,none,NONE,NONE
Dual-Frequency Async Engine,829,1394.834671513,0.4833,none,NONE,NONE
Dual-Frequency Async Engine,830,1394.845186853,0.4938,intercepted,NONE,NONE
Dual-Frequency Async Engine,831,1394.856422495,0.0045,intercepted,NONE,NONE
Dual-Frequency Async Engine,832,1394.866976638,0.0151,fallback,STAGE_3,VELOCITY_LIMIT_BREACH
Dual-Frequency Async Engine,833,1394.877616038,0.0257,none,NONE,NONE
Dual-Frequency Async Engine,834,1394.888200736,0.0363,none,NONE,NONE
Dual-Frequency Async Engine,835,1394.898727324,0.0468,none,NONE,NONE
Dual-Frequency Async Engine,836,1394.909519188,0.0576,none,NONE,NONE
Dual-Frequency Async Engine,837,1394.92017081,0.0683,none,NONE,NONE
Dual-Frequency Async Engine,838,1394.930755105,0.0788,fallback,STAGE_3,VELOCITY_LIMIT_BREACH
Dual-Frequency Async Engine,839,1394.941431999,0.0895,none,NONE,NONE
Dual-Frequency Async Engine,840,1394.951986644,0.1001,fallback,STAGE_3,VELOCITY_LIMIT_BREACH
Dual-Frequency Async Engine,841,1394.962703246,0.1108,fallback,STAGE_3,VELOCITY_LIMIT_BREACH
Dual-Frequency Async Engine,842,1394.973423011,0.1215,intercepted,NONE,NONE
Dual-Frequency Async Engine,843,1394.98396036,0.1321,fallback,STAGE_3,VELOCITY_LIMIT_BREACH
Dual-Frequency Async Engine,844,1394.994575606,0.1427,none,NONE,NONE
Dual-Frequency Async Engine,845,1395.005360039,0.1535,none,NONE,NONE
Dual-Frequency Async Engine,846,1395.015918904,0.164,fallback,STAGE_3,VELOCITY_LIMIT_BREACH
Dual-Frequency Async Engine,847,1395.026469082,0.1746,intercepted,NONE,NONE
Dual-Frequency Async Engine,848,1395.037068899,0.1852,none,NONE,NONE
Dual-Frequency Async Engine,849,1395.047750077,0.1958,none,NONE,NONE
Dual-Frequency Async Engine,850,1395.058601695,0.2067,none,NONE,NONE
Dual-Frequency Async Engine,851,1395.069138636,0.2172,none,NONE,NONE
Dual-Frequency Async Engine,852,1395.079729099,0.2278,none,NONE,NONE
Dual-Frequency Async Engine,853,1395.09036446,0.2385,none,NONE,NONE
Dual-Frequency Async Engine,854,1395.100945165,0.249,fallback,STAGE_3,VELOCITY_LIMIT_BREACH
Dual-Frequency Async Engine,855,1395.111601619,0.2597,intercepted,NONE,NONE
Dual-Frequency Async Engine,856,1395.122158011,0.2702,intercepted,NONE,NONE
Dual-Frequency Async Engine,857,1395.132795748,0.2809,intercepted,NONE,NONE
Dual-Frequency Async Engine,858,1395.143459432,0.2916,fallback,STAGE_3,VELOCITY_LIMIT_BREACH
Dual-Frequency Async Engine,859,1395.154093996,0.3022,intercepted,NONE,NONE
Dual-Frequency Async Engine,860,1395.164617392,0.3127,none,NONE,NONE
Dual-Frequency Async Engine,861,1395.17520139,0.3233,none,NONE,NONE
Dual-Frequency Async Engine,862,1395.185854657,0.3339,none,NONE,NONE
Dual-Frequency Async Engine,863,1395.196488183,0.3446,intercepted,NONE,NONE
Dual-Frequency Async Engine,864,1395.207148118,0.3552,fallback,STAGE_3,VELOCITY_LIMIT_BREACH
Dual-Frequency Async Engine,865,1395.217756584,0.3658,none,NONE,NONE
Dual-Frequency Async Engine,866,1395.228596966,0.3767,none,NONE,NONE
Dual-Frequency Async Engine,867,1395.239175065,0.3873,none,NONE,NONE
Dual-Frequency Async Engine,868,1395.249916478,0.398,fallback,STAGE_1,JSON_OR_VALIDATION_ERROR
Dual-Frequency Async Engine,869,1395.260560236,0.4087,intercepted,NONE,NONE
Dual-Frequency Async Engine,870,1395.271212749,0.4193,none,NONE,NONE
Dual-Frequency Async Engine,871,1395.281867347,0.43,intercepted,NONE,NONE
Dual-Frequency Async Engine,872,1395.292528479,0.4406,none,NONE,NONE
Dual-Frequency Async Engine,873,1395.303173598,0.4513,none,NONE,NONE
Dual-Frequency Async Engine,874,1395.31376446,0.4619,none,NONE,NONE
Dual-Frequency Async Engine,875,1395.324408389,0.4725,intercepted,NONE,NONE
Dual-Frequency Async Engine,876,1395.334953266,0.483,none,NONE,NONE
Dual-Frequency Async Engine,877,1395.345608141,0.4937,fallback,STAGE_3,VELOCITY_LIMIT_BREACH
Dual-Frequency Async Engine,878,1395.356750379,0.0034,fallback,STAGE_3,VELOCITY_LIMIT_BREACH
Dual-Frequency Async Engine,879,1395.367392367,0.0141,none,NONE,NONE
Dual-Frequency Async Engine,880,1395.377968893,0.0247,none,NONE,NONE
Dual-Frequency Async Engine,881,1395.388591487,0.0353,none,NONE,NONE
Dual-Frequency Async Engine,882,1395.399220615,0.0459,none,NONE,NONE
Dual-Frequency Async Engine,883,1395.409782545,0.0565,none,NONE,NONE
Dual-Frequency Async Engine,884,1395.420382065,0.0671,none,NONE,NONE
Dual-Frequency Async Engine,885,1395.430985179,0.0777,intercepted,NONE,NONE
Dual-Frequency Async Engine,886,1395.441600473,0.0883,none,NONE,NONE
Dual-Frequency Async Engine,887,1395.452280187,0.099,none,NONE,NONE
Dual-Frequency Async Engine,888,1395.462886584,0.1096,none,NONE,NONE
Dual-Frequency Async Engine,889,1395.473502681,0.1202,none,NONE,NONE
Dual-Frequency Async Engine,890,1395.484119403,0.1308,none,NONE,NONE
Dual-Frequency Async Engine,891,1395.494655261,0.1413,none,NONE,NONE
Dual-Frequency Async Engine,892,1395.505202021,0.1519,fallback,STAGE_1,JSON_OR_VALIDATION_ERROR
Dual-Frequency Async Engine,893,1395.515768875,0.1625,none,NONE,NONE
Dual-Frequency Async Engine,894,1395.526518051,0.1732,none,NONE,NONE
Dual-Frequency Async Engine,895,1395.537042789,0.1837,none,NONE,NONE
Dual-Frequency Async Engine,896,1395.547554791,0.1942,none,NONE,NONE
Dual-Frequency Async Engine,897,1395.558148027,0.2048,none,NONE,NONE
Dual-Frequency Async Engine,898,1395.568771092,0.2155,none,NONE,NONE
Dual-Frequency Async Engine,899,1395.579482871,0.2262,none,NONE,NONE
Dual-Frequency Async Engine,900,1395.590176292,0.2369,fallback,STAGE_3,VELOCITY_LIMIT_BREACH
Dual-Frequency Async Engine,901,1395.600792961,0.2475,intercepted,NONE,NONE
Dual-Frequency Async Engine,902,1395.611435764,0.2581,none,NONE,NONE
Dual-Frequency Async Engine,903,1395.62199157,0.2687,none,NONE,NONE
Dual-Frequency Async Engine,904,1395.632618526,0.2793,intercepted,NONE,NONE
Dual-Frequency Async Engine,905,1395.643139024,0.2898,none,NONE,NONE
Dual-Frequency Async Engine,906,1395.653646738,0.3003,fallback,STAGE_3,VELOCITY_LIMIT_BREACH
Dual-Frequency Async Engine,907,1395.664176446,0.3109,none,NONE,NONE
Dual-Frequency Async Engine,908,1395.674805078,0.3215,intercepted,NONE,NONE
Dual-Frequency Async Engine,909,1395.685428975,0.3321,fallback,STAGE_3,VELOCITY_LIMIT_BREACH
Dual-Frequency Async Engine,910,1395.695945467,0.3426,fallback,STAGE_1,JSON_OR_VALIDATION_ERROR
Dual-Frequency Async Engine,911,1395.706469326,0.3532,none,NONE,NONE
Dual-Frequency Async Engine,912,1395.716972684,0.3637,none,NONE,NONE
Dual-Frequency Async Engine,913,1395.727494503,0.3742,fallback,STAGE_3,VELOCITY_LIMIT_BREACH
Dual-Frequency Async Engine,914,1395.738138947,0.3848,none,NONE,NONE
Dual-Frequency Async Engine,915,1395.748775595,0.3955,none,NONE,NONE
Dual-Frequency Async Engine,916,1395.759471638,0.4062,none,NONE,NONE
Dual-Frequency Async Engine,917,1395.769997765,0.4167,none,NONE,NONE
Dual-Frequency Async Engine,918,1395.780811319,0.4275,none,NONE,NONE
Dual-Frequency Async Engine,919,1395.791366874,0.438,none,NONE,NONE
Dual-Frequency Async Engine,920,1395.801940776,0.4486,none,NONE,NONE
Dual-Frequency Async Engine,921,1395.812490817,0.4592,fallback,STAGE_3,VELOCITY_LIMIT_BREACH
Dual-Frequency Async Engine,922,1395.82311298,0.4698,none,NONE,NONE
Dual-Frequency Async Engine,923,1395.833773266,0.4805,none,NONE,NONE
Dual-Frequency Async Engine,924,1395.844364229,0.491,none,NONE,NONE
Dual-Frequency Async Engine,925,1395.855439776,0.0013,fallback,STAGE_3,VELOCITY_LIMIT_BREACH
Dual-Frequency Async Engine,926,1395.865964864,0.0119,none,NONE,NONE
Dual-Frequency Async Engine,927,1395.876515393,0.0224,none,NONE,NONE
Dual-Frequency Async Engine,928,1395.887148495,0.0331,intercepted,NONE,NONE
Dual-Frequency Async Engine,929,1395.897742202,0.0436,fallback,STAGE_3,VELOCITY_LIMIT_BREACH
Dual-Frequency Async Engine,930,1395.908332379,0.0542,intercepted,NONE,NONE
Dual-Frequency Async Engine,931,1395.918882127,0.0648,none,NONE,NONE
Dual-Frequency Async Engine,932,1395.929422272,0.0753,none,NONE,NONE
Dual-Frequency Async Engine,933,1395.939985978,0.0859,none,NONE,NONE
Dual-Frequency Async Engine,934,1395.950655278,0.0966,fallback,STAGE_3,VELOCITY_LIMIT_BREACH
Dual-Frequency Async Engine,935,1395.961183371,0.1071,fallback,STAGE_3,VELOCITY_LIMIT_BREACH
Dual-Frequency Async Engine,936,1395.971682758,0.1176,intercepted,NONE,NONE
Dual-Frequency Async Engine,937,1395.982305513,0.1282,none,NONE,NONE
Dual-Frequency Async Engine,938,1395.99281163,0.1387,none,NONE,NONE
Dual-Frequency Async Engine,939,1396.003426569,0.1493,none,NONE,NONE
Dual-Frequency Async Engine,940,1396.01402925,0.1599,none,NONE,NONE
Dual-Frequency Async Engine,941,1396.024626195,0.1705,intercepted,NONE,NONE
Dual-Frequency Async Engine,942,1396.035314578,0.1812,fallback,STAGE_3,VELOCITY_LIMIT_BREACH
Dual-Frequency Async Engine,943,1396.045850964,0.1918,none,NONE,NONE
Dual-Frequency Async Engine,944,1396.056662876,0.2026,none,NONE,NONE
Dual-Frequency Async Engine,945,1396.06721505,0.2131,none,NONE,NONE
Dual-Frequency Async Engine,946,1396.077783622,0.2237,fallback,STAGE_3,VELOCITY_LIMIT_BREACH
Dual-Frequency Async Engine,947,1396.088446048,0.2344,none,NONE,NONE
Dual-Frequency Async Engine,948,1396.098965492,0.2449,none,NONE,NONE
Dual-Frequency Async Engine,949,1396.109549738,0.2555,none,NONE,NONE
Dual-Frequency Async Engine,950,1396.12015131,0.2661,intercepted,NONE,NONE
Dual-Frequency Async Engine,951,1396.130798238,0.2767,intercepted,NONE,NONE
Dual-Frequency Async Engine,952,1396.141451431,0.2874,fallback,STAGE_3,VELOCITY_LIMIT_BREACH
Dual-Frequency Async Engine,953,1396.151982342,0.2979,none,NONE,NONE
Dual-Frequency Async Engine,954,1396.16256233,0.3085,none,NONE,NONE
Dual-Frequency Async Engine,955,1396.173315921,0.3192,none,NONE,NONE
Dual-Frequency Async Engine,956,1396.183865846,0.3298,none,NONE,NONE
Dual-Frequency Async Engine,957,1396.194462115,0.3404,none,NONE,NONE
Dual-Frequency Async Engine,958,1396.205122174,0.351,fallback,STAGE_3,VELOCITY_LIMIT_BREACH
Dual-Frequency Async Engine,959,1396.215701865,0.3616,none,NONE,NONE
Dual-Frequency Async Engine,960,1396.226424889,0.3723,fallback,STAGE_3,VELOCITY_LIMIT_BREACH
Dual-Frequency Async Engine,961,1396.237101803,0.383,fallback,STAGE_3,VELOCITY_LIMIT_BREACH
Dual-Frequency Async Engine,962,1396.247693559,0.3936,intercepted,NONE,NONE
Dual-Frequency Async Engine,963,1396.258205626,0.4041,fallback,STAGE_3,VELOCITY_LIMIT_BREACH
Dual-Frequency Async Engine,964,1396.268760853,0.4147,none,NONE,NONE
Dual-Frequency Async Engine,965,1396.279453795,0.4254,none,NONE,NONE
Dual-Frequency Async Engine,966,1396.290101952,0.436,fallback,STAGE_3,VELOCITY_LIMIT_BREACH
Dual-Frequency Async Engine,967,1396.300715675,0.4466,intercepted,NONE,NONE
Dual-Frequency Async Engine,968,1396.311465225,0.4574,none,NONE,NONE
Dual-Frequency Async Engine,969,1396.321997148,0.4679,none,NONE,NONE
Dual-Frequency Async Engine,970,1396.332800642,0.4787,none,NONE,NONE
Dual-Frequency Async Engine,971,1396.343532891,0.4894,none,NONE,NONE
Dual-Frequency Async Engine,972,1396.354420876,0.0001,none,NONE,NONE
Dual-Frequency Async Engine,973,1396.364998368,0.0108,none,NONE,NONE
Dual-Frequency Async Engine,974,1396.375668458,0.0214,fallback,STAGE_3,VELOCITY_LIMIT_BREACH
Dual-Frequency Async Engine,975,1396.386292229,0.032,intercepted,NONE,NONE
Dual-Frequency Async Engine,976,1396.396862299,0.0426,intercepted,NONE,NONE
Dual-Frequency Async Engine,977,1396.407426395,0.0531,intercepted,NONE,NONE
Dual-Frequency Async Engine,978,1396.417967767,0.0637,fallback,STAGE_3,VELOCITY_LIMIT_BREACH
Dual-Frequency Async Engine,979,1396.428606491,0.0743,intercepted,NONE,NONE
Dual-Frequency Async Engine,980,1396.439242711,0.0849,none,NONE,NONE
Dual-Frequency Async Engine,981,1396.449831336,0.0955,none,NONE,NONE
Dual-Frequency Async Engine,982,1396.460535261,0.1062,none,NONE,NONE
Dual-Frequency Async Engine,983,1396.471188737,0.1169,intercepted,NONE,NONE
Dual-Frequency Async Engine,984,1396.481770008,0.1275,fallback,STAGE_3,VELOCITY_LIMIT_BREACH
Dual-Frequency Async Engine,985,1396.492404939,0.1381,none,NONE,NONE
Dual-Frequency Async Engine,986,1396.502911145,0.1486,none,NONE,NONE
Dual-Frequency Async Engine,987,1396.513494693,0.1592,none,NONE,NONE
Dual-Frequency Async Engine,988,1396.524137847,0.1698,fallback,STAGE_1,JSON_OR_VALIDATION_ERROR
Dual-Frequency Async Engine,989,1396.534680253,0.1804,intercepted,NONE,NONE
Dual-Frequency Async Engine,990,1396.545375277,0.1911,none,NONE,NONE
Dual-Frequency Async Engine,991,1396.556142104,0.2018,intercepted,NONE,NONE
Dual-Frequency Async Engine,992,1396.566626525,0.2123,none,NONE,NONE
Dual-Frequency Async Engine,993,1396.577145782,0.2228,none,NONE,NONE
Dual-Frequency Async Engine,994,1396.587674481,0.2334,none,NONE,NONE
Dual-Frequency Async Engine,995,1396.598255724,0.244,intercepted,NONE,NONE
Dual-Frequency Async Engine,996,1396.608802691,0.2545,none,NONE,NONE
Dual-Frequency Async Engine,997,1396.61945116,0.2651,fallback,STAGE_3,VELOCITY_LIMIT_BREACH
Dual-Frequency Async Engine,998,1396.630130771,0.2758,fallback,STAGE_3,VELOCITY_LIMIT_BREACH
Dual-Frequency Async Engine,999,1396.640678806,0.2864,none,NONE,NONE
Dual-Frequency Async Engine,1000,1396.651424798,0.2971,none,NONE,NONE
Dual-Frequency Async Engine,1001,1396.661974306,0.3077,none,NONE,NONE
Dual-Frequency Async Engine,1002,1396.672597219,0.3183,none,NONE,NONE
Dual-Frequency Async Engine,1003,1396.683274417,0.329,none,NONE,NONE
Dual-Frequency Async Engine,1004,1396.693807518,0.3395,none,NONE,NONE
Dual-Frequency Async Engine,1005,1396.70435929,0.3501,intercepted,NONE,NONE
Dual-Frequency Async Engine,1006,1396.71486058,0.3606,none,NONE,NONE
Dual-Frequency Async Engine,1007,1396.72549091,0.3712,none,NONE,NONE
Dual-Frequency Async Engine,1008,1396.736111696,0.3818,none,NONE,NONE
Dual-Frequency Async Engine,1009,1396.746683993,0.3924,none,NONE,NONE
Dual-Frequency Async Engine,1010,1396.75724864,0.4029,none,NONE,NONE
Dual-Frequency Async Engine,1011,1396.767871198,0.4136,none,NONE,NONE
Dual-Frequency Async Engine,1012,1396.77848358,0.4242,fallback,STAGE_1,JSON_OR_VALIDATION_ERROR
Dual-Frequency Async Engine,1013,1396.789118711,0.4348,none,NONE,NONE
Dual-Frequency Async Engine,1014,1396.79969728,0.4454,none,NONE,NONE
Dual-Frequency Async Engine,1015,1396.810446533,0.4561,none,NONE,NONE
Dual-Frequency Async Engine,1016,1396.821062936,0.4668,none,NONE,NONE
Dual-Frequency Async Engine,1017,1396.831634471,0.4773,none,NONE,NONE
Dual-Frequency Async Engine,1018,1396.842229743,0.4879,none,NONE,NONE
Dual-Frequency Async Engine,1019,1396.852890489,0.4986,none,NONE,NONE
Dual-Frequency Async Engine,1020,1396.863920334,0.0086,fallback,STAGE_3,VELOCITY_LIMIT_BREACH
Dual-Frequency Async Engine,1021,1396.874482157,0.0192,intercepted,NONE,NONE
Dual-Frequency Async Engine,1022,1396.885123023,0.0298,none,NONE,NONE
Dual-Frequency Async Engine,1023,1396.895664763,0.0403,none,NONE,NONE
Dual-Frequency Async Engine,1024,1396.906308069,0.051,intercepted,NONE,NONE
Dual-Frequency Async Engine,1025,1396.916858973,0.0615,none,NONE,NONE
Dual-Frequency Async Engine,1026,1396.927427106,0.0721,fallback,STAGE_3,VELOCITY_LIMIT_BREACH
Dual-Frequency Async Engine,1027,1396.937982917,0.0827,none,NONE,NONE
Dual-Frequency Async Engine,1028,1396.948740144,0.0934,intercepted,NONE,NONE
Dual-Frequency Async Engine,1029,1396.959469699,0.1042,fallback,STAGE_3,VELOCITY_LIMIT_BREACH
Dual-Frequency Async Engine,1030,1396.970093905,0.1148,fallback,STAGE_1,JSON_OR_VALIDATION_ERROR
Dual-Frequency Async Engine,1031,1396.980731733,0.1254,none,NONE,NONE
Dual-Frequency Async Engine,1032,1396.991376956,0.1361,none,NONE,NONE
Dual-Frequency Async Engine,1033,1397.001976872,0.1467,fallback,STAGE_3,VELOCITY_LIMIT_BREACH
Dual-Frequency Async Engine,1034,1397.012654531,0.1573,none,NONE,NONE
Dual-Frequency Async Engine,1035,1397.023275993,0.168,none,NONE,NONE
Dual-Frequency Async Engine,1036,1397.033844451,0.1785,none,NONE,NONE
Dual-Frequency Async Engine,1037,1397.044451664,0.1891,none,NONE,NONE
Dual-Frequency Async Engine,1038,1397.055191141,0.1999,none,NONE,NONE
Dual-Frequency Async Engine,1039,1397.065794522,0.2105,none,NONE,NONE
Dual-Frequency Async Engine,1040,1397.076462393,0.2211,none,NONE,NONE
Dual-Frequency Async Engine,1041,1397.087068767,0.2318,fallback,STAGE_3,VELOCITY_LIMIT_BREACH
Dual-Frequency Async Engine,1042,1397.097622354,0.2423,none,NONE,NONE
Dual-Frequency Async Engine,1043,1397.108293633,0.253,none,NONE,NONE
Dual-Frequency Async Engine,1044,1397.11887133,0.2636,none,NONE,NONE
Dual-Frequency Async Engine,1045,1397.129489078,0.2742,fallback,STAGE_3,VELOCITY_LIMIT_BREACH
Dual-Frequency Async Engine,1046,1397.140112204,0.2848,none,NONE,NONE
Dual-Frequency Async Engine,1047,1397.150788405,0.2955,none,NONE,NONE
Dual-Frequency Async Engine,1048,1397.161424423,0.3061,intercepted,NONE,NONE
Dual-Frequency Async Engine,1049,1397.171971199,0.3167,fallback,STAGE_3,VELOCITY_LIMIT_BREACH
Dual-Frequency Async Engine,1050,1397.182606655,0.3273,intercepted,NONE,NONE
Dual-Frequency Async Engine,1051,1397.193219183,0.3379,none,NONE,NONE
Dual-Frequency Async Engine,1052,1397.203831091,0.3485,none,NONE,NONE
Dual-Frequency Async Engine,1053,1397.214416626,0.3591,none,NONE,NONE
Dual-Frequency Async Engine,1054,1397.224942428,0.3696,fallback,STAGE_3,VELOCITY_LIMIT_BREACH
Dual-Frequency Async Engine,1055,1397.235459165,0.3801,fallback,STAGE_3,VELOCITY_LIMIT_BREACH
Dual-Frequency Async Engine,1056,1397.246067911,0.3908,intercepted,NONE,NONE
Dual-Frequency Async Engine,1057,1397.256684623,0.4014,none,NONE,NONE
Dual-Frequency Async Engine,1058,1397.267471918,0.4122,none,NONE,NONE
Dual-Frequency Async Engine,1059,1397.278155805,0.4228,none,NONE,NONE
Dual-Frequency Async Engine,1060,1397.288697992,0.4334,none,NONE,NONE
Dual-Frequency Async Engine,1061,1397.299311657,0.444,intercepted,NONE,NONE
Dual-Frequency Async Engine,1062,1397.309908793,0.4546,fallback,STAGE_3,VELOCITY_LIMIT_BREACH
Dual-Frequency Async Engine,1063,1397.320453271,0.4651,none,NONE,NONE
Dual-Frequency Async Engine,1064,1397.33114284,0.4758,none,NONE,NONE
Dual-Frequency Async Engine,1065,1397.34172693,0.4864,none,NONE,NONE
Dual-Frequency Async Engine,1066,1397.352764427,0.4974,fallback,STAGE_3,VELOCITY_LIMIT_BREACH
Dual-Frequency Async Engine,1067,1397.363963952,0.0076,none,NONE,NONE
Dual-Frequency Async Engine,1068,1397.374531824,0.0182,none,NONE,NONE
Dual-Frequency Async Engine,1069,1397.385071398,0.0287,none,NONE,NONE
Dual-Frequency Async Engine,1070,1397.395610613,0.0393,intercepted,NONE,NONE
Dual-Frequency Async Engine,1071,1397.406112693,0.0498,intercepted,NONE,NONE
Dual-Frequency Async Engine,1072,1397.41669436,0.0603,fallback,STAGE_3,VELOCITY_LIMIT_BREACH
Dual-Frequency Async Engine,1073,1397.427890955,0.0715,none,NONE,NONE
Dual-Frequency Async Engine,1074,1397.438518903,0.0822,none,NONE,NONE
Dual-Frequency Async Engine,1075,1397.449106398,0.0928,none,NONE,NONE
Dual-Frequency Async Engine,1076,1397.459646082,0.1033,none,NONE,NONE
Dual-Frequency Async Engine,1077,1397.470192078,0.1138,none,NONE,NONE
Dual-Frequency Async Engine,1078,1397.48077045,0.1244,fallback,STAGE_3,VELOCITY_LIMIT_BREACH
Dual-Frequency Async Engine,1079,1397.491363655,0.135,none,NONE,NONE
Dual-Frequency Async Engine,1080,1397.502211704,0.1459,fallback,STAGE_3,VELOCITY_LIMIT_BREACH
Dual-Frequency Async Engine,1081,1397.512808417,0.1565,fallback,STAGE_3,VELOCITY_LIMIT_BREACH
Dual-Frequency Async Engine,1082,1397.523466146,0.1671,intercepted,NONE,NONE
Dual-Frequency Async Engine,1083,1397.534641131,0.1783,fallback,STAGE_3,VELOCITY_LIMIT_BREACH
Dual-Frequency Async Engine,1084,1397.545400316,0.1891,none,NONE,NONE
Dual-Frequency Async Engine,1085,1397.555971739,0.1996,none,NONE,NONE
Dual-Frequency Async Engine,1086,1397.56653572,0.2102,fallback,STAGE_3,VELOCITY_LIMIT_BREACH
Dual-Frequency Async Engine,1087,1397.57706696,0.2207,intercepted,NONE,NONE
Dual-Frequency Async Engine,1088,1397.587445037,0.2311,none,NONE,NONE
Dual-Frequency Async Engine,1089,1397.597926133,0.2416,none,NONE,NONE
Dual-Frequency Async Engine,1090,1397.60836061,0.252,none,NONE,NONE
Dual-Frequency Async Engine,1091,1397.618856481,0.2625,none,NONE,NONE
Dual-Frequency Async Engine,1092,1397.629406148,0.2731,none,NONE,NONE
Dual-Frequency Async Engine,1093,1397.639953908,0.2836,none,NONE,NONE
Dual-Frequency Async Engine,1094,1397.650461722,0.2941,fallback,STAGE_3,VELOCITY_LIMIT_BREACH
Dual-Frequency Async Engine,1095,1397.660972879,0.3046,intercepted,NONE,NONE
Dual-Frequency Async Engine,1096,1397.671485309,0.3151,intercepted,NONE,NONE
Dual-Frequency Async Engine,1097,1397.681988638,0.3256,intercepted,NONE,NONE
Dual-Frequency Async Engine,1098,1397.692479562,0.3361,fallback,STAGE_3,VELOCITY_LIMIT_BREACH
Dual-Frequency Async Engine,1099,1397.703038566,0.3467,intercepted,NONE,NONE
Dual-Frequency Async Engine,1100,1397.715141133,0.3588,none,NONE,NONE
Dual-Frequency Async Engine,1101,1397.725661344,0.3693,none,NONE,NONE
Dual-Frequency Async Engine,1102,1397.736183933,0.3798,none,NONE,NONE
Dual-Frequency Async Engine,1103,1397.7466672,0.3903,intercepted,NONE,NONE
Dual-Frequency Async Engine,1104,1397.757156576,0.4008,fallback,STAGE_3,VELOCITY_LIMIT_BREACH
Dual-Frequency Async Engine,1105,1397.767714091,0.4114,none,NONE,NONE
Dual-Frequency Async Engine,1106,1397.778297237,0.422,none,NONE,NONE
Dual-Frequency Async Engine,1107,1397.788800652,0.4325,none,NONE,NONE
Dual-Frequency Async Engine,1108,1397.799316958,0.443,fallback,STAGE_1,JSON_OR_VALIDATION_ERROR
Dual-Frequency Async Engine,1109,1397.809881659,0.4535,intercepted,NONE,NONE
Dual-Frequency Async Engine,1110,1397.820451691,0.4641,none,NONE,NONE
Dual-Frequency Async Engine,1111,1397.831057755,0.4747,intercepted,NONE,NONE
Dual-Frequency Async Engine,1112,1397.841585602,0.4852,none,NONE,NONE
Dual-Frequency Async Engine,1113,1397.852135595,0.4958,none,NONE,NONE
Dual-Frequency Async Engine,1114,1397.863127568,0.0065,none,NONE,NONE
Dual-Frequency Async Engine,1115,1397.873599353,0.017,intercepted,NONE,NONE
Dual-Frequency Async Engine,1116,1397.884109334,0.0275,none,NONE,NONE
Dual-Frequency Async Engine,1117,1397.894621263,0.038,fallback,STAGE_3,VELOCITY_LIMIT_BREACH
Dual-Frequency Async Engine,1118,1397.905108442,0.0485,fallback,STAGE_3,VELOCITY_LIMIT_BREACH
Dual-Frequency Async Engine,1119,1397.915566686,0.059,none,NONE,NONE
Dual-Frequency Async Engine,1120,1397.926068715,0.0695,none,NONE,NONE
Dual-Frequency Async Engine,1121,1397.936608723,0.08,none,NONE,NONE
Dual-Frequency Async Engine,1122,1397.947073448,0.0905,none,NONE,NONE
Dual-Frequency Async Engine,1123,1397.957543176,0.1009,none,NONE,NONE
Dual-Frequency Async Engine,1124,1397.968092559,0.1115,none,NONE,NONE
Dual-Frequency Async Engine,1125,1397.97855508,0.1219,intercepted,NONE,NONE
Dual-Frequency Async Engine,1126,1397.98905196,0.1324,none,NONE,NONE
Dual-Frequency Async Engine,1127,1397.999542323,0.1429,none,NONE,NONE
Dual-Frequency Async Engine,1128,1398.010047261,0.1534,none,NONE,NONE
Dual-Frequency Async Engine,1129,1398.020540612,0.1639,none,NONE,NONE
Dual-Frequency Async Engine,1130,1398.031039529,0.1744,none,NONE,NONE
Dual-Frequency Async Engine,1131,1398.041568169,0.185,none,NONE,NONE
Dual-Frequency Async Engine,1132,1398.052155231,0.1955,fallback,STAGE_1,JSON_OR_VALIDATION_ERROR
Dual-Frequency Async Engine,1133,1398.062883723,0.2063,none,NONE,NONE
Dual-Frequency Async Engine,1134,1398.073377054,0.2168,none,NONE,NONE
Dual-Frequency Async Engine,1135,1398.08390651,0.2273,none,NONE,NONE
Dual-Frequency Async Engine,1136,1398.09438166,0.2378,none,NONE,NONE
Dual-Frequency Async Engine,1137,1398.104815972,0.2482,none,NONE,NONE
Dual-Frequency Async Engine,1138,1398.115263554,0.2587,none,NONE,NONE
Dual-Frequency Async Engine,1139,1398.125673803,0.2691,none,NONE,NONE
Dual-Frequency Async Engine,1140,1398.136108926,0.2795,fallback,STAGE_3,VELOCITY_LIMIT_BREACH
Dual-Frequency Async Engine,1141,1398.146594321,0.29,intercepted,NONE,NONE
Dual-Frequency Async Engine,1142,1398.157081581,0.3005,none,NONE,NONE
Dual-Frequency Async Engine,1143,1398.167651689,0.311,none,NONE,NONE
Dual-Frequency Async Engine,1144,1398.178202591,0.3216,intercepted,NONE,NONE
Dual-Frequency Async Engine,1145,1398.188680867,0.3321,none,NONE,NONE
Dual-Frequency Async Engine,1146,1398.19918119,0.3426,fallback,STAGE_3,VELOCITY_LIMIT_BREACH
Dual-Frequency Async Engine,1147,1398.209650744,0.353,none,NONE,NONE
Dual-Frequency Async Engine,1148,1398.220187003,0.3636,intercepted,NONE,NONE
Dual-Frequency Async Engine,1149,1398.230658801,0.3741,fallback,STAGE_3,VELOCITY_LIMIT_BREACH
Dual-Frequency Async Engine,1150,1398.241205053,0.3846,fallback,STAGE_1,JSON_OR_VALIDATION_ERROR
Dual-Frequency Async Engine,1151,1398.251674316,0.3951,none,NONE,NONE
Dual-Frequency Async Engine,1152,1398.262146577,0.4055,none,NONE,NONE
Dual-Frequency Async Engine,1153,1398.272610401,0.416,fallback,STAGE_3,VELOCITY_LIMIT_BREACH
Dual-Frequency Async Engine,1154,1398.283077034,0.4265,none,NONE,NONE
Dual-Frequency Async Engine,1155,1398.29362008,0.437,none,NONE,NONE
Dual-Frequency Async Engine,1156,1398.304149772,0.4475,none,NONE,NONE
Dual-Frequency Async Engine,1157,1398.314700244,0.4581,none,NONE,NONE
Dual-Frequency Async Engine,1158,1398.325231866,0.4686,none,NONE,NONE
Dual-Frequency Async Engine,1159,1398.335714575,0.4791,none,NONE,NONE
Dual-Frequency Async Engine,1160,1398.346334517,0.4897,none,NONE,NONE
Dual-Frequency Async Engine,1161,1398.356849896,0.5002,fallback,STAGE_3,VELOCITY_LIMIT_BREACH
Dual-Frequency Async Engine,1162,1398.367683993,0.0106,none,NONE,NONE
Dual-Frequency Async Engine,1163,1398.378183727,0.0211,none,NONE,NONE
Dual-Frequency Async Engine,1164,1398.388707677,0.0316,none,NONE,NONE
Dual-Frequency Async Engine,1165,1398.399252544,0.0421,fallback,STAGE_3,VELOCITY_LIMIT_BREACH
Dual-Frequency Async Engine,1166,1398.409816123,0.0527,none,NONE,NONE
Dual-Frequency Async Engine,1167,1398.42033945,0.0632,none,NONE,NONE
Dual-Frequency Async Engine,1168,1398.430843971,0.0737,intercepted,NONE,NONE
Dual-Frequency Async Engine,1169,1398.441378267,0.0843,fallback,STAGE_3,VELOCITY_LIMIT_BREACH
Dual-Frequency Async Engine,1170,1398.451858502,0.0947,intercepted,NONE,NONE
Dual-Frequency Async Engine,1171,1398.462321937,0.1052,none,NONE,NONE
Dual-Frequency Async Engine,1172,1398.472789361,0.1157,none,NONE,NONE
Dual-Frequency Async Engine,1173,1398.483275557,0.1262,none,NONE,NONE
Dual-Frequency Async Engine,1174,1398.493760119,0.1366,fallback,STAGE_3,VELOCITY_LIMIT_BREACH
Dual-Frequency Async Engine,1175,1398.504311299,0.1472,fallback,STAGE_3,VELOCITY_LIMIT_BREACH
Dual-Frequency Async Engine,1176,1398.514823029,0.1577,intercepted,NONE,NONE
Dual-Frequency Async Engine,1177,1398.525323202,0.1682,none,NONE,NONE
Dual-Frequency Async Engine,1178,1398.535747345,0.1786,none,NONE,NONE
Dual-Frequency Async Engine,1179,1398.546155348,0.189,none,NONE,NONE
Dual-Frequency Async Engine,1180,1398.556599588,0.1995,none,NONE,NONE
Dual-Frequency Async Engine,1181,1398.569149718,0.212,intercepted,NONE,NONE
Dual-Frequency Async Engine,1182,1398.580296482,0.2232,fallback,STAGE_3,VELOCITY_LIMIT_BREACH
Dual-Frequency Async Engine,1183,1398.590850026,0.2337,none,NONE,NONE
Dual-Frequency Async Engine,1184,1398.601458871,0.2443,none,NONE,NONE
Dual-Frequency Async Engine,1185,1398.612533708,0.2554,none,NONE,NONE
Dual-Frequency Async Engine,1186,1398.623045273,0.2659,fallback,STAGE_3,VELOCITY_LIMIT_BREACH
Dual-Frequency Async Engine,1187,1398.63337611,0.2763,none,NONE,NONE
Dual-Frequency Async Engine,1188,1398.643863354,0.2867,none,NONE,NONE
Dual-Frequency Async Engine,1189,1398.65480862,0.2977,none,NONE,NONE
Dual-Frequency Async Engine,1190,1398.665344555,0.3082,intercepted,NONE,NONE
Dual-Frequency Async Engine,1191,1398.675951571,0.3188,intercepted,NONE,NONE
Dual-Frequency Async Engine,1192,1398.686607483,0.3295,fallback,STAGE_3,VELOCITY_LIMIT_BREACH
Dual-Frequency Async Engine,1193,1398.697164307,0.34,none,NONE,NONE
Dual-Frequency Async Engine,1194,1398.707508523,0.3504,none,NONE,NONE
Dual-Frequency Async Engine,1195,1398.718278856,0.3612,none,NONE,NONE
Dual-Frequency Async Engine,1196,1398.728874381,0.3718,none,NONE,NONE
Dual-Frequency Async Engine,1197,1398.739463387,0.3823,none,NONE,NONE
Dual-Frequency Async Engine,1198,1398.749963816,0.3928,fallback,STAGE_3,VELOCITY_LIMIT_BREACH
Dual-Frequency Async Engine,1199,1398.760523649,0.4034,none,NONE,NONE
Dual-Frequency Async Engine,1200,1398.771137555,0.414,fallback,STAGE_3,VELOCITY_LIMIT_BREACH
Dual-Frequency Async Engine,1201,1398.781704626,0.4246,fallback,STAGE_3,VELOCITY_LIMIT_BREACH
Dual-Frequency Async Engine,1202,1398.792216163,0.4351,intercepted,NONE,NONE
Dual-Frequency Async Engine,1203,1398.802747397,0.4456,fallback,STAGE_3,VELOCITY_LIMIT_BREACH
Dual-Frequency Async Engine,1204,1398.813312109,0.4562,none,NONE,NONE
Dual-Frequency Async Engine,1205,1398.824576112,0.4675,none,NONE,NONE
Dual-Frequency Async Engine,1206,1398.835188323,0.4781,fallback,STAGE_3,VELOCITY_LIMIT_BREACH
Dual-Frequency Async Engine,1207,1398.845702358,0.4886,intercepted,NONE,NONE
Dual-Frequency Async Engine,1208,1398.856193264,0.4991,none,NONE,NONE
Dual-Frequency Async Engine,1209,1398.867106574,0.0096,none,NONE,NONE
Dual-Frequency Async Engine,1210,1398.877547024,0.02,none,NONE,NONE
Dual-Frequency Async Engine,1211,1398.888098174,0.0305,none,NONE,NONE
Dual-Frequency Async Engine,1212,1398.898561052,0.041,none,NONE,NONE
Dual-Frequency Async Engine,1213,1398.909024208,0.0515,none,NONE,NONE
Dual-Frequency Async Engine,1214,1398.919456353,0.0619,fallback,STAGE_3,VELOCITY_LIMIT_BREACH
Dual-Frequency Async Engine,1215,1398.929944046,0.0724,intercepted,NONE,NONE
Dual-Frequency Async Engine,1216,1398.940382626,0.0828,intercepted,NONE,NONE
Dual-Frequency Async Engine,1217,1398.950793798,0.0932,intercepted,NONE,NONE
Dual-Frequency Async Engine,1218,1398.961276766,0.1037,fallback,STAGE_3,VELOCITY_LIMIT_BREACH
Dual-Frequency Async Engine,1219,1398.972152986,0.1146,intercepted,NONE,NONE
Dual-Frequency Async Engine,1220,1398.982625315,0.1251,none,NONE,NONE
Dual-Frequency Async Engine,1221,1398.993236146,0.1357,none,NONE,NONE
Dual-Frequency Async Engine,1222,1399.003718918,0.1462,none,NONE,NONE
Dual-Frequency Async Engine,1223,1399.014267418,0.1567,intercepted,NONE,NONE
Dual-Frequency Async Engine,1224,1399.024765036,0.1672,fallback,STAGE_3,VELOCITY_LIMIT_BREACH
Dual-Frequency Async Engine,1225,1399.035906369,0.1784,none,NONE,NONE
Dual-Frequency Async Engine,1226,1399.046452397,0.1889,none,NONE,NONE
Dual-Frequency Async Engine,1227,1399.057105355,0.1996,none,NONE,NONE
Dual-Frequency Async Engine,1228,1399.068106944,0.2106,fallback,STAGE_1,JSON_OR_VALIDATION_ERROR
Dual-Frequency Async Engine,1229,1399.078643277,0.2211,intercepted,NONE,NONE
Dual-Frequency Async Engine,1230,1399.089168801,0.2316,none,NONE,NONE
Dual-Frequency Async Engine,1231,1399.099688685,0.2421,intercepted,NONE,NONE
Dual-Frequency Async Engine,1232,1399.110828943,0.2533,none,NONE,NONE
Dual-Frequency Async Engine,1233,1399.121536483,0.264,none,NONE,NONE
Dual-Frequency Async Engine,1234,1399.132114026,0.2746,none,NONE,NONE
Dual-Frequency Async Engine,1235,1399.14264982,0.2851,intercepted,NONE,NONE
Dual-Frequency Async Engine,1236,1399.154143901,0.2966,none,NONE,NONE
Dual-Frequency Async Engine,1237,1399.164650998,0.3071,fallback,STAGE_3,VELOCITY_LIMIT_BREACH
Dual-Frequency Async Engine,1238,1399.175157075,0.3176,fallback,STAGE_3,VELOCITY_LIMIT_BREACH
Dual-Frequency Async Engine,1239,1399.185689038,0.3281,none,NONE,NONE
Dual-Frequency Async Engine,1240,1399.196418907,0.3389,none,NONE,NONE
Dual-Frequency Async Engine,1241,1399.20696815,0.3494,none,NONE,NONE
Dual-Frequency Async Engine,1242,1399.217558573,0.36,none,NONE,NONE
Dual-Frequency Async Engine,1243,1399.228298392,0.3707,none,NONE,NONE
Dual-Frequency Async Engine,1244,1399.238840753,0.3813,none,NONE,NONE
Dual-Frequency Async Engine,1245,1399.250161699,0.3926,intercepted,NONE,NONE
Dual-Frequency Async Engine,1246,1399.260701178,0.4032,none,NONE,NONE
Dual-Frequency Async Engine,1247,1399.271277223,0.4137,none,NONE,NONE
Dual-Frequency Async Engine,1248,1399.281808566,0.4243,none,NONE,NONE
Dual-Frequency Async Engine,1249,1399.292708015,0.4352,none,NONE,NONE
Dual-Frequency Async Engine,1250,1399.303243614,0.4457,none,NONE,NONE
Dual-Frequency Async Engine,1251,1399.313728617,0.4562,none,NONE,NONE
Dual-Frequency Async Engine,1252,1399.324089362,0.4665,fallback,STAGE_1,JSON_OR_VALIDATION_ERROR
Dual-Frequency Async Engine,1253,1399.334528108,0.477,none,NONE,NONE
Dual-Frequency Async Engine,1254,1399.345101832,0.4876,none,NONE,NONE
Dual-Frequency Async Engine,1255,1399.355645525,0.4981,none,NONE,NONE
Dual-Frequency Async Engine,1256,1399.366732273,0.0086,none,NONE,NONE
Dual-Frequency Async Engine,1257,1399.377445217,0.0193,none,NONE,NONE
Dual-Frequency Async Engine,1258,1399.388176553,0.0301,none,NONE,NONE
Dual-Frequency Async Engine,1259,1399.398776555,0.0407,none,NONE,NONE
Dual-Frequency Async Engine,1260,1399.409441016,0.0513,fallback,STAGE_3,VELOCITY_LIMIT_BREACH
Dual-Frequency Async Engine,1261,1399.420120363,0.062,intercepted,NONE,NONE
Dual-Frequency Async Engine,1262,1399.430693117,0.0726,none,NONE,NONE
Dual-Frequency Async Engine,1263,1399.441322983,0.0832,none,NONE,NONE
Dual-Frequency Async Engine,1264,1399.451864908,0.0937,intercepted,NONE,NONE
Dual-Frequency Async Engine,1265,1399.462447898,0.1043,none,NONE,NONE
Dual-Frequency Async Engine,1266,1399.473082052,0.115,fallback,STAGE_3,VELOCITY_LIMIT_BREACH
Dual-Frequency Async Engine,1267,1399.483672657,0.1256,none,NONE,NONE
Dual-Frequency Async Engine,1268,1399.494214929,0.1361,intercepted,NONE,NONE
Dual-Frequency Async Engine,1269,1399.504762901,0.1466,fallback,STAGE_3,VELOCITY_LIMIT_BREACH
Dual-Frequency Async Engine,1270,1399.515362523,0.1572,fallback,STAGE_1,JSON_OR_VALIDATION_ERROR
Dual-Frequency Async Engine,1271,1399.525831045,0.1677,none,NONE,NONE
Dual-Frequency Async Engine,1272,1399.536397471,0.1783,none,NONE,NONE
Dual-Frequency Async Engine,1273,1399.546947169,0.1888,fallback,STAGE_3,VELOCITY_LIMIT_BREACH
Dual-Frequency Async Engine,1274,1399.557708641,0.1996,none,NONE,NONE
Dual-Frequency Async Engine,1275,1399.568467294,0.2103,none,NONE,NONE
Dual-Frequency Async Engine,1276,1399.578975636,0.2209,none,NONE,NONE
Dual-Frequency Async Engine,1277,1399.589586467,0.2315,none,NONE,NONE
Dual-Frequency Async Engine,1278,1399.600127333,0.242,none,NONE,NONE
Dual-Frequency Async Engine,1279,1399.610655854,0.2525,none,NONE,NONE
Dual-Frequency Async Engine,1280,1399.621188941,0.2631,none,NONE,NONE
Dual-Frequency Async Engine,1281,1399.631766776,0.2736,fallback,STAGE_3,VELOCITY_LIMIT_BREACH
Dual-Frequency Async Engine,1282,1399.642399776,0.2843,none,NONE,NONE
Dual-Frequency Async Engine,1283,1399.653374456,0.2953,none,NONE,NONE
Dual-Frequency Async Engine,1284,1399.663860837,0.3057,none,NONE,NONE
Dual-Frequency Async Engine,1285,1399.674383946,0.3163,fallback,STAGE_3,VELOCITY_LIMIT_BREACH
Dual-Frequency Async Engine,1286,1399.684883571,0.3268,none,NONE,NONE
Dual-Frequency Async Engine,1287,1399.695372188,0.3373,none,NONE,NONE
Dual-Frequency Async Engine,1288,1399.705881702,0.3478,intercepted,NONE,NONE
Dual-Frequency Async Engine,1289,1399.716388836,0.3583,fallback,STAGE_3,VELOCITY_LIMIT_BREACH
Dual-Frequency Async Engine,1290,1399.726948471,0.3688,intercepted,NONE,NONE
Dual-Frequency Async Engine,1291,1399.737581828,0.3795,none,NONE,NONE
Dual-Frequency Async Engine,1292,1399.748129997,0.39,none,NONE,NONE
Dual-Frequency Async Engine,1293,1399.758758711,0.4006,none,NONE,NONE
Dual-Frequency Async Engine,1294,1399.769372632,0.4113,fallback,STAGE_3,VELOCITY_LIMIT_BREACH
Dual-Frequency Async Engine,1295,1399.779958285,0.4218,fallback,STAGE_3,VELOCITY_LIMIT_BREACH
Dual-Frequency Async Engine,1296,1399.790569234,0.4324,intercepted,NONE,NONE
Dual-Frequency Async Engine,1297,1399.801120862,0.443,none,NONE,NONE
Dual-Frequency Async Engine,1298,1399.811674941,0.4536,none,NONE,NONE
Dual-Frequency Async Engine,1299,1399.822312782,0.4642,none,NONE,NONE
Dual-Frequency Async Engine,1300,1399.832820142,0.4747,none,NONE,NONE
Dual-Frequency Async Engine,1301,1399.843368472,0.4852,intercepted,NONE,NONE
Dual-Frequency Async Engine,1302,1399.8538588,0.4957,fallback,STAGE_3,VELOCITY_LIMIT_BREACH
Dual-Frequency Async Engine,1303,1399.864853759,0.0066,none,NONE,NONE
Dual-Frequency Async Engine,1304,1399.875401326,0.0171,none,NONE,NONE
Dual-Frequency Async Engine,1305,1399.885868293,0.0276,none,NONE,NONE
Dual-Frequency Async Engine,1306,1399.89645007,0.0382,fallback,STAGE_3,VELOCITY_LIMIT_BREACH
Dual-Frequency Async Engine,1307,1399.906945647,0.0486,none,NONE,NONE
Dual-Frequency Async Engine,1308,1399.917434565,0.0591,none,NONE,NONE
Dual-Frequency Async Engine,1309,1399.927871293,0.0696,none,NONE,NONE
Dual-Frequency Async Engine,1310,1399.938403531,0.0801,intercepted,NONE,NONE
Dual-Frequency Async Engine,1311,1399.948895357,0.0906,intercepted,NONE,NONE
Dual-Frequency Async Engine,1312,1399.959364691,0.1011,fallback,STAGE_3,VELOCITY_LIMIT_BREACH
Dual-Frequency Async Engine,1313,1399.969848034,0.1116,none,NONE,NONE
Dual-Frequency Async Engine,1314,1399.980460536,0.1222,none,NONE,NONE
Dual-Frequency Async Engine,1315,1399.991098036,0.1328,none,NONE,NONE
Dual-Frequency Async Engine,1316,1400.001566394,0.1433,none,NONE,NONE
Dual-Frequency Async Engine,1317,1400.01213464,0.1538,none,NONE,NONE
Dual-Frequency Async Engine,1318,1400.02267437,0.1644,fallback,STAGE_3,VELOCITY_LIMIT_BREACH
Dual-Frequency Async Engine,1319,1400.033189452,0.1749,none,NONE,NONE
Dual-Frequency Async Engine,1320,1400.043744099,0.1854,fallback,STAGE_3,VELOCITY_LIMIT_BREACH
Dual-Frequency Async Engine,1321,1400.05440289,0.1961,fallback,STAGE_3,VELOCITY_LIMIT_BREACH
Dual-Frequency Async Engine,1322,1400.065144926,0.2068,intercepted,NONE,NONE
Dual-Frequency Async Engine,1323,1400.075682447,0.2174,fallback,STAGE_3,VELOCITY_LIMIT_BREACH
Dual-Frequency Async Engine,1324,1400.086182727,0.2279,none,NONE,NONE
Dual-Frequency Async Engine,1325,1400.096773406,0.2385,none,NONE,NONE
Dual-Frequency Async Engine,1326,1400.107417462,0.2491,fallback,STAGE_3,VELOCITY_LIMIT_BREACH
Dual-Frequency Async Engine,1327,1400.117897115,0.2596,intercepted,NONE,NONE
Dual-Frequency Async Engine,1328,1400.128523352,0.2702,none,NONE,NONE
Dual-Frequency Async Engine,1329,1400.139136682,0.2808,none,NONE,NONE
Dual-Frequency Async Engine,1330,1400.14969014,0.2914,none,NONE,NONE
Dual-Frequency Async Engine,1331,1400.160194479,0.3019,none,NONE,NONE
Dual-Frequency Async Engine,1332,1400.17067788,0.3124,none,NONE,NONE
Dual-Frequency Async Engine,1333,1400.181206565,0.3229,none,NONE,NONE
Dual-Frequency Async Engine,1334,1400.191747841,0.3335,fallback,STAGE_3,VELOCITY_LIMIT_BREACH
Dual-Frequency Async Engine,1335,1400.202378701,0.3441,intercepted,NONE,NONE
Dual-Frequency Async Engine,1336,1400.212903903,0.3546,intercepted,NONE,NONE
Dual-Frequency Async Engine,1337,1400.223445316,0.3651,intercepted,NONE,NONE
Dual-Frequency Async Engine,1338,1400.23397232,0.3757,fallback,STAGE_3,VELOCITY_LIMIT_BREACH
Dual-Frequency Async Engine,1339,1400.244604753,0.3863,intercepted,NONE,NONE
Dual-Frequency Async Engine,1340,1400.255173149,0.3969,none,NONE,NONE
Dual-Frequency Async Engine,1341,1400.265677024,0.4074,none,NONE,NONE
Dual-Frequency Async Engine,1342,1400.276313554,0.418,none,NONE,NONE
Dual-Frequency Async Engine,1343,1400.286871881,0.4286,intercepted,NONE,NONE
Dual-Frequency Async Engine,1344,1400.297389715,0.4391,fallback,STAGE_3,VELOCITY_LIMIT_BREACH
Dual-Frequency Async Engine,1345,1400.307905986,0.4496,none,NONE,NONE
Dual-Frequency Async Engine,1346,1400.318422014,0.4601,none,NONE,NONE
Dual-Frequency Async Engine,1347,1400.328885867,0.4706,none,NONE,NONE
Dual-Frequency Async Engine,1348,1400.339341984,0.481,fallback,STAGE_1,JSON_OR_VALIDATION_ERROR
Dual-Frequency Async Engine,1349,1400.349827802,0.4915,intercepted,NONE,NONE
Dual-Frequency Async Engine,1350,1400.360838738,0.0013,none,NONE,NONE
Dual-Frequency Async Engine,1351,1400.371377246,0.0119,intercepted,NONE,NONE
Dual-Frequency Async Engine,1352,1400.381909387,0.0224,none,NONE,NONE
Dual-Frequency Async Engine,1353,1400.392434025,0.0329,none,NONE,NONE
Dual-Frequency Async Engine,1354,1400.402915955,0.0434,none,NONE,NONE
Dual-Frequency Async Engine,1355,1400.413469364,0.054,intercepted,NONE,NONE
Dual-Frequency Async Engine,1356,1400.424090124,0.0646,none,NONE,NONE
Dual-Frequency Async Engine,1357,1400.434660966,0.0751,fallback,STAGE_3,VELOCITY_LIMIT_BREACH
Dual-Frequency Async Engine,1358,1400.445173186,0.0857,fallback,STAGE_3,VELOCITY_LIMIT_BREACH
Dual-Frequency Async Engine,1359,1400.455777629,0.0963,none,NONE,NONE
Dual-Frequency Async Engine,1360,1400.466393803,0.1069,none,NONE,NONE
Dual-Frequency Async Engine,1361,1400.47698189,0.1175,none,NONE,NONE
Dual-Frequency Async Engine,1362,1400.487564575,0.128,none,NONE,NONE
Dual-Frequency Async Engine,1363,1400.498150874,0.1386,none,NONE,NONE
Dual-Frequency Async Engine,1364,1400.508701044,0.1492,none,NONE,NONE
Dual-Frequency Async Engine,1365,1400.519281813,0.1598,intercepted,NONE,NONE
Dual-Frequency Async Engine,1366,1400.529834331,0.1703,none,NONE,NONE
Dual-Frequency Async Engine,1367,1400.54044593,0.1809,none,NONE,NONE
Dual-Frequency Async Engine,1368,1400.55098866,0.1915,none,NONE,NONE
Dual-Frequency Async Engine,1369,1400.561942315,0.2024,none,NONE,NONE
Dual-Frequency Async Engine,1370,1400.572562815,0.213,none,NONE,NONE
Dual-Frequency Async Engine,1371,1400.583157102,0.2236,none,NONE,NONE
Dual-Frequency Async Engine,1372,1400.593745247,0.2342,fallback,STAGE_1,JSON_OR_VALIDATION_ERROR
Dual-Frequency Async Engine,1373,1400.604394335,0.2449,none,NONE,NONE
Dual-Frequency Async Engine,1374,1400.614876641,0.2554,none,NONE,NONE
Dual-Frequency Async Engine,1375,1400.62539283,0.2659,none,NONE,NONE
Dual-Frequency Async Engine,1376,1400.635885225,0.2764,none,NONE,NONE
Dual-Frequency Async Engine,1377,1400.646363941,0.2868,none,NONE,NONE
Dual-Frequency Async Engine,1378,1400.656842478,0.2973,none,NONE,NONE
Dual-Frequency Async Engine,1379,1400.667424825,0.3079,none,NONE,NONE
Dual-Frequency Async Engine,1380,1400.677885896,0.3184,fallback,STAGE_3,VELOCITY_LIMIT_BREACH
Dual-Frequency Async Engine,1381,1400.688396659,0.3289,intercepted,NONE,NONE
Dual-Frequency Async Engine,1382,1400.698924742,0.3394,none,NONE,NONE
Dual-Frequency Async Engine,1383,1400.709479835,0.35,none,NONE,NONE
Dual-Frequency Async Engine,1384,1400.720002174,0.3605,intercepted,NONE,NONE
Dual-Frequency Async Engine,1385,1400.730645124,0.3711,none,NONE,NONE
Dual-Frequency Async Engine,1386,1400.741293972,0.3818,fallback,STAGE_3,VELOCITY_LIMIT_BREACH
Dual-Frequency Async Engine,1387,1400.7519041,0.3924,none,NONE,NONE
Dual-Frequency Async Engine,1388,1400.762402828,0.4029,intercepted,NONE,NONE
Dual-Frequency Async Engine,1389,1400.773085459,0.4136,fallback,STAGE_3,VELOCITY_LIMIT_BREACH
Dual-Frequency Async Engine,1390,1400.783795329,0.4243,fallback,STAGE_1,JSON_OR_VALIDATION_ERROR
Dual-Frequency Async Engine,1391,1400.794372996,0.4349,none,NONE,NONE
Dual-Frequency Async Engine,1392,1400.804922997,0.4454,none,NONE,NONE
Dual-Frequency Async Engine,1393,1400.815583299,0.4561,fallback,STAGE_3,VELOCITY_LIMIT_BREACH
Dual-Frequency Async Engine,1394,1400.826150773,0.4666,none,NONE,NONE
Dual-Frequency Async Engine,1395,1400.836603379,0.4771,none,NONE,NONE
Dual-Frequency Async Engine,1396,1400.847079835,0.4876,none,NONE,NONE
Dual-Frequency Async Engine,1397,1400.857506008,0.498,none,NONE,NONE
Dual-Frequency Async Engine,1398,1400.86852847,0.0076,none,NONE,NONE
Dual-Frequency Async Engine,1399,1400.879167619,0.0182,none,NONE,NONE
Dual-Frequency Async Engine,1400,1400.889852663,0.0289,none,NONE,NONE
Dual-Frequency Async Engine,1401,1400.900417841,0.0395,fallback,STAGE_3,VELOCITY_LIMIT_BREACH
Dual-Frequency Async Engine,1402,1400.910943087,0.05,none,NONE,NONE
Dual-Frequency Async Engine,1403,1400.921620914,0.0607,none,NONE,NONE
Dual-Frequency Async Engine,1404,1400.932178945,0.0713,none,NONE,NONE
Dual-Frequency Async Engine,1405,1400.942669659,0.0818,fallback,STAGE_3,VELOCITY_LIMIT_BREACH
Dual-Frequency Async Engine,1406,1400.953126001,0.0922,none,NONE,NONE
Dual-Frequency Async Engine,1407,1400.963623375,0.1027,none,NONE,NONE
Dual-Frequency Async Engine,1408,1400.974160248,0.1132,intercepted,NONE,NONE
Dual-Frequency Async Engine,1409,1400.984658396,0.1237,fallback,STAGE_3,VELOCITY_LIMIT_BREACH
Dual-Frequency Async Engine,1410,1400.995197393,0.1343,intercepted,NONE,NONE
Dual-Frequency Async Engine,1411,1401.005825484,0.1449,none,NONE,NONE
Dual-Frequency Async Engine,1412,1401.016344245,0.1554,none,NONE,NONE
Dual-Frequency Async Engine,1413,1401.026889502,0.166,none,NONE,NONE
Dual-Frequency Async Engine,1414,1401.037421523,0.1765,fallback,STAGE_3,VELOCITY_LIMIT_BREACH
Dual-Frequency Async Engine,1415,1401.048112928,0.1872,fallback,STAGE_3,VELOCITY_LIMIT_BREACH
Dual-Frequency Async Engine,1416,1401.058663906,0.1977,intercepted,NONE,NONE
Dual-Frequency Async Engine,1417,1401.069401176,0.2085,none,NONE,NONE
Dual-Frequency Async Engine,1418,1401.079906863,0.219,none,NONE,NONE
Dual-Frequency Async Engine,1419,1401.090395274,0.2295,none,NONE,NONE
Dual-Frequency Async Engine,1420,1401.100954626,0.24,none,NONE,NONE
Dual-Frequency Async Engine,1421,1401.111569956,0.2506,intercepted,NONE,NONE
Dual-Frequency Async Engine,1422,1401.12217055,0.2612,fallback,STAGE_3,VELOCITY_LIMIT_BREACH
Dual-Frequency Async Engine,1423,1401.132760956,0.2718,none,NONE,NONE
Dual-Frequency Async Engine,1424,1401.143366643,0.2824,none,NONE,NONE
Dual-Frequency Async Engine,1425,1401.153837363,0.2929,none,NONE,NONE
Dual-Frequency Async Engine,1426,1401.164407945,0.3035,fallback,STAGE_3,VELOCITY_LIMIT_BREACH
Dual-Frequency Async Engine,1427,1401.174921912,0.314,none,NONE,NONE
Dual-Frequency Async Engine,1428,1401.185470969,0.3245,none,NONE,NONE
Dual-Frequency Async Engine,1429,1401.196060574,0.3351,none,NONE,NONE
Dual-Frequency Async Engine,1430,1401.206630258,0.3457,intercepted,NONE,NONE
Dual-Frequency Async Engine,1431,1401.21712415,0.3562,intercepted,NONE,NONE
Dual-Frequency Async Engine,1432,1401.227711953,0.3668,fallback,STAGE_3,VELOCITY_LIMIT_BREACH
Dual-Frequency Async Engine,1433,1401.238186492,0.3773,none,NONE,NONE
Dual-Frequency Async Engine,1434,1401.248658713,0.3877,none,NONE,NONE
Dual-Frequency Async Engine,1435,1401.259160795,0.3982,none,NONE,NONE
Dual-Frequency Async Engine,1436,1401.26966968,0.4087,none,NONE,NONE
Dual-Frequency Async Engine,1437,1401.280180437,0.4193,none,NONE,NONE
Dual-Frequency Async Engine,1438,1401.290664449,0.4297,fallback,STAGE_3,VELOCITY_LIMIT_BREACH
Dual-Frequency Async Engine,1439,1401.301169234,0.4402,none,NONE,NONE
Dual-Frequency Async Engine,1440,1401.311620541,0.4507,fallback,STAGE_3,VELOCITY_LIMIT_BREACH
Dual-Frequency Async Engine,1441,1401.322132496,0.4612,fallback,STAGE_3,VELOCITY_LIMIT_BREACH
Dual-Frequency Async Engine,1442,1401.332569383,0.4716,intercepted,NONE,NONE
Dual-Frequency Async Engine,1443,1401.343156423,0.4822,fallback,STAGE_3,VELOCITY_LIMIT_BREACH
Dual-Frequency Async Engine,1444,1401.353733538,0.4928,none,NONE,NONE
Dual-Frequency Async Engine,1445,1401.364813136,0.0043,none,NONE,NONE
Dual-Frequency Async Engine,1446,1401.375424592,0.0149,fallback,STAGE_3,VELOCITY_LIMIT_BREACH
Dual-Frequency Async Engine,1447,1401.385933824,0.0254,intercepted,NONE,NONE
Dual-Frequency Async Engine,1448,1401.396487561,0.036,none,NONE,NONE
Dual-Frequency Async Engine,1449,1401.407104786,0.0466,none,NONE,NONE
Dual-Frequency Async Engine,1450,1401.417708321,0.0572,none,NONE,NONE
Dual-Frequency Async Engine,1451,1401.428400045,0.0679,none,NONE,NONE
Dual-Frequency Async Engine,1452,1401.439079172,0.0786,none,NONE,NONE
Dual-Frequency Async Engine,1453,1401.449650552,0.0891,none,NONE,NONE
Dual-Frequency Async Engine,1454,1401.460385128,0.0999,fallback,STAGE_3,VELOCITY_LIMIT_BREACH
Dual-Frequency Async Engine,1455,1401.470951096,0.1104,intercepted,NONE,NONE
Dual-Frequency Async Engine,1456,1401.481671616,0.1212,intercepted,NONE,NONE
Dual-Frequency Async Engine,1457,1401.492262933,0.1317,intercepted,NONE,NONE
Dual-Frequency Async Engine,1458,1401.502913092,0.1424,fallback,STAGE_3,VELOCITY_LIMIT_BREACH
Dual-Frequency Async Engine,1459,1401.513461209,0.1529,intercepted,NONE,NONE
Dual-Frequency Async Engine,1460,1401.524130819,0.1636,none,NONE,NONE
Dual-Frequency Async Engine,1461,1401.534674496,0.1742,none,NONE,NONE
Dual-Frequency Async Engine,1462,1401.545179129,0.1847,none,NONE,NONE
Dual-Frequency Async Engine,1463,1401.55583654,0.1953,intercepted,NONE,NONE
Dual-Frequency Async Engine,1464,1401.566755552,0.2062,fallback,STAGE_3,VELOCITY_LIMIT_BREACH
Dual-Frequency Async Engine,1465,1401.577443249,0.2169,none,NONE,NONE
Dual-Frequency Async Engine,1466,1401.587989891,0.2275,none,NONE,NONE
Dual-Frequency Async Engine,1467,1401.598677007,0.2382,none,NONE,NONE
Dual-Frequency Async Engine,1468,1401.609229342,0.2487,fallback,STAGE_1,JSON_OR_VALIDATION_ERROR
Dual-Frequency Async Engine,1469,1401.619696342,0.2592,intercepted,NONE,NONE
Dual-Frequency Async Engine,1470,1401.630149973,0.2696,none,NONE,NONE
Dual-Frequency Async Engine,1471,1401.640690489,0.2802,intercepted,NONE,NONE
Dual-Frequency Async Engine,1472,1401.651214712,0.2907,none,NONE,NONE
Dual-Frequency Async Engine,1473,1401.661759978,0.3012,none,NONE,NONE
Dual-Frequency Async Engine,1474,1401.672444023,0.3119,none,NONE,NONE
Dual-Frequency Async Engine,1475,1401.683002029,0.3225,intercepted,NONE,NONE
Dual-Frequency Async Engine,1476,1401.693662004,0.3331,none,NONE,NONE
Dual-Frequency Async Engine,1477,1401.704226124,0.3437,fallback,STAGE_3,VELOCITY_LIMIT_BREACH
Dual-Frequency Async Engine,1478,1401.714777772,0.3543,fallback,STAGE_3,VELOCITY_LIMIT_BREACH
Dual-Frequency Async Engine,1479,1401.725357762,0.3648,none,NONE,NONE
Dual-Frequency Async Engine,1480,1401.735909175,0.3754,none,NONE,NONE
Dual-Frequency Async Engine,1481,1401.746557381,0.386,none,NONE,NONE
Dual-Frequency Async Engine,1482,1401.757139968,0.3966,none,NONE,NONE
Dual-Frequency Async Engine,1483,1401.767762428,0.4072,none,NONE,NONE
Dual-Frequency Async Engine,1484,1401.778422579,0.4179,none,NONE,NONE
Dual-Frequency Async Engine,1485,1401.788995793,0.4285,intercepted,NONE,NONE
Dual-Frequency Async Engine,1486,1401.79952917,0.439,none,NONE,NONE
Dual-Frequency Async Engine,1487,1401.810155017,0.4496,none,NONE,NONE
Dual-Frequency Async Engine,1488,1401.820695008,0.4602,none,NONE,NONE
Dual-Frequency Async Engine,1489,1401.831269678,0.4708,none,NONE,NONE
Dual-Frequency Async Engine,1490,1401.841832216,0.4813,none,NONE,NONE
Dual-Frequency Async Engine,1491,1401.852500069,0.492,none,NONE,NONE
Dual-Frequency Async Engine,1492,1401.863564745,0.0023,fallback,STAGE_1,JSON_OR_VALIDATION_ERROR
Dual-Frequency Async Engine,1493,1401.874118721,0.0129,none,NONE,NONE
Dual-Frequency Async Engine,1494,1401.884644467,0.0234,none,NONE,NONE
Dual-Frequency Async Engine,1495,1401.895422973,0.0342,none,NONE,NONE
Dual-Frequency Async Engine,1496,1401.906075956,0.0448,none,NONE,NONE
Dual-Frequency Async Engine,1497,1401.916680025,0.0554,none,NONE,NONE
Dual-Frequency Async Engine,1498,1401.927340975,0.0661,none,NONE,NONE
Dual-Frequency Async Engine,1499,1401.937950673,0.0767,none,NONE,NONE
Dual-Frequency Async Engine,1500,1401.948495291,0.0872,fallback,STAGE_3,VELOCITY_LIMIT_BREACH
Dual-Frequency Async Engine,1501,1401.959104627,0.0979,intercepted,NONE,NONE
Dual-Frequency Async Engine,1502,1401.969693642,0.1084,none,NONE,NONE
Dual-Frequency Async Engine,1503,1401.980200637,0.119,none,NONE,NONE
Dual-Frequency Async Engine,1504,1401.990741311,0.1295,intercepted,NONE,NONE
Dual-Frequency Async Engine,1505,1402.001354784,0.1401,none,NONE,NONE
Dual-Frequency Async Engine,1506,1402.011930338,0.1507,fallback,STAGE_3,VELOCITY_LIMIT_BREACH
Dual-Frequency Async Engine,1507,1402.02241308,0.1612,none,NONE,NONE
Dual-Frequency Async Engine,1508,1402.032947259,0.1717,intercepted,NONE,NONE
Dual-Frequency Async Engine,1509,1402.043536357,0.1823,fallback,STAGE_3,VELOCITY_LIMIT_BREACH
Dual-Frequency Async Engine,1510,1402.05416402,0.1929,fallback,STAGE_1,JSON_OR_VALIDATION_ERROR
Dual-Frequency Async Engine,1511,1402.064976381,0.2037,none,NONE,NONE
Dual-Frequency Async Engine,1512,1402.075579628,0.2143,none,NONE,NONE
Dual-Frequency Async Engine,1513,1402.086122539,0.2249,fallback,STAGE_3,VELOCITY_LIMIT_BREACH
Dual-Frequency Async Engine,1514,1402.09672186,0.2355,none,NONE,NONE
Dual-Frequency Async Engine,1515,1402.10734545,0.2461,none,NONE,NONE
Dual-Frequency Async Engine,1516,1402.117937514,0.2567,none,NONE,NONE
Dual-Frequency Async Engine,1517,1402.128589133,0.2673,none,NONE,NONE
Dual-Frequency Async Engine,1518,1402.139164031,0.2779,none,NONE,NONE
Dual-Frequency Async Engine,1519,1402.149756726,0.2885,none,NONE,NONE
Dual-Frequency Async Engine,1520,1402.160431925,0.2992,none,NONE,NONE
Dual-Frequency Async Engine,1521,1402.170961824,0.3097,fallback,STAGE_3,VELOCITY_LIMIT_BREACH
Dual-Frequency Async Engine,1522,1402.181480272,0.3202,none,NONE,NONE
Dual-Frequency Async Engine,1523,1402.192093334,0.3308,none,NONE,NONE
Dual-Frequency Async Engine,1524,1402.202641582,0.3414,none,NONE,NONE
Dual-Frequency Async Engine,1525,1402.213160437,0.3519,fallback,STAGE_3,VELOCITY_LIMIT_BREACH
Dual-Frequency Async Engine,1526,1402.223767061,0.3625,none,NONE,NONE
Dual-Frequency Async Engine,1527,1402.23458687,0.3733,none,NONE,NONE
Dual-Frequency Async Engine,1528,1402.245160999,0.3839,intercepted,NONE,NONE
Dual-Frequency Async Engine,1529,1402.25571741,0.3945,fallback,STAGE_3,VELOCITY_LIMIT_BREACH
Dual-Frequency Async Engine,1530,1402.266363142,0.4051,intercepted,NONE,NONE
Dual-Frequency Async Engine,1531,1402.2769294,0.4157,none,NONE,NONE
Dual-Frequency Async Engine,1532,1402.287454958,0.4262,none,NONE,NONE
Dual-Frequency Async Engine,1533,1402.298056302,0.4368,none,NONE,NONE
Dual-Frequency Async Engine,1534,1402.308760046,0.4475,fallback,STAGE_3,VELOCITY_LIMIT_BREACH
Dual-Frequency Async Engine,1535,1402.319384725,0.4581,fallback,STAGE_3,VELOCITY_LIMIT_BREACH
Dual-Frequency Async Engine,1536,1402.32994445,0.4687,intercepted,NONE,NONE
Dual-Frequency Async Engine,1537,1402.340626931,0.4794,none,NONE,NONE
Dual-Frequency Async Engine,1538,1402.351203034,0.49,none,NONE,NONE
Dual-Frequency Async Engine,1539,1402.362207231,0.0001,none,NONE,NONE
Dual-Frequency Async Engine,1540,1402.372778531,0.0107,none,NONE,NONE
Dual-Frequency Async Engine,1541,1402.383405058,0.0213,intercepted,NONE,NONE
Dual-Frequency Async Engine,1542,1402.393925335,0.0318,fallback,STAGE_3,VELOCITY_LIMIT_BREACH
Dual-Frequency Async Engine,1543,1402.404560218,0.0425,none,NONE,NONE
Dual-Frequency Async Engine,1544,1402.415175551,0.0531,none,NONE,NONE
Dual-Frequency Async Engine,1545,1402.425785595,0.0637,none,NONE,NONE
Dual-Frequency Async Engine,1546,1402.436488423,0.0744,fallback,STAGE_3,VELOCITY_LIMIT_BREACH
Dual-Frequency Async Engine,1547,1402.447058666,0.085,none,NONE,NONE
Dual-Frequency Async Engine,1548,1402.45756617,0.0955,none,NONE,NONE
Dual-Frequency Async Engine,1549,1402.468136498,0.106,none,NONE,NONE
Dual-Frequency Async Engine,1550,1402.478658452,0.1166,intercepted,NONE,NONE
Dual-Frequency Async Engine,1551,1402.48923091,0.1271,intercepted,NONE,NONE
Dual-Frequency Async Engine,1552,1402.499807359,0.1377,fallback,STAGE_3,VELOCITY_LIMIT_BREACH
Dual-Frequency Async Engine,1553,1402.510463551,0.1484,none,NONE,NONE
Dual-Frequency Async Engine,1554,1402.521127387,0.159,none,NONE,NONE
Dual-Frequency Async Engine,1555,1402.531756886,0.1697,none,NONE,NONE
Dual-Frequency Async Engine,1556,1402.542374653,0.1803,none,NONE,NONE
Dual-Frequency Async Engine,1557,1402.552927432,0.1908,none,NONE,NONE
Dual-Frequency Async Engine,1558,1402.56370107,0.2016,fallback,STAGE_3,VELOCITY_LIMIT_BREACH
Dual-Frequency Async Engine,1559,1402.574453881,0.2124,none,NONE,NONE
Dual-Frequency Async Engine,1560,1402.585104651,0.223,fallback,STAGE_3,VELOCITY_LIMIT_BREACH
Dual-Frequency Async Engine,1561,1402.595650161,0.2336,fallback,STAGE_3,VELOCITY_LIMIT_BREACH
Dual-Frequency Async Engine,1562,1402.606391927,0.2443,intercepted,NONE,NONE
Dual-Frequency Async Engine,1563,1402.616927606,0.2548,fallback,STAGE_3,VELOCITY_LIMIT_BREACH
Dual-Frequency Async Engine,1564,1402.62747214,0.2654,none,NONE,NONE
Dual-Frequency Async Engine,1565,1402.638092354,0.276,none,NONE,NONE
Dual-Frequency Async Engine,1566,1402.648662501,0.2866,fallback,STAGE_3,VELOCITY_LIMIT_BREACH
Dual-Frequency Async Engine,1567,1402.659181974,0.2971,intercepted,NONE,NONE
Dual-Frequency Async Engine,1568,1402.669740184,0.3077,none,NONE,NONE
Dual-Frequency Async Engine,1569,1402.680445389,0.3184,none,NONE,NONE
Dual-Frequency Async Engine,1570,1402.690997706,0.329,none,NONE,NONE
Dual-Frequency Async Engine,1571,1402.701588594,0.3395,none,NONE,NONE
Dual-Frequency Async Engine,1572,1402.712162074,0.3501,none,NONE,NONE
Dual-Frequency Async Engine,1573,1402.722697062,0.3606,none,NONE,NONE
Dual-Frequency Async Engine,1574,1402.733192927,0.3711,fallback,STAGE_3,VELOCITY_LIMIT_BREACH
Dual-Frequency Async Engine,1575,1402.74372383,0.3816,intercepted,NONE,NONE
Dual-Frequency Async Engine,1576,1402.754209746,0.3921,intercepted,NONE,NONE
Dual-Frequency Async Engine,1577,1402.764825365,0.4027,intercepted,NONE,NONE
Dual-Frequency Async Engine,1578,1402.775476087,0.4134,fallback,STAGE_3,VELOCITY_LIMIT_BREACH
Dual-Frequency Async Engine,1579,1402.78608731,0.424,intercepted,NONE,NONE
Dual-Frequency Async Engine,1580,1402.796650792,0.4346,none,NONE,NONE
Dual-Frequency Async Engine,1581,1402.807214599,0.4451,none,NONE,NONE
Dual-Frequency Async Engine,1582,1402.81774641,0.4557,none,NONE,NONE
Dual-Frequency Async Engine,1583,1402.828405961,0.4663,intercepted,NONE,NONE
Dual-Frequency Async Engine,1584,1402.838903279,0.4768,fallback,STAGE_3,VELOCITY_LIMIT_BREACH
Dual-Frequency Async Engine,1585,1402.849388579,0.4873,none,NONE,NONE
Dual-Frequency Async Engine,1586,1402.859910093,0.4978,none,NONE,NONE
Dual-Frequency Async Engine,1587,1402.870901408,0.0086,none,NONE,NONE
Dual-Frequency Async Engine,1588,1402.881528864,0.0193,fallback,STAGE_1,JSON_OR_VALIDATION_ERROR
Dual-Frequency Async Engine,1589,1402.892161576,0.0299,intercepted,NONE,NONE
Dual-Frequency Async Engine,1590,1402.902699413,0.0404,none,NONE,NONE
Dual-Frequency Async Engine,1591,1402.913318727,0.0511,intercepted,NONE,NONE
Dual-Frequency Async Engine,1592,1402.92391604,0.0617,none,NONE,NONE
Dual-Frequency Async Engine,1593,1402.934449509,0.0722,none,NONE,NONE
Dual-Frequency Async Engine,1594,1402.944997006,0.0827,none,NONE,NONE
Dual-Frequency Async Engine,1595,1402.955646695,0.0934,intercepted,NONE,NONE
Dual-Frequency Async Engine,1596,1402.96619017,0.1039,none,NONE,NONE
Dual-Frequency Async Engine,1597,1402.976775852,0.1145,fallback,STAGE_3,VELOCITY_LIMIT_BREACH
Dual-Frequency Async Engine,1598,1402.987478675,0.1252,fallback,STAGE_3,VELOCITY_LIMIT_BREACH
Dual-Frequency Async Engine,1599,1402.997979448,0.1357,none,NONE,NONE
Dual-Frequency Async Engine,1600,1403.008549363,0.1463,none,NONE,NONE
Dual-Frequency Async Engine,1601,1403.019381978,0.1571,none,NONE,NONE
Dual-Frequency Async Engine,1602,1403.02994707,0.1677,none,NONE,NONE
Dual-Frequency Async Engine,1603,1403.040542588,0.1783,none,NONE,NONE
Dual-Frequency Async Engine,1604,1403.051132469,0.1889,none,NONE,NONE
Dual-Frequency Async Engine,1605,1403.061737027,0.1995,intercepted,NONE,NONE
Dual-Frequency Async Engine,1606,1403.072342468,0.2101,none,NONE,NONE
Dual-Frequency Async Engine,1607,1403.082913887,0.2207,none,NONE,NONE
Dual-Frequency Async Engine,1608,1403.093493019,0.2312,none,NONE,NONE
Dual-Frequency Async Engine,1609,1403.104179188,0.2419,none,NONE,NONE
Dual-Frequency Async Engine,1610,1403.114841911,0.2526,none,NONE,NONE
Dual-Frequency Async Engine,1611,1403.125407363,0.2632,none,NONE,NONE
Dual-Frequency Async Engine,1612,1403.136080284,0.2738,fallback,STAGE_1,JSON_OR_VALIDATION_ERROR
Dual-Frequency Async Engine,1613,1403.146755353,0.2845,none,NONE,NONE
Dual-Frequency Async Engine,1614,1403.157419271,0.2952,none,NONE,NONE
Dual-Frequency Async Engine,1615,1403.167926645,0.3057,none,NONE,NONE
Dual-Frequency Async Engine,1616,1403.178406978,0.3162,none,NONE,NONE
Dual-Frequency Async Engine,1617,1403.188908929,0.3267,none,NONE,NONE
Dual-Frequency Async Engine,1618,1403.199517772,0.3373,none,NONE,NONE
Dual-Frequency Async Engine,1619,1403.210181781,0.3479,none,NONE,NONE
Dual-Frequency Async Engine,1620,1403.220731963,0.3585,fallback,STAGE_3,VELOCITY_LIMIT_BREACH
Dual-Frequency Async Engine,1621,1403.231368617,0.3691,intercepted,NONE,NONE
Dual-Frequency Async Engine,1622,1403.241930173,0.3797,none,NONE,NONE
Dual-Frequency Async Engine,1623,1403.252565791,0.3903,none,NONE,NONE
Dual-Frequency Async Engine,1624,1403.263104945,0.4009,intercepted,NONE,NONE
Dual-Frequency Async Engine,1625,1403.273635661,0.4114,none,NONE,NONE
Dual-Frequency Async Engine,1626,1403.284211123,0.422,fallback,STAGE_3,VELOCITY_LIMIT_BREACH
Dual-Frequency Async Engine,1627,1403.294716589,0.4325,none,NONE,NONE
Dual-Frequency Async Engine,1628,1403.305474766,0.4432,intercepted,NONE,NONE
Dual-Frequency Async Engine,1629,1403.316092092,0.4538,fallback,STAGE_3,VELOCITY_LIMIT_BREACH
Dual-Frequency Async Engine,1630,1403.326664155,0.4644,fallback,STAGE_1,JSON_OR_VALIDATION_ERROR
Dual-Frequency Async Engine,1631,1403.337341052,0.4751,none,NONE,NONE
Dual-Frequency Async Engine,1632,1403.347910206,0.4857,none,NONE,NONE
Dual-Frequency Async Engine,1633,1403.358672483,0.4964,fallback,STAGE_3,VELOCITY_LIMIT_BREACH
Dual-Frequency Async Engine,1634,1403.369872499,0.0067,none,NONE,NONE
Dual-Frequency Async Engine,1635,1403.380489392,0.0173,none,NONE,NONE
Dual-Frequency Async Engine,1636,1403.391099281,0.0279,none,NONE,NONE
Dual-Frequency Async Engine,1637,1403.401588558,0.0384,none,NONE,NONE
Dual-Frequency Async Engine,1638,1403.412198416,0.049,none,NONE,NONE
Dual-Frequency Async Engine,1639,1403.422742043,0.0595,none,NONE,NONE
Dual-Frequency Async Engine,1640,1403.433415412,0.0702,none,NONE,NONE
Dual-Frequency Async Engine,1641,1403.444144785,0.0809,fallback,STAGE_3,VELOCITY_LIMIT_BREACH
Dual-Frequency Async Engine,1642,1403.454688604,0.0915,none,NONE,NONE
Dual-Frequency Async Engine,1643,1403.465362421,0.1021,none,NONE,NONE
Dual-Frequency Async Engine,1644,1403.475915812,0.1127,none,NONE,NONE
Dual-Frequency Async Engine,1645,1403.486467994,0.1233,fallback,STAGE_3,VELOCITY_LIMIT_BREACH
Dual-Frequency Async Engine,1646,1403.497094411,0.1339,none,NONE,NONE
Dual-Frequency Async Engine,1647,1403.507587012,0.1444,none,NONE,NONE
Dual-Frequency Async Engine,1648,1403.518170778,0.155,intercepted,NONE,NONE
Dual-Frequency Async Engine,1649,1403.528729666,0.1655,fallback,STAGE_3,VELOCITY_LIMIT_BREACH
Dual-Frequency Async Engine,1650,1403.539598774,0.1764,intercepted,NONE,NONE
Dual-Frequency Async Engine,1651,1403.550215562,0.187,none,NONE,NONE
Dual-Frequency Async Engine,1652,1403.560950229,0.1977,none,NONE,NONE
Dual-Frequency Async Engine,1653,1403.571970424,0.2088,none,NONE,NONE
Dual-Frequency Async Engine,1654,1403.582607482,0.2194,fallback,STAGE_3,VELOCITY_LIMIT_BREACH
Dual-Frequency Async Engine,1655,1403.593271138,0.2301,fallback,STAGE_3,VELOCITY_LIMIT_BREACH
Dual-Frequency Async Engine,1656,1403.603915361,0.2407,intercepted,NONE,NONE
Dual-Frequency Async Engine,1657,1403.614590891,0.2514,none,NONE,NONE
Dual-Frequency Async Engine,1658,1403.625268191,0.2621,none,NONE,NONE
Dual-Frequency Async Engine,1659,1403.635981385,0.2728,none,NONE,NONE
Dual-Frequency Async Engine,1660,1403.646664287,0.2835,none,NONE,NONE
Dual-Frequency Async Engine,1661,1403.657442127,0.2942,intercepted,NONE,NONE
Dual-Frequency Async Engine,1662,1403.668157482,0.3049,fallback,STAGE_3,VELOCITY_LIMIT_BREACH
Dual-Frequency Async Engine,1663,1403.678737241,0.3155,none,NONE,NONE
Dual-Frequency Async Engine,1664,1403.689462853,0.3262,none,NONE,NONE
Dual-Frequency Async Engine,1665,1403.70010611,0.3369,none,NONE,NONE
Dual-Frequency Async Engine,1666,1403.710775181,0.3476,fallback,STAGE_3,VELOCITY_LIMIT_BREACH
Dual-Frequency Async Engine,1667,1403.721530375,0.3583,none,NONE,NONE
Dual-Frequency Async Engine,1668,1403.732242022,0.369,none,NONE,NONE
Dual-Frequency Async Engine,1669,1403.742910051,0.3797,none,NONE,NONE
Dual-Frequency Async Engine,1670,1403.753561777,0.3903,intercepted,NONE,NONE
Dual-Frequency Async Engine,1671,1403.764200311,0.401,intercepted,NONE,NONE
Dual-Frequency Async Engine,1672,1403.774803391,0.4116,fallback,STAGE_3,VELOCITY_LIMIT_BREACH
Dual-Frequency Async Engine,1673,1403.785563867,0.4224,none,NONE,NONE
Dual-Frequency Async Engine,1674,1403.796237337,0.433,none,NONE,NONE
Dual-Frequency Async Engine,1675,1403.806893375,0.4437,none,NONE,NONE
Dual-Frequency Async Engine,1676,1403.817552262,0.4543,none,NONE,NONE
Dual-Frequency Async Engine,1677,1403.828267098,0.4651,none,NONE,NONE
Dual-Frequency Async Engine,1678,1403.838916499,0.4757,fallback,STAGE_3,VELOCITY_LIMIT_BREACH
Dual-Frequency Async Engine,1679,1403.849615118,0.4864,none,NONE,NONE
Dual-Frequency Async Engine,1680,1403.860357809,0.4971,fallback,STAGE_3,VELOCITY_LIMIT_BREACH
Dual-Frequency Async Engine,1681,1403.870724056,0.0079,fallback,STAGE_3,VELOCITY_LIMIT_BREACH
Dual-Frequency Async Engine,1682,1403.881654321,0.0188,intercepted,NONE,NONE
Dual-Frequency Async Engine,1683,1403.892345576,0.0295,fallback,STAGE_3,VELOCITY_LIMIT_BREACH
Dual-Frequency Async Engine,1684,1403.903220975,0.0404,none,NONE,NONE
Dual-Frequency Async Engine,1685,1403.913870342,0.0511,none,NONE,NONE
Dual-Frequency Async Engine,1686,1403.92461257,0.0618,fallback,STAGE_3,VELOCITY_LIMIT_BREACH
Dual-Frequency Async Engine,1687,1403.935348362,0.0725,intercepted,NONE,NONE
Dual-Frequency Async Engine,1688,1403.946164164,0.0833,none,NONE,NONE
Dual-Frequency Async Engine,1689,1403.956819112,0.094,none,NONE,NONE
Dual-Frequency Async Engine,1690,1403.967567828,0.1048,none,NONE,NONE
Dual-Frequency Async Engine,1691,1403.978241031,0.1154,none,NONE,NONE
Dual-Frequency Async Engine,1692,1403.988836406,0.126,none,NONE,NONE
Dual-Frequency Async Engine,1693,1403.99951541,0.1367,none,NONE,NONE
Dual-Frequency Async Engine,1694,1404.01018681,0.1474,fallback,STAGE_3,VELOCITY_LIMIT_BREACH
Dual-Frequency Async Engine,1695,1404.020927399,0.1581,intercepted,NONE,NONE
Dual-Frequency Async Engine,1696,1404.031657682,0.1688,intercepted,NONE,NONE
Dual-Frequency Async Engine,1697,1404.042320921,0.1795,intercepted,NONE,NONE
Dual-Frequency Async Engine,1698,1404.053132088,0.1903,fallback,STAGE_3,VELOCITY_LIMIT_BREACH
Dual-Frequency Async Engine,1699,1404.064140149,0.2013,intercepted,NONE,NONE
Dual-Frequency Async Engine,1700,1404.074686123,0.2119,none,NONE,NONE
Dual-Frequency Async Engine,1701,1404.085288276,0.2225,none,NONE,NONE
Dual-Frequency Async Engine,1702,1404.095885646,0.2331,none,NONE,NONE
Dual-Frequency Async Engine,1703,1404.106605491,0.2438,intercepted,NONE,NONE
Dual-Frequency Async Engine,1704,1404.11753976,0.2547,fallback,STAGE_3,VELOCITY_LIMIT_BREACH
Dual-Frequency Async Engine,1705,1404.128204493,0.2654,none,NONE,NONE
Dual-Frequency Async Engine,1706,1404.138846328,0.276,none,NONE,NONE
Dual-Frequency Async Engine,1707,1404.149486634,0.2867,none,NONE,NONE
Dual-Frequency Async Engine,1708,1404.1601695,0.2974,fallback,STAGE_1,JSON_OR_VALIDATION_ERROR
Dual-Frequency Async Engine,1709,1404.170783708,0.308,intercepted,NONE,NONE
Dual-Frequency Async Engine,1710,1404.1815726,0.3188,none,NONE,NONE
Dual-Frequency Async Engine,1711,1404.192289842,0.3295,intercepted,NONE,NONE
Dual-Frequency Async Engine,1712,1404.202976446,0.3404,none,NONE,NONE
Dual-Frequency Async Engine,1713,1404.213879132,0.3511,none,NONE,NONE
Dual-Frequency Async Engine,1714,1404.224616209,0.3618,none,NONE,NONE
Dual-Frequency Async Engine,1715,1404.235368943,0.3726,intercepted,NONE,NONE
Dual-Frequency Async Engine,1716,1404.246272643,0.3835,none,NONE,NONE
Dual-Frequency Async Engine,1717,1404.256920772,0.3941,fallback,STAGE_3,VELOCITY_LIMIT_BREACH
Dual-Frequency Async Engine,1718,1404.267558164,0.4047,fallback,STAGE_3,VELOCITY_LIMIT_BREACH
Dual-Frequency Async Engine,1719,1404.278270933,0.4155,none,NONE,NONE
Dual-Frequency Async Engine,1720,1404.288947499,0.4261,none,NONE,NONE
Dual-Frequency Async Engine,1721,1404.299648096,0.4368,none,NONE,NONE
Dual-Frequency Async Engine,1722,1404.310493029,0.4477,none,NONE,NONE
Dual-Frequency Async Engine,1723,1404.321275741,0.4585,none,NONE,NONE
Dual-Frequency Async Engine,1724,1404.331948013,0.4691,none,NONE,NONE
Dual-Frequency Async Engine,1725,1404.342681227,0.4799,intercepted,NONE,NONE
Dual-Frequency Async Engine,1726,1404.353509623,0.4907,none,NONE,NONE
Dual-Frequency Async Engine,1727,1404.363626341,0.0002,none,NONE,NONE
Dual-Frequency Async Engine,1728,1404.374449534,0.011,none,NONE,NONE
Dual-Frequency Async Engine,1729,1404.385221214,0.0218,none,NONE,NONE
Dual-Frequency Async Engine,1730,1404.395962901,0.0325,none,NONE,NONE
Dual-Frequency Async Engine,1731,1404.406834052,0.0434,none,NONE,NONE
Dual-Frequency Async Engine,1732,1404.417585899,0.0541,fallback,STAGE_1,JSON_OR_VALIDATION_ERROR
Dual-Frequency Async Engine,1733,1404.4284166,0.065,none,NONE,NONE
Dual-Frequency Async Engine,1734,1404.439256667,0.0758,none,NONE,NONE
Dual-Frequency Async Engine,1735,1404.449905331,0.0865,none,NONE,NONE
Dual-Frequency Async Engine,1736,1404.460584146,0.0971,none,NONE,NONE
Dual-Frequency Async Engine,1737,1404.471492232,0.108,none,NONE,NONE
Dual-Frequency Async Engine,1738,1404.482313616,0.1189,none,NONE,NONE
Dual-Frequency Async Engine,1739,1404.492953876,0.1295,none,NONE,NONE
Dual-Frequency Async Engine,1740,1404.503680821,0.1402,fallback,STAGE_3,VELOCITY_LIMIT_BREACH
Dual-Frequency Async Engine,1741,1404.514453944,0.151,intercepted,NONE,NONE
Dual-Frequency Async Engine,1742,1404.525219607,0.1618,none,NONE,NONE
Dual-Frequency Async Engine,1743,1404.535917156,0.1725,none,NONE,NONE
Dual-Frequency Async Engine,1744,1404.54676928,0.1833,intercepted,NONE,NONE
Dual-Frequency Async Engine,1745,1404.557597997,0.1942,none,NONE,NONE
Dual-Frequency Async Engine,1746,1404.568415519,0.205,fallback,STAGE_3,VELOCITY_LIMIT_BREACH
Dual-Frequency Async Engine,1747,1404.579267154,0.2158,none,NONE,NONE
Dual-Frequency Async Engine,1748,1404.589970485,0.2265,intercepted,NONE,NONE
Dual-Frequency Async Engine,1749,1404.600784466,0.2373,fallback,STAGE_3,VELOCITY_LIMIT_BREACH
Dual-Frequency Async Engine,1750,1404.611596596,0.2481,fallback,STAGE_1,JSON_OR_VALIDATION_ERROR
Dual-Frequency Async Engine,1751,1404.622322652,0.2589,none,NONE,NONE
Dual-Frequency Async Engine,1752,1404.633138786,0.2697,none,NONE,NONE
Dual-Frequency Async Engine,1753,1404.643843126,0.2804,fallback,STAGE_3,VELOCITY_LIMIT_BREACH
Dual-Frequency Async Engine,1754,1404.65455865,0.2911,none,NONE,NONE
Dual-Frequency Async Engine,1755,1404.665490656,0.302,none,NONE,NONE
Dual-Frequency Async Engine,1756,1404.67625661,0.3128,none,NONE,NONE
Dual-Frequency Async Engine,1757,1404.686931553,0.3235,none,NONE,NONE
Dual-Frequency Async Engine,1758,1404.697580066,0.3341,none,NONE,NONE
Dual-Frequency Async Engine,1759,1404.708493163,0.345,none,NONE,NONE
Dual-Frequency Async Engine,1760,1404.719265552,0.3558,none,NONE,NONE
Dual-Frequency Async Engine,1761,1404.729967418,0.3665,fallback,STAGE_3,VELOCITY_LIMIT_BREACH
Dual-Frequency Async Engine,1762,1404.740788848,0.3773,none,NONE,NONE
Dual-Frequency Async Engine,1763,1404.751613907,0.3882,none,NONE,NONE
Dual-Frequency Async Engine,1764,1404.762319468,0.3989,none,NONE,NONE
Dual-Frequency Async Engine,1765,1404.773307102,0.4099,fallback,STAGE_3,VELOCITY_LIMIT_BREACH
Dual-Frequency Async Engine,1766,1404.783993096,0.4205,none,NONE,NONE
Dual-Frequency Async Engine,1767,1404.794722247,0.4313,none,NONE,NONE
Dual-Frequency Async Engine,1768,1404.805426007,0.442,intercepted,NONE,NONE
Dual-Frequency Async Engine,1769,1404.816227317,0.4528,fallback,STAGE_3,VELOCITY_LIMIT_BREACH
Dual-Frequency Async Engine,1770,1404.826972504,0.4635,intercepted,NONE,NONE
Dual-Frequency Async Engine,1771,1404.837608409,0.4742,none,NONE,NONE
Dual-Frequency Async Engine,1772,1404.848301552,0.4849,none,NONE,NONE
Dual-Frequency Async Engine,1773,1404.859091477,0.4956,none,NONE,NONE
Dual-Frequency Async Engine,1774,1404.869437204,0.0058,fallback,STAGE_3,VELOCITY_LIMIT_BREACH
Dual-Frequency Async Engine,1775,1404.880295063,0.0167,fallback,STAGE_3,VELOCITY_LIMIT_BREACH
Dual-Frequency Async Engine,1776,1404.890968097,0.0274,intercepted,NONE,NONE
Dual-Frequency Async Engine,1777,1404.901775386,0.0382,none,NONE,NONE
Dual-Frequency Async Engine,1778,1404.912686135,0.0491,none,NONE,NONE
Dual-Frequency Async Engine,1779,1404.92357441,0.06,none,NONE,NONE
Dual-Frequency Async Engine,1780,1404.934288685,0.0707,none,NONE,NONE
Dual-Frequency Async Engine,1781,1404.945312748,0.0817,intercepted,NONE,NONE
Dual-Frequency Async Engine,1782,1404.956130394,0.0925,fallback,STAGE_3,VELOCITY_LIMIT_BREACH
Dual-Frequency Async Engine,1783,1404.966844935,0.1032,none,NONE,NONE
Dual-Frequency Async Engine,1784,1404.977644351,0.114,none,NONE,NONE
Dual-Frequency Async Engine,1785,1404.988535648,0.1249,none,NONE,NONE
Dual-Frequency Async Engine,1786,1404.99922123,0.1356,fallback,STAGE_3,VELOCITY_LIMIT_BREACH
Dual-Frequency Async Engine,1787,1405.01005747,0.1464,none,NONE,NONE
Dual-Frequency Async Engine,1788,1405.020807344,0.1572,none,NONE,NONE
Dual-Frequency Async Engine,1789,1405.031462779,0.1679,none,NONE,NONE
Dual-Frequency Async Engine,1790,1405.042168356,0.1786,intercepted,NONE,NONE
Dual-Frequency Async Engine,1791,1405.052919624,0.1893,intercepted,NONE,NONE
Dual-Frequency Async Engine,1792,1405.063739629,0.2001,fallback,STAGE_3,VELOCITY_LIMIT_BREACH
Dual-Frequency Async Engine,1793,1405.074621381,0.211,none,NONE,NONE
Dual-Frequency Async Engine,1794,1405.08531219,0.2217,none,NONE,NONE
Dual-Frequency Async Engine,1795,1405.096318703,0.2327,none,NONE,NONE
Dual-Frequency Async Engine,1796,1405.106980583,0.2434,none,NONE,NONE
Dual-Frequency Async Engine,1797,1405.117882623,0.2543,none,NONE,NONE
Dual-Frequency Async Engine,1798,1405.128610351,0.265,fallback,STAGE_3,VELOCITY_LIMIT_BREACH
Dual-Frequency Async Engine,1799,1405.139521442,0.2759,none,NONE,NONE
Dual-Frequency Async Engine,1800,1405.150554928,0.2869,fallback,STAGE_3,VELOCITY_LIMIT_BREACH
Dual-Frequency Async Engine,1801,1405.161259586,0.2976,fallback,STAGE_3,VELOCITY_LIMIT_BREACH
Dual-Frequency Async Engine,1802,1405.17212016,0.3085,intercepted,NONE,NONE
Dual-Frequency Async Engine,1803,1405.182828789,0.3192,fallback,STAGE_3,VELOCITY_LIMIT_BREACH
Dual-Frequency Async Engine,1804,1405.193648547,0.33,none,NONE,NONE
Dual-Frequency Async Engine,1805,1405.20450569,0.3409,none,NONE,NONE
Dual-Frequency Async Engine,1806,1405.21528731,0.3517,fallback,STAGE_3,VELOCITY_LIMIT_BREACH
Dual-Frequency Async Engine,1807,1405.22628009,0.3627,intercepted,NONE,NONE
Dual-Frequency Async Engine,1808,1405.237273958,0.3737,none,NONE,NONE
Dual-Frequency Async Engine,1809,1405.24798971,0.3844,none,NONE,NONE
Dual-Frequency Async Engine,1810,1405.258686539,0.3951,none,NONE,NONE
Dual-Frequency Async Engine,1811,1405.26965693,0.406,none,NONE,NONE
Dual-Frequency Async Engine,1812,1405.280442422,0.4168,none,NONE,NONE
Dual-Frequency Async Engine,1813,1405.29122622,0.4276,none,NONE,NONE
Dual-Frequency Async Engine,1814,1405.301897364,0.4383,fallback,STAGE_3,VELOCITY_LIMIT_BREACH
Dual-Frequency Async Engine,1815,1405.312675795,0.4491,intercepted,NONE,NONE
Dual-Frequency Async Engine,1816,1405.323642017,0.46,intercepted,NONE,NONE
Dual-Frequency Async Engine,1817,1405.334444112,0.4708,intercepted,NONE,NONE
Dual-Frequency Async Engine,1818,1405.345358616,0.4817,fallback,STAGE_3,VELOCITY_LIMIT_BREACH
Dual-Frequency Async Engine,1819,1405.356166449,0.4926,intercepted,NONE,NONE
Dual-Frequency Async Engine,1820,1405.36642921,0.0014,none,NONE,NONE
Dual-Frequency Async Engine,1821,1405.377247163,0.0123,none,NONE,NONE
Dual-Frequency Async Engine,1822,1405.387892668,0.0229,none,NONE,NONE
Dual-Frequency Async Engine,1823,1405.39860271,0.0336,intercepted,NONE,NONE
Dual-Frequency Async Engine,1824,1405.409211447,0.0442,fallback,STAGE_3,VELOCITY_LIMIT_BREACH
Dual-Frequency Async Engine,1825,1405.419859888,0.0549,none,NONE,NONE
Dual-Frequency Async Engine,1826,1405.430530763,0.0655,none,NONE,NONE
Dual-Frequency Async Engine,1827,1405.441244008,0.0762,none,NONE,NONE
Dual-Frequency Async Engine,1828,1405.452103651,0.0871,fallback,STAGE_1,JSON_OR_VALIDATION_ERROR
Dual-Frequency Async Engine,1829,1405.462744919,0.0977,intercepted,NONE,NONE
Dual-Frequency Async Engine,1830,1405.473511773,0.1085,none,NONE,NONE
Dual-Frequency Async Engine,1831,1405.484323425,0.1193,intercepted,NONE,NONE
Dual-Frequency Async Engine,1832,1405.494953929,0.13,none,NONE,NONE
Dual-Frequency Async Engine,1833,1405.505674071,0.1407,none,NONE,NONE
Dual-Frequency Async Engine,1834,1405.516389514,0.1514,none,NONE,NONE
Dual-Frequency Async Engine,1835,1405.527181286,0.1622,intercepted,NONE,NONE
Dual-Frequency Async Engine,1836,1405.537828236,0.1728,none,NONE,NONE
Dual-Frequency Async Engine,1837,1405.548554312,0.1836,fallback,STAGE_3,VELOCITY_LIMIT_BREACH
Dual-Frequency Async Engine,1838,1405.559244419,0.1942,fallback,STAGE_3,VELOCITY_LIMIT_BREACH
Dual-Frequency Async Engine,1839,1405.569984108,0.205,none,NONE,NONE
Dual-Frequency Async Engine,1840,1405.580754134,0.2158,none,NONE,NONE
Dual-Frequency Async Engine,1841,1405.591466412,0.2265,none,NONE,NONE
Dual-Frequency Async Engine,1842,1405.602172358,0.2372,none,NONE,NONE
Dual-Frequency Async Engine,1843,1405.612823393,0.2478,none,NONE,NONE
Dual-Frequency Async Engine,1844,1405.623480924,0.2585,none,NONE,NONE
Dual-Frequency Async Engine,1845,1405.634208443,0.2692,intercepted,NONE,NONE
Dual-Frequency Async Engine,1846,1405.644762947,0.2798,none,NONE,NONE
Dual-Frequency Async Engine,1847,1405.655412203,0.2904,none,NONE,NONE
Dual-Frequency Async Engine,1848,1405.666087895,0.3011,none,NONE,NONE
Dual-Frequency Async Engine,1849,1405.676661222,0.3117,none,NONE,NONE
Dual-Frequency Async Engine,1850,1405.687263589,0.3223,none,NONE,NONE
Dual-Frequency Async Engine,1851,1405.697818451,0.3328,none,NONE,NONE
Dual-Frequency Async Engine,1852,1405.708447983,0.3435,fallback,STAGE_1,JSON_OR_VALIDATION_ERROR
Dual-Frequency Async Engine,1853,1405.718995631,0.354,none,NONE,NONE
Dual-Frequency Async Engine,1854,1405.729765163,0.3648,none,NONE,NONE
Dual-Frequency Async Engine,1855,1405.740375259,0.3754,none,NONE,NONE
Dual-Frequency Async Engine,1856,1405.750957012,0.386,none,NONE,NONE
Dual-Frequency Async Engine,1857,1405.761631062,0.3966,none,NONE,NONE
Dual-Frequency Async Engine,1858,1405.772207343,0.4072,none,NONE,NONE
Dual-Frequency Async Engine,1859,1405.782744913,0.4177,none,NONE,NONE
Dual-Frequency Async Engine,1860,1405.793396304,0.4284,fallback,STAGE_3,VELOCITY_LIMIT_BREACH
Dual-Frequency Async Engine,1861,1405.804216984,0.4392,intercepted,NONE,NONE
Dual-Frequency Async Engine,1862,1405.814737501,0.4497,none,NONE,NONE
Dual-Frequency Async Engine,1863,1405.825289979,0.4603,none,NONE,NONE
Dual-Frequency Async Engine,1864,1405.835827026,0.4708,intercepted,NONE,NONE
Dual-Frequency Async Engine,1865,1405.846479282,0.4815,none,NONE,NONE
Dual-Frequency Async Engine,1866,1405.857170404,0.4922,fallback,STAGE_3,VELOCITY_LIMIT_BREACH
Dual-Frequency Async Engine,1867,1405.867426263,0.0012,none,NONE,NONE
Dual-Frequency Async Engine,1868,1405.877967478,0.0118,intercepted,NONE,NONE
Dual-Frequency Async Engine,1869,1405.888682243,0.0225,fallback,STAGE_3,VELOCITY_LIMIT_BREACH
Dual-Frequency Async Engine,1870,1405.899405065,0.0332,fallback,STAGE_1,JSON_OR_VALIDATION_ERROR
Dual-Frequency Async Engine,1871,1405.909996221,0.0438,none,NONE,NONE
Dual-Frequency Async Engine,1872,1405.920636858,0.0545,none,NONE,NONE
Dual-Frequency Async Engine,1873,1405.931305104,0.0651,fallback,STAGE_3,VELOCITY_LIMIT_BREACH
Dual-Frequency Async Engine,1874,1405.941861744,0.0757,none,NONE,NONE
Dual-Frequency Async Engine,1875,1405.952443105,0.0863,none,NONE,NONE
Dual-Frequency Async Engine,1876,1405.962965924,0.0968,none,NONE,NONE
Dual-Frequency Async Engine,1877,1405.973643936,0.1075,none,NONE,NONE
Dual-Frequency Async Engine,1878,1405.98420273,0.118,none,NONE,NONE
Dual-Frequency Async Engine,1879,1405.994873809,0.1287,none,NONE,NONE
Dual-Frequency Async Engine,1880,1406.005600312,0.1394,none,NONE,NONE
Dual-Frequency Async Engine,1881,1406.016165976,0.15,fallback,STAGE_3,VELOCITY_LIMIT_BREACH
Dual-Frequency Async Engine,1882,1406.026784253,0.1606,none,NONE,NONE
Dual-Frequency Async Engine,1883,1406.037426431,0.1712,none,NONE,NONE
Dual-Frequency Async Engine,1884,1406.048111015,0.1819,none,NONE,NONE
Dual-Frequency Async Engine,1885,1406.05867748,0.1925,fallback,STAGE_3,VELOCITY_LIMIT_BREACH
Dual-Frequency Async Engine,1886,1406.069550231,0.2034,none,NONE,NONE
Dual-Frequency Async Engine,1887,1406.080137582,0.214,none,NONE,NONE
Dual-Frequency Async Engine,1888,1406.090740945,0.2246,intercepted,NONE,NONE
Dual-Frequency Async Engine,1889,1406.101415103,0.2352,fallback,STAGE_3,VELOCITY_LIMIT_BREACH
Dual-Frequency Async Engine,1890,1406.11197151,0.2458,intercepted,NONE,NONE
Dual-Frequency Async Engine,1891,1406.122611212,0.2564,none,NONE,NONE
Dual-Frequency Async Engine,1892,1406.133162593,0.267,none,NONE,NONE
Dual-Frequency Async Engine,1893,1406.14375692,0.2776,none,NONE,NONE
Dual-Frequency Async Engine,1894,1406.154459678,0.2883,fallback,STAGE_3,VELOCITY_LIMIT_BREACH
Dual-Frequency Async Engine,1895,1406.165102182,0.2989,fallback,STAGE_3,VELOCITY_LIMIT_BREACH
Dual-Frequency Async Engine,1896,1406.175655248,0.3095,intercepted,NONE,NONE
Dual-Frequency Async Engine,1897,1406.186238223,0.3201,none,NONE,NONE
Dual-Frequency Async Engine,1898,1406.196744631,0.3306,none,NONE,NONE
Dual-Frequency Async Engine,1899,1406.207352136,0.3412,none,NONE,NONE
Dual-Frequency Async Engine,1900,1406.217931263,0.3518,none,NONE,NONE
Dual-Frequency Async Engine,1901,1406.228469994,0.3623,intercepted,NONE,NONE
Dual-Frequency Async Engine,1902,1406.239062748,0.3729,fallback,STAGE_3,VELOCITY_LIMIT_BREACH
Dual-Frequency Async Engine,1903,1406.249654309,0.3835,none,NONE,NONE
Dual-Frequency Async Engine,1904,1406.260241952,0.3941,none,NONE,NONE
Dual-Frequency Async Engine,1905,1406.270811109,0.4046,none,NONE,NONE
Dual-Frequency Async Engine,1906,1406.281600243,0.4154,fallback,STAGE_3,VELOCITY_LIMIT_BREACH
Dual-Frequency Async Engine,1907,1406.292168088,0.426,none,NONE,NONE
Dual-Frequency Async Engine,1908,1406.302753986,0.4366,none,NONE,NONE
Dual-Frequency Async Engine,1909,1406.313362248,0.4472,none,NONE,NONE
Dual-Frequency Async Engine,1910,1406.323915225,0.4577,intercepted,NONE,NONE
Dual-Frequency Async Engine,1911,1406.33444587,0.4683,intercepted,NONE,NONE
Dual-Frequency Async Engine,1912,1406.345085458,0.4789,fallback,STAGE_3,VELOCITY_LIMIT_BREACH
Dual-Frequency Async Engine,1913,1406.355546343,0.4894,none,NONE,NONE
Dual-Frequency Async Engine,1914,1406.366332338,0.0,none,NONE,NONE
Dual-Frequency Async Engine,1915,1406.376920756,0.0106,none,NONE,NONE
Dual-Frequency Async Engine,1916,1406.387565008,0.0212,none,NONE,NONE
Dual-Frequency Async Engine,1917,1406.398115606,0.0318,none,NONE,NONE
Dual-Frequency Async Engine,1918,1406.408639566,0.0423,fallback,STAGE_3,VELOCITY_LIMIT_BREACH
Dual-Frequency Async Engine,1919,1406.419156508,0.0528,none,NONE,NONE
Dual-Frequency Async Engine,1920,1406.429656665,0.0633,fallback,STAGE_3,VELOCITY_LIMIT_BREACH
Dual-Frequency Async Engine,1921,1406.44033882,0.074,fallback,STAGE_3,VELOCITY_LIMIT_BREACH
Dual-Frequency Async Engine,1922,1406.450848452,0.0845,intercepted,NONE,NONE
Dual-Frequency Async Engine,1923,1406.461404207,0.0951,fallback,STAGE_3,VELOCITY_LIMIT_BREACH
Dual-Frequency Async Engine,1924,1406.471911686,0.1056,none,NONE,NONE
Dual-Frequency Async Engine,1925,1406.482428331,0.1161,none,NONE,NONE
Dual-Frequency Async Engine,1926,1406.493065796,0.1268,fallback,STAGE_3,VELOCITY_LIMIT_BREACH
Dual-Frequency Async Engine,1927,1406.503580031,0.1373,intercepted,NONE,NONE
Dual-Frequency Async Engine,1928,1406.514188671,0.1479,none,NONE,NONE
Dual-Frequency Async Engine,1929,1406.524732218,0.1584,none,NONE,NONE
Dual-Frequency Async Engine,1930,1406.535441678,0.1691,none,NONE,NONE
Dual-Frequency Async Engine,1931,1406.545994082,0.1797,none,NONE,NONE
Dual-Frequency Async Engine,1932,1406.556692818,0.1904,none,NONE,NONE
Dual-Frequency Async Engine,1933,1406.567704964,0.2014,none,NONE,NONE
Dual-Frequency Async Engine,1934,1406.578411724,0.2121,fallback,STAGE_3,VELOCITY_LIMIT_BREACH
Dual-Frequency Async Engine,1935,1406.588977694,0.2227,intercepted,NONE,NONE
Dual-Frequency Async Engine,1936,1406.599491546,0.2332,intercepted,NONE,NONE
Dual-Frequency Async Engine,1937,1406.610097588,0.2438,intercepted,NONE,NONE
Dual-Frequency Async Engine,1938,1406.620799136,0.2545,fallback,STAGE_3,VELOCITY_LIMIT_BREACH
Dual-Frequency Async Engine,1939,1406.631525442,0.2652,intercepted,NONE,NONE
Dual-Frequency Async Engine,1940,1406.642163984,0.2758,none,NONE,NONE
Dual-Frequency Async Engine,1941,1406.652694657,0.2864,none,NONE,NONE
Dual-Frequency Async Engine,1942,1406.663165856,0.2969,none,NONE,NONE
Dual-Frequency Async Engine,1943,1406.673696007,0.3074,intercepted,NONE,NONE
Dual-Frequency Async Engine,1944,1406.684233499,0.3179,fallback,STAGE_3,VELOCITY_LIMIT_BREACH
Dual-Frequency Async Engine,1945,1406.694840166,0.3285,none,NONE,NONE
Dual-Frequency Async Engine,1946,1406.705390913,0.3391,none,NONE,NONE
Dual-Frequency Async Engine,1947,1406.715972119,0.3497,none,NONE,NONE
Dual-Frequency Async Engine,1948,1406.726469749,0.3602,fallback,STAGE_1,JSON_OR_VALIDATION_ERROR
Dual-Frequency Async Engine,1949,1406.737117533,0.3708,intercepted,NONE,NONE
Dual-Frequency Async Engine,1950,1406.747698492,0.3814,none,NONE,NONE
Dual-Frequency Async Engine,1951,1406.758358741,0.392,intercepted,NONE,NONE
Dual-Frequency Async Engine,1952,1406.768933148,0.4026,none,NONE,NONE
Dual-Frequency Async Engine,1953,1406.779531725,0.4132,none,NONE,NONE
Dual-Frequency Async Engine,1954,1406.790181834,0.4239,none,NONE,NONE
Dual-Frequency Async Engine,1955,1406.800804437,0.4345,intercepted,NONE,NONE
Dual-Frequency Async Engine,1956,1406.811569505,0.4453,none,NONE,NONE
Dual-Frequency Async Engine,1957,1406.822215844,0.4559,fallback,STAGE_3,VELOCITY_LIMIT_BREACH
Dual-Frequency Async Engine,1958,1406.832745926,0.4664,fallback,STAGE_3,VELOCITY_LIMIT_BREACH
Dual-Frequency Async Engine,1959,1406.8432847,0.477,none,NONE,NONE
Dual-Frequency Async Engine,1960,1406.853793882,0.4875,none,NONE,NONE
Dual-Frequency Async Engine,1961,1406.86445606,0.4981,none,NONE,NONE
Dual-Frequency Async Engine,1962,1406.875442654,0.0085,none,NONE,NONE
Dual-Frequency Async Engine,1963,1406.885978128,0.0191,none,NONE,NONE
Dual-Frequency Async Engine,1964,1406.896613181,0.0297,none,NONE,NONE
Dual-Frequency Async Engine,1965,1406.907211394,0.0403,intercepted,NONE,NONE
Dual-Frequency Async Engine,1966,1406.917810147,0.0509,none,NONE,NONE
Dual-Frequency Async Engine,1967,1406.928508129,0.0616,none,NONE,NONE
Dual-Frequency Async Engine,1968,1406.939194206,0.0723,none,NONE,NONE
Dual-Frequency Async Engine,1969,1406.949702363,0.0828,none,NONE,NONE
Dual-Frequency Async Engine,1970,1406.960265497,0.0933,none,NONE,NONE
Dual-Frequency Async Engine,1971,1406.970872799,0.1039,none,NONE,NONE
Dual-Frequency Async Engine,1972,1406.981434387,0.1145,fallback,STAGE_1,JSON_OR_VALIDATION_ERROR
Dual-Frequency Async Engine,1973,1406.991987361,0.1251,none,NONE,NONE
Dual-Frequency Async Engine,1974,1407.002574761,0.1357,none,NONE,NONE
Dual-Frequency Async Engine,1975,1407.013189609,0.1463,none,NONE,NONE
Dual-Frequency Async Engine,1976,1407.023843182,0.1569,none,NONE,NONE
Dual-Frequency Async Engine,1977,1407.034413363,0.1675,none,NONE,NONE
Dual-Frequency Async Engine,1978,1407.044914374,0.178,none,NONE,NONE
Dual-Frequency Async Engine,1979,1407.055556088,0.1886,none,NONE,NONE
Dual-Frequency Async Engine,1980,1407.066591582,0.1997,fallback,STAGE_3,VELOCITY_LIMIT_BREACH
Dual-Frequency Async Engine,1981,1407.077193339,0.2103,intercepted,NONE,NONE
Dual-Frequency Async Engine,1982,1407.087758033,0.2208,none,NONE,NONE
Dual-Frequency Async Engine,1983,1407.098214405,0.2313,none,NONE,NONE
Dual-Frequency Async Engine,1984,1407.10879686,0.2419,intercepted,NONE,NONE
Dual-Frequency Async Engine,1985,1407.119475685,0.2526,none,NONE,NONE
Dual-Frequency Async Engine,1986,1407.130154458,0.2632,fallback,STAGE_3,VELOCITY_LIMIT_BREACH
Dual-Frequency Async Engine,1987,1407.140760654,0.2738,none,NONE,NONE
Dual-Frequency Async Engine,1988,1407.151405919,0.2845,intercepted,NONE,NONE
Dual-Frequency Async Engine,1989,1407.161902688,0.295,fallback,STAGE_3,VELOCITY_LIMIT_BREACH
Dual-Frequency Async Engine,1990,1407.172518261,0.3056,fallback,STAGE_1,JSON_OR_VALIDATION_ERROR
Dual-Frequency Async Engine,1991,1407.18316166,0.3162,none,NONE,NONE
Dual-Frequency Async Engine,1992,1407.193710409,0.3268,none,NONE,NONE
Dual-Frequency Async Engine,1993,1407.2042094,0.3373,fallback,STAGE_3,VELOCITY_LIMIT_BREACH
Dual-Frequency Async Engine,1994,1407.214723948,0.3478,none,NONE,NONE
Dual-Frequency Async Engine,1995,1407.225427185,0.3585,none,NONE,NONE
Dual-Frequency Async Engine,1996,1407.235960117,0.369,none,NONE,NONE
Dual-Frequency Async Engine,1997,1407.246470428,0.3795,none,NONE,NONE
Dual-Frequency Async Engine,1998,1407.257174956,0.3903,none,NONE,NONE
Dual-Frequency Async Engine,1999,1407.267767436,0.4008,none,NONE,NONE
Dual-Frequency Async Engine,2000,1407.278395948,0.4115,none,NONE,NONE
Dual-Frequency Async Engine,2001,1407.288983975,0.4221,fallback,STAGE_3,VELOCITY_LIMIT_BREACH
Dual-Frequency Async Engine,2002,1407.299675732,0.4328,none,NONE,NONE
Dual-Frequency Async Engine,2003,1407.310251548,0.4433,none,NONE,NONE
Dual-Frequency Async Engine,2004,1407.320839838,0.4539,none,NONE,NONE
Dual-Frequency Async Engine,2005,1407.331463084,0.4645,fallback,STAGE_3,VELOCITY_LIMIT_BREACH
Dual-Frequency Async Engine,2006,1407.342152325,0.4752,none,NONE,NONE
Dual-Frequency Async Engine,2007,1407.352802728,0.4859,none,NONE,NONE
Dual-Frequency Async Engine,2008,1407.363460614,0.4965,intercepted,NONE,NONE
Dual-Frequency Async Engine,2009,1407.374705458,0.0066,fallback,STAGE_3,VELOCITY_LIMIT_BREACH
Dual-Frequency Async Engine,2010,1407.385377382,0.0172,intercepted,NONE,NONE
Dual-Frequency Async Engine,2011,1407.39595253,0.0278,none,NONE,NONE
Dual-Frequency Async Engine,2012,1407.40670402,0.0386,none,NONE,NONE
Dual-Frequency Async Engine,2013,1407.417425562,0.0493,none,NONE,NONE
Dual-Frequency Async Engine,2014,1407.42797276,0.0598,fallback,STAGE_3,VELOCITY_LIMIT_BREACH
Dual-Frequency Async Engine,2015,1407.438650905,0.0705,fallback,STAGE_3,VELOCITY_LIMIT_BREACH
Dual-Frequency Async Engine,2016,1407.449164158,0.081,intercepted,NONE,NONE
Dual-Frequency Async Engine,2017,1407.459703957,0.0916,none,NONE,NONE
Dual-Frequency Async Engine,2018,1407.470450964,0.1023,none,NONE,NONE
Dual-Frequency Async Engine,2019,1407.481077784,0.1129,none,NONE,NONE
Dual-Frequency Async Engine,2020,1407.491721175,0.1236,none,NONE,NONE
Dual-Frequency Async Engine,2021,1407.502355774,0.1342,intercepted,NONE,NONE
Dual-Frequency Async Engine,2022,1407.512957243,0.1448,fallback,STAGE_3,VELOCITY_LIMIT_BREACH
Dual-Frequency Async Engine,2023,1407.523636979,0.1555,none,NONE,NONE
Dual-Frequency Async Engine,2024,1407.534405036,0.1663,none,NONE,NONE
Dual-Frequency Async Engine,2025,1407.545124021,0.177,none,NONE,NONE
Dual-Frequency Async Engine,2026,1407.555789888,0.1877,fallback,STAGE_3,VELOCITY_LIMIT_BREACH
Dual-Frequency Async Engine,2027,1407.566416057,0.1983,none,NONE,NONE
Dual-Frequency Async Engine,2028,1407.577246332,0.2091,none,NONE,NONE
Dual-Frequency Async Engine,2029,1407.587844979,0.2197,none,NONE,NONE
Dual-Frequency Async Engine,2030,1407.598457975,0.2303,intercepted,NONE,NONE
Dual-Frequency Async Engine,2031,1407.609109196,0.241,intercepted,NONE,NONE
Dual-Frequency Async Engine,2032,1407.619751543,0.2516,fallback,STAGE_3,VELOCITY_LIMIT_BREACH
Dual-Frequency Async Engine,2033,1407.630509447,0.2624,none,NONE,NONE
Dual-Frequency Async Engine,2034,1407.641354128,0.2732,none,NONE,NONE
Dual-Frequency Async Engine,2035,1407.652157606,0.284,none,NONE,NONE
Dual-Frequency Async Engine,2036,1407.662859321,0.2947,none,NONE,NONE
Dual-Frequency Async Engine,2037,1407.673577263,0.3054,none,NONE,NONE
Dual-Frequency Async Engine,2038,1407.68443898,0.3163,fallback,STAGE_3,VELOCITY_LIMIT_BREACH
Dual-Frequency Async Engine,2039,1407.695258857,0.3271,none,NONE,NONE
Dual-Frequency Async Engine,2040,1407.705889028,0.3378,fallback,STAGE_3,VELOCITY_LIMIT_BREACH
Dual-Frequency Async Engine,2041,1407.716494497,0.3484,fallback,STAGE_3,VELOCITY_LIMIT_BREACH
Dual-Frequency Async Engine,2042,1407.727316248,0.3592,intercepted,NONE,NONE
Dual-Frequency Async Engine,2043,1407.737957856,0.3698,fallback,STAGE_3,VELOCITY_LIMIT_BREACH
Dual-Frequency Async Engine,2044,1407.748686236,0.3806,none,NONE,NONE
Dual-Frequency Async Engine,2045,1407.759475444,0.3913,none,NONE,NONE
Dual-Frequency Async Engine,2046,1407.77017857,0.402,fallback,STAGE_3,VELOCITY_LIMIT_BREACH
Dual-Frequency Async Engine,2047,1407.780800942,0.4127,intercepted,NONE,NONE
Dual-Frequency Async Engine,2048,1407.791497906,0.4234,none,NONE,NONE
Dual-Frequency Async Engine,2049,1407.802169031,0.434,none,NONE,NONE
Dual-Frequency Async Engine,2050,1407.812869576,0.4447,none,NONE,NONE
Dual-Frequency Async Engine,2051,1407.823507648,0.4554,none,NONE,NONE
Dual-Frequency Async Engine,2052,1407.834197318,0.4661,none,NONE,NONE
Dual-Frequency Async Engine,2053,1407.84488138,0.4767,none,NONE,NONE
Dual-Frequency Async Engine,2054,1407.855503784,0.4874,fallback,STAGE_3,VELOCITY_LIMIT_BREACH
Dual-Frequency Async Engine,2055,1407.866181185,0.498,intercepted,NONE,NONE
Dual-Frequency Async Engine,2056,1407.87742238,0.0085,intercepted,NONE,NONE
Dual-Frequency Async Engine,2057,1407.888101217,0.0192,intercepted,NONE,NONE
Dual-Frequency Async Engine,2058,1407.898821832,0.0299,fallback,STAGE_3,VELOCITY_LIMIT_BREACH
Dual-Frequency Async Engine,2059,1407.909501992,0.0406,intercepted,NONE,NONE
Dual-Frequency Async Engine,2060,1407.920192415,0.0513,none,NONE,NONE
Dual-Frequency Async Engine,2061,1407.930870491,0.062,none,NONE,NONE
Dual-Frequency Async Engine,2062,1407.941509599,0.0726,none,NONE,NONE
Dual-Frequency Async Engine,2063,1407.952184736,0.0833,intercepted,NONE,NONE
Dual-Frequency Async Engine,2064,1407.962888129,0.094,fallback,STAGE_3,VELOCITY_LIMIT_BREACH
Dual-Frequency Async Engine,2065,1407.97358313,0.1047,none,NONE,NONE
Dual-Frequency Async Engine,2066,1407.984236844,0.1154,none,NONE,NONE
Dual-Frequency Async Engine,2067,1407.994921627,0.126,none,NONE,NONE
Dual-Frequency Async Engine,2068,1408.005742953,0.1369,fallback,STAGE_1,JSON_OR_VALIDATION_ERROR
Dual-Frequency Async Engine,2069,1408.01639096,0.1475,intercepted,NONE,NONE
Dual-Frequency Async Engine,2070,1408.027173521,0.1583,none,NONE,NONE
Dual-Frequency Async Engine,2071,1408.037797484,0.1689,intercepted,NONE,NONE
Dual-Frequency Async Engine,2072,1408.048472383,0.1796,none,NONE,NONE
Dual-Frequency Async Engine,2073,1408.059209139,0.1903,none,NONE,NONE
Dual-Frequency Async Engine,2074,1408.070256113,0.2014,none,NONE,NONE
Dual-Frequency Async Engine,2075,1408.08092535,0.212,intercepted,NONE,NONE
Dual-Frequency Async Engine,2076,1408.091581729,0.2227,none,NONE,NONE
Dual-Frequency Async Engine,2077,1408.102313032,0.2334,fallback,STAGE_3,VELOCITY_LIMIT_BREACH
Dual-Frequency Async Engine,2078,1408.113136328,0.2443,fallback,STAGE_3,VELOCITY_LIMIT_BREACH
Dual-Frequency Async Engine,2079,1408.123865077,0.255,none,NONE,NONE
Dual-Frequency Async Engine,2080,1408.134675568,0.2658,none,NONE,NONE
Dual-Frequency Async Engine,2081,1408.145576652,0.2767,none,NONE,NONE
Dual-Frequency Async Engine,2082,1408.15638245,0.2875,none,NONE,NONE
Dual-Frequency Async Engine,2083,1408.167147886,0.2983,none,NONE,NONE
Dual-Frequency Async Engine,2084,1408.177848011,0.309,none,NONE,NONE
Dual-Frequency Async Engine,2085,1408.188567288,0.3197,intercepted,NONE,NONE
Dual-Frequency Async Engine,2086,1408.199215361,0.3303,none,NONE,NONE
Dual-Frequency Async Engine,2087,1408.209958037,0.3411,none,NONE,NONE
Dual-Frequency Async Engine,2088,1408.220859659,0.352,none,NONE,NONE
Dual-Frequency Async Engine,2089,1408.231610519,0.3627,none,NONE,NONE
Dual-Frequency Async Engine,2090,1408.242358885,0.3735,none,NONE,NONE
Dual-Frequency Async Engine,2091,1408.253150194,0.3843,none,NONE,NONE
Dual-Frequency Async Engine,2092,1408.263879649,0.395,fallback,STAGE_1,JSON_OR_VALIDATION_ERROR
Dual-Frequency Async Engine,2093,1408.274595346,0.4057,none,NONE,NONE
Dual-Frequency Async Engine,2094,1408.28553884,0.4167,none,NONE,NONE
Dual-Frequency Async Engine,2095,1408.296448662,0.4276,none,NONE,NONE
Dual-Frequency Async Engine,2096,1408.307301647,0.4384,none,NONE,NONE
Dual-Frequency Async Engine,2097,1408.318243036,0.4494,none,NONE,NONE
Dual-Frequency Async Engine,2098,1408.329113441,0.4602,none,NONE,NONE
Dual-Frequency Async Engine,2099,1408.339839233,0.471,none,NONE,NONE
Dual-Frequency Async Engine,2100,1408.350594728,0.4817,fallback,STAGE_3,VELOCITY_LIMIT_BREACH
Dual-Frequency Async Engine,2101,1408.361492763,0.4926,intercepted,NONE,NONE
Dual-Frequency Async Engine,2102,1408.371880937,0.0013,none,NONE,NONE
Dual-Frequency Async Engine,2103,1408.38264846,0.0121,none,NONE,NONE
Dual-Frequency Async Engine,2104,1408.39347376,0.0229,intercepted,NONE,NONE
Dual-Frequency Async Engine,2105,1408.404277574,0.0337,none,NONE,NONE
Dual-Frequency Async Engine,2106,1408.415186687,0.0446,fallback,STAGE_3,VELOCITY_LIMIT_BREACH
Dual-Frequency Async Engine,2107,1408.426081145,0.0555,none,NONE,NONE
Dual-Frequency Async Engine,2108,1408.436877185,0.0663,intercepted,NONE,NONE
Dual-Frequency Async Engine,2109,1408.447854354,0.0773,fallback,STAGE_3,VELOCITY_LIMIT_BREACH
Dual-Frequency Async Engine,2110,1408.458576886,0.088,fallback,STAGE_1,JSON_OR_VALIDATION_ERROR
Dual-Frequency Async Engine,2111,1408.469257625,0.0987,none,NONE,NONE
Dual-Frequency Async Engine,2112,1408.479915447,0.1093,none,NONE,NONE
Dual-Frequency Async Engine,2113,1408.490538972,0.1199,fallback,STAGE_3,VELOCITY_LIMIT_BREACH
Dual-Frequency Async Engine,2114,1408.501244778,0.1306,none,NONE,NONE
Dual-Frequency Async Engine,2115,1408.511961797,0.1414,none,NONE,NONE
Dual-Frequency Async Engine,2116,1408.522665015,0.1521,none,NONE,NONE
Dual-Frequency Async Engine,2117,1408.533523921,0.1629,none,NONE,NONE
Dual-Frequency Async Engine,2118,1408.544366636,0.1738,none,NONE,NONE
Dual-Frequency Async Engine,2119,1408.555224263,0.1846,none,NONE,NONE
Dual-Frequency Async Engine,2120,1408.565949306,0.1954,none,NONE,NONE
Dual-Frequency Async Engine,2121,1408.577096536,0.2065,fallback,STAGE_3,VELOCITY_LIMIT_BREACH
Dual-Frequency Async Engine,2122,1408.587812879,0.2172,none,NONE,NONE
Dual-Frequency Async Engine,2123,1408.59859795,0.228,none,NONE,NONE
Dual-Frequency Async Engine,2124,1408.609286111,0.2387,none,NONE,NONE
Dual-Frequency Async Engine,2125,1408.620127644,0.2495,fallback,STAGE_3,VELOCITY_LIMIT_BREACH
Dual-Frequency Async Engine,2126,1408.630828063,0.2602,none,NONE,NONE
Dual-Frequency Async Engine,2127,1408.641683321,0.2711,none,NONE,NONE
Dual-Frequency Async Engine,2128,1408.652506664,0.2819,intercepted,NONE,NONE
Dual-Frequency Async Engine,2129,1408.663177719,0.2926,fallback,STAGE_3,VELOCITY_LIMIT_BREACH
Dual-Frequency Async Engine,2130,1408.673815416,0.3032,intercepted,NONE,NONE
Dual-Frequency Async Engine,2131,1408.684442066,0.3138,none,NONE,NONE
Dual-Frequency Async Engine,2132,1408.694988014,0.3244,none,NONE,NONE
Dual-Frequency Async Engine,2133,1408.70558276,0.335,none,NONE,NONE
Dual-Frequency Async Engine,2134,1408.716271085,0.3457,fallback,STAGE_3,VELOCITY_LIMIT_BREACH
Dual-Frequency Async Engine,2135,1408.726860553,0.3563,fallback,STAGE_3,VELOCITY_LIMIT_BREACH
Dual-Frequency Async Engine,2136,1408.7374616,0.3669,intercepted,NONE,NONE
Dual-Frequency Async Engine,2137,1408.748204779,0.3776,none,NONE,NONE
Dual-Frequency Async Engine,2138,1408.758823726,0.3882,none,NONE,NONE
Dual-Frequency Async Engine,2139,1408.769632805,0.399,none,NONE,NONE
Dual-Frequency Async Engine,2140,1408.780179612,0.4096,none,NONE,NONE
Dual-Frequency Async Engine,2141,1408.790697389,0.4201,intercepted,NONE,NONE
Dual-Frequency Async Engine,2142,1408.801256882,0.4307,fallback,STAGE_3,VELOCITY_LIMIT_BREACH
Dual-Frequency Async Engine,2143,1408.8118101,0.4412,none,NONE,NONE
Dual-Frequency Async Engine,2144,1408.82244472,0.4518,none,NONE,NONE
Dual-Frequency Async Engine,2145,1408.832967001,0.4624,none,NONE,NONE
Dual-Frequency Async Engine,2146,1408.843520541,0.4729,fallback,STAGE_3,VELOCITY_LIMIT_BREACH
Dual-Frequency Async Engine,2147,1408.854229704,0.4836,none,NONE,NONE
Dual-Frequency Async Engine,2148,1408.864831031,0.4942,none,NONE,NONE
Dual-Frequency Async Engine,2149,1408.87586591,0.0053,none,NONE,NONE
Dual-Frequency Async Engine,2150,1408.88645173,0.0159,intercepted,NONE,NONE
Dual-Frequency Async Engine,2151,1408.897023304,0.0265,intercepted,NONE,NONE
Dual-Frequency Async Engine,2152,1408.907584711,0.0371,fallback,STAGE_3,VELOCITY_LIMIT_BREACH
Dual-Frequency Async Engine,2153,1408.918171766,0.0476,none,NONE,NONE
Dual-Frequency Async Engine,2154,1408.928810441,0.0583,none,NONE,NONE
Dual-Frequency Async Engine,2155,1408.939562411,0.069,none,NONE,NONE
Dual-Frequency Async Engine,2156,1408.950349677,0.0798,none,NONE,NONE
Dual-Frequency Async Engine,2157,1408.960920816,0.0904,none,NONE,NONE
Dual-Frequency Async Engine,2158,1408.971491016,0.101,fallback,STAGE_3,VELOCITY_LIMIT_BREACH
Dual-Frequency Async Engine,2159,1408.982119662,0.1116,none,NONE,NONE
Dual-Frequency Async Engine,2160,1408.992699535,0.1222,fallback,STAGE_3,VELOCITY_LIMIT_BREACH
Dual-Frequency Async Engine,2161,1409.003359488,0.1328,fallback,STAGE_3,VELOCITY_LIMIT_BREACH
Dual-Frequency Async Engine,2162,1409.013887364,0.1434,intercepted,NONE,NONE
Dual-Frequency Async Engine,2163,1409.024644328,0.1541,fallback,STAGE_3,VELOCITY_LIMIT_BREACH
Dual-Frequency Async Engine,2164,1409.035205061,0.1647,none,NONE,NONE
Dual-Frequency Async Engine,2165,1409.045790994,0.1753,none,NONE,NONE
Dual-Frequency Async Engine,2166,1409.056500565,0.186,fallback,STAGE_3,VELOCITY_LIMIT_BREACH
Dual-Frequency Async Engine,2167,1409.067164639,0.1966,intercepted,NONE,NONE
Dual-Frequency Async Engine,2168,1409.077971995,0.2074,none,NONE,NONE
Dual-Frequency Async Engine,2169,1409.088561546,0.218,none,NONE,NONE
Dual-Frequency Async Engine,2170,1409.099174328,0.2286,none,NONE,NONE
Dual-Frequency Async Engine,2171,1409.109743129,0.2392,none,NONE,NONE
Dual-Frequency Async Engine,2172,1409.120376227,0.2498,none,NONE,NONE
Dual-Frequency Async Engine,2173,1409.130954965,0.2604,none,NONE,NONE
Dual-Frequency Async Engine,2174,1409.141518602,0.271,fallback,STAGE_3,VELOCITY_LIMIT_BREACH
Dual-Frequency Async Engine,2175,1409.152167936,0.2816,intercepted,NONE,NONE
Dual-Frequency Async Engine,2176,1409.162775407,0.2922,intercepted,NONE,NONE
Dual-Frequency Async Engine,2177,1409.173336982,0.3028,intercepted,NONE,NONE
Dual-Frequency Async Engine,2178,1409.184066347,0.3135,fallback,STAGE_3,VELOCITY_LIMIT_BREACH
Dual-Frequency Async Engine,2179,1409.194701215,0.3242,intercepted,NONE,NONE
Dual-Frequency Async Engine,2180,1409.205506333,0.335,none,NONE,NONE
Dual-Frequency Async Engine,2181,1409.216169863,0.3456,none,NONE,NONE
Dual-Frequency Async Engine,2182,1409.226836166,0.3563,none,NONE,NONE
Dual-Frequency Async Engine,2183,1409.237522931,0.367,intercepted,NONE,NONE
Dual-Frequency Async Engine,2184,1409.248192187,0.3777,fallback,STAGE_3,VELOCITY_LIMIT_BREACH
Dual-Frequency Async Engine,2185,1409.258814254,0.3883,none,NONE,NONE
Dual-Frequency Async Engine,2186,1409.269570093,0.399,none,NONE,NONE
Dual-Frequency Async Engine,2187,1409.280208844,0.4097,none,NONE,NONE
Dual-Frequency Async Engine,2188,1409.290875852,0.4203,fallback,STAGE_1,JSON_OR_VALIDATION_ERROR
Dual-Frequency Async Engine,2189,1409.301511373,0.431,intercepted,NONE,NONE
Dual-Frequency Async Engine,2190,1409.312178985,0.4417,none,NONE,NONE
Dual-Frequency Async Engine,2191,1409.322797186,0.4523,intercepted,NONE,NONE
Dual-Frequency Async Engine,2192,1409.333467969,0.4629,none,NONE,NONE
Dual-Frequency Async Engine,2193,1409.344041735,0.4735,none,NONE,NONE
Dual-Frequency Async Engine,2194,1409.355850001,0.4853,none,NONE,NONE
Dual-Frequency Async Engine,2195,1409.366384845,0.4959,intercepted,NONE,NONE
Dual-Frequency Async Engine,2196,1409.377207204,0.0053,none,NONE,NONE
Dual-Frequency Async Engine,2197,1409.387417797,0.0155,fallback,STAGE_3,VELOCITY_LIMIT_BREACH
Dual-Frequency Async Engine,2198,1409.39794813,0.0261,fallback,STAGE_3,VELOCITY_LIMIT_BREACH
Dual-Frequency Async Engine,2199,1409.408524982,0.0366,none,NONE,NONE
Dual-Frequency Async Engine,2200,1409.419096943,0.0472,none,NONE,NONE
Dual-Frequency Async Engine,2201,1409.429634132,0.0577,none,NONE,NONE
Dual-Frequency Async Engine,2202,1409.440474711,0.0686,none,NONE,NONE
Dual-Frequency Async Engine,2203,1409.451094264,0.0792,none,NONE,NONE
Dual-Frequency Async Engine,2204,1409.461634188,0.0897,none,NONE,NONE
Dual-Frequency Async Engine,2205,1409.47220921,0.1003,intercepted,NONE,NONE
Dual-Frequency Async Engine,2206,1409.482780868,0.1109,none,NONE,NONE
Dual-Frequency Async Engine,2207,1409.493435071,0.1215,none,NONE,NONE
Dual-Frequency Async Engine,2208,1409.503992373,0.1321,none,NONE,NONE
Dual-Frequency Async Engine,2209,1409.514627754,0.1427,none,NONE,NONE
Dual-Frequency Async Engine,2210,1409.525632065,0.1537,none,NONE,NONE
Dual-Frequency Async Engine,2211,1409.536282555,0.1644,none,NONE,NONE
Dual-Frequency Async Engine,2212,1409.546836753,0.1749,fallback,STAGE_1,JSON_OR_VALIDATION_ERROR
Dual-Frequency Async Engine,2213,1409.557649679,0.1858,none,NONE,NONE
Dual-Frequency Async Engine,2214,1409.569275295,0.1974,none,NONE,NONE
Dual-Frequency Async Engine,2215,1409.580043838,0.2082,none,NONE,NONE
Dual-Frequency Async Engine,2216,1409.590546831,0.2187,none,NONE,NONE
Dual-Frequency Async Engine,2217,1409.601036917,0.2291,none,NONE,NONE
Dual-Frequency Async Engine,2218,1409.611588515,0.2397,none,NONE,NONE
Dual-Frequency Async Engine,2219,1409.622146486,0.2503,none,NONE,NONE
Dual-Frequency Async Engine,2220,1409.632720051,0.2608,fallback,STAGE_3,VELOCITY_LIMIT_BREACH
Dual-Frequency Async Engine,2221,1409.643306784,0.2714,intercepted,NONE,NONE
Dual-Frequency Async Engine,2222,1409.653856099,0.282,none,NONE,NONE
Dual-Frequency Async Engine,2223,1409.664403485,0.2925,none,NONE,NONE
Dual-Frequency Async Engine,2224,1409.674970133,0.3031,intercepted,NONE,NONE
Dual-Frequency Async Engine,2225,1409.685468322,0.3136,none,NONE,NONE
Dual-Frequency Async Engine,2226,1409.695943772,0.3241,fallback,STAGE_3,VELOCITY_LIMIT_BREACH
Dual-Frequency Async Engine,2227,1409.706394737,0.3345,none,NONE,NONE
Dual-Frequency Async Engine,2228,1409.716898035,0.345,intercepted,NONE,NONE
Dual-Frequency Async Engine,2229,1409.727425172,0.3555,fallback,STAGE_3,VELOCITY_LIMIT_BREACH
Dual-Frequency Async Engine,2230,1409.737949414,0.3661,fallback,STAGE_1,JSON_OR_VALIDATION_ERROR
Dual-Frequency Async Engine,2231,1409.748488153,0.3766,none,NONE,NONE
Dual-Frequency Async Engine,2232,1409.759026404,0.3871,none,NONE,NONE
Dual-Frequency Async Engine,2233,1409.769570854,0.3977,fallback,STAGE_3,VELOCITY_LIMIT_BREACH
Dual-Frequency Async Engine,2234,1409.780111139,0.4082,none,NONE,NONE
Dual-Frequency Async Engine,2235,1409.790659728,0.4188,none,NONE,NONE
Dual-Frequency Async Engine,2236,1409.801227219,0.4293,none,NONE,NONE
Dual-Frequency Async Engine,2237,1409.811812543,0.4399,none,NONE,NONE
Dual-Frequency Async Engine,2238,1409.822650436,0.4508,none,NONE,NONE
Dual-Frequency Async Engine,2239,1409.833254034,0.4614,none,NONE,NONE
Dual-Frequency Async Engine,2240,1409.843750059,0.4719,none,NONE,NONE
Dual-Frequency Async Engine,2241,1409.854276454,0.4824,fallback,STAGE_3,VELOCITY_LIMIT_BREACH
Dual-Frequency Async Engine,2242,1409.864760759,0.4929,none,NONE,NONE
Dual-Frequency Async Engine,2243,1409.875688973,0.0032,none,NONE,NONE
Dual-Frequency Async Engine,2244,1409.886147877,0.0137,none,NONE,NONE
Dual-Frequency Async Engine,2245,1409.896636759,0.0242,fallback,STAGE_3,VELOCITY_LIMIT_BREACH
Dual-Frequency Async Engine,2246,1409.907128624,0.0347,none,NONE,NONE
Dual-Frequency Async Engine,2247,1409.918157253,0.0457,none,NONE,NONE
Dual-Frequency Async Engine,2248,1409.928594718,0.0561,intercepted,NONE,NONE
Dual-Frequency Async Engine,2249,1409.939087719,0.0666,fallback,STAGE_3,VELOCITY_LIMIT_BREACH
Dual-Frequency Async Engine,2250,1409.949565405,0.0771,intercepted,NONE,NONE
Dual-Frequency Async Engine,2251,1409.960057788,0.0876,none,NONE,NONE
Dual-Frequency Async Engine,2252,1409.970514333,0.098,none,NONE,NONE
Dual-Frequency Async Engine,2253,1409.980950708,0.1085,none,NONE,NONE
Dual-Frequency Async Engine,2254,1409.991412032,0.1189,fallback,STAGE_3,VELOCITY_LIMIT_BREACH
Dual-Frequency Async Engine,2255,1410.001885992,0.1294,fallback,STAGE_3,VELOCITY_LIMIT_BREACH
Dual-Frequency Async Engine,2256,1410.012459051,0.14,intercepted,NONE,NONE
Dual-Frequency Async Engine,2257,1410.023444302,0.151,none,NONE,NONE
Dual-Frequency Async Engine,2258,1410.033955085,0.1615,none,NONE,NONE
Dual-Frequency Async Engine,2259,1410.044611067,0.1721,none,NONE,NONE
Dual-Frequency Async Engine,2260,1410.055133844,0.1827,none,NONE,NONE
Dual-Frequency Async Engine,2261,1410.065634886,0.1932,intercepted,NONE,NONE
Dual-Frequency Async Engine,2262,1410.076317777,0.2038,fallback,STAGE_3,VELOCITY_LIMIT_BREACH
Dual-Frequency Async Engine,2263,1410.086886609,0.2144,none,NONE,NONE
Dual-Frequency Async Engine,2264,1410.097451613,0.225,none,NONE,NONE
Dual-Frequency Async Engine,2265,1410.108080317,0.2356,none,NONE,NONE
Dual-Frequency Async Engine,2266,1410.118563127,0.2461,fallback,STAGE_3,VELOCITY_LIMIT_BREACH
Dual-Frequency Async Engine,2267,1410.128994942,0.2565,none,NONE,NONE
Dual-Frequency Async Engine,2268,1410.13954589,0.2671,none,NONE,NONE
Dual-Frequency Async Engine,2269,1410.150114994,0.2776,none,NONE,NONE
Dual-Frequency Async Engine,2270,1410.160492657,0.288,intercepted,NONE,NONE
Dual-Frequency Async Engine,2271,1410.170941034,0.2985,intercepted,NONE,NONE
Dual-Frequency Async Engine,2272,1410.181429678,0.309,fallback,STAGE_3,VELOCITY_LIMIT_BREACH
Dual-Frequency Async Engine,2273,1410.191888942,0.3194,none,NONE,NONE
Dual-Frequency Async Engine,2274,1410.202397382,0.3299,none,NONE,NONE
Dual-Frequency Async Engine,2275,1410.212962804,0.3405,none,NONE,NONE
Dual-Frequency Async Engine,2276,1410.223578383,0.3511,none,NONE,NONE
Dual-Frequency Async Engine,2277,1410.234118483,0.3616,none,NONE,NONE
Dual-Frequency Async Engine,2278,1410.244607143,0.3721,fallback,STAGE_3,VELOCITY_LIMIT_BREACH
Dual-Frequency Async Engine,2279,1410.255113572,0.3826,none,NONE,NONE
Dual-Frequency Async Engine,2280,1410.265666908,0.3932,fallback,STAGE_3,VELOCITY_LIMIT_BREACH
Dual-Frequency Async Engine,2281,1410.276227236,0.4038,fallback,STAGE_3,VELOCITY_LIMIT_BREACH
Dual-Frequency Async Engine,2282,1410.28681257,0.4143,intercepted,NONE,NONE
Dual-Frequency Async Engine,2283,1410.297317802,0.4248,fallback,STAGE_3,VELOCITY_LIMIT_BREACH
Dual-Frequency Async Engine,2284,1410.307862912,0.4354,none,NONE,NONE
Dual-Frequency Async Engine,2285,1410.318434654,0.446,none,NONE,NONE
Dual-Frequency Async Engine,2286,1410.328979117,0.4565,fallback,STAGE_3,VELOCITY_LIMIT_BREACH
Dual-Frequency Async Engine,2287,1410.339433559,0.467,intercepted,NONE,NONE
Dual-Frequency Async Engine,2288,1410.349963827,0.4775,none,NONE,NONE
Dual-Frequency Async Engine,2289,1410.360478387,0.488,none,NONE,NONE
Dual-Frequency Async Engine,2290,1410.370987275,0.4985,none,NONE,NONE
Dual-Frequency Async Engine,2291,1410.382162194,0.0087,none,NONE,NONE
Dual-Frequency Async Engine,2292,1410.392729191,0.0193,none,NONE,NONE
Dual-Frequency Async Engine,2293,1410.403225681,0.0297,none,NONE,NONE
Dual-Frequency Async Engine,2294,1410.413699261,0.0402,fallback,STAGE_3,VELOCITY_LIMIT_BREACH
Dual-Frequency Async Engine,2295,1410.424199555,0.0507,intercepted,NONE,NONE
Dual-Frequency Async Engine,2296,1410.434793702,0.0613,intercepted,NONE,NONE
Dual-Frequency Async Engine,2297,1410.445373657,0.0719,intercepted,NONE,NONE
Dual-Frequency Async Engine,2298,1410.45589959,0.0824,fallback,STAGE_3,VELOCITY_LIMIT_BREACH
Dual-Frequency Async Engine,2299,1410.466429685,0.093,intercepted,NONE,NONE
Dual-Frequency Async Engine,2300,1410.477024575,0.1035,none,NONE,NONE
Dual-Frequency Async Engine,2301,1410.487630878,0.1142,none,NONE,NONE
Dual-Frequency Async Engine,2302,1410.498238555,0.1248,none,NONE,NONE
Dual-Frequency Async Engine,2303,1410.508737444,0.1353,intercepted,NONE,NONE
Dual-Frequency Async Engine,2304,1410.519211933,0.1457,fallback,STAGE_3,VELOCITY_LIMIT_BREACH
Dual-Frequency Async Engine,2305,1410.529686834,0.1562,none,NONE,NONE
Dual-Frequency Async Engine,2306,1410.540312472,0.1668,none,NONE,NONE
Dual-Frequency Async Engine,2307,1410.550872252,0.1774,none,NONE,NONE
Dual-Frequency Async Engine,2308,1410.561438322,0.188,fallback,STAGE_1,JSON_OR_VALIDATION_ERROR
Dual-Frequency Async Engine,2309,1410.572126958,0.1987,intercepted,NONE,NONE
Dual-Frequency Async Engine,2310,1410.582747489,0.2093,none,NONE,NONE
Dual-Frequency Async Engine,2311,1410.593639602,0.2202,intercepted,NONE,NONE
Dual-Frequency Async Engine,2312,1410.604210175,0.2307,none,NONE,NONE
Dual-Frequency Async Engine,2313,1410.616162885,0.2427,none,NONE,NONE
Dual-Frequency Async Engine,2314,1410.626726513,0.2533,none,NONE,NONE
Dual-Frequency Async Engine,2315,1410.637307031,0.2638,intercepted,NONE,NONE
Dual-Frequency Async Engine,2316,1410.647863436,0.2744,none,NONE,NONE
Dual-Frequency Async Engine,2317,1410.65903002,0.2856,fallback,STAGE_3,VELOCITY_LIMIT_BREACH
Dual-Frequency Async Engine,2318,1410.669551575,0.2961,fallback,STAGE_3,VELOCITY_LIMIT_BREACH
Dual-Frequency Async Engine,2319,1410.680065759,0.3066,none,NONE,NONE
Dual-Frequency Async Engine,2320,1410.690624319,0.3171,none,NONE,NONE
Dual-Frequency Async Engine,2321,1410.701292897,0.3278,none,NONE,NONE
Dual-Frequency Async Engine,2322,1410.711886903,0.3384,none,NONE,NONE
Dual-Frequency Async Engine,2323,1410.72246753,0.349,none,NONE,NONE
Dual-Frequency Async Engine,2324,1410.733201315,0.3597,none,NONE,NONE
Dual-Frequency Async Engine,2325,1410.743743991,0.3703,intercepted,NONE,NONE
Dual-Frequency Async Engine,2326,1410.756461679,0.383,none,NONE,NONE
Dual-Frequency Async Engine,2327,1410.767217447,0.3937,none,NONE,NONE
Dual-Frequency Async Engine,2328,1410.777944486,0.4045,none,NONE,NONE
Dual-Frequency Async Engine,2329,1410.788622192,0.4151,none,NONE,NONE
Dual-Frequency Async Engine,2330,1410.799307351,0.4258,none,NONE,NONE
Dual-Frequency Async Engine,2331,1410.80999559,0.4365,none,NONE,NONE
Dual-Frequency Async Engine,2332,1410.820690593,0.4472,fallback,STAGE_1,JSON_OR_VALIDATION_ERROR
Dual-Frequency Async Engine,2333,1410.831503763,0.458,none,NONE,NONE
Dual-Frequency Async Engine,2334,1410.84256884,0.4691,none,NONE,NONE
Dual-Frequency Async Engine,2335,1410.853397329,0.4799,none,NONE,NONE
Dual-Frequency Async Engine,2336,1410.864315057,0.4908,none,NONE,NONE
Dual-Frequency Async Engine,2337,1410.875328342,0.0022,none,NONE,NONE
Dual-Frequency Async Engine,2338,1410.886020481,0.0129,none,NONE,NONE
Dual-Frequency Async Engine,2339,1410.896923019,0.0238,none,NONE,NONE
Dual-Frequency Async Engine,2340,1410.907569287,0.0344,fallback,STAGE_3,VELOCITY_LIMIT_BREACH
Dual-Frequency Async Engine,2341,1410.918180117,0.045,intercepted,NONE,NONE
Dual-Frequency Async Engine,2342,1410.928798319,0.0556,none,NONE,NONE
Dual-Frequency Async Engine,2343,1410.939426359,0.0663,none,NONE,NONE
Dual-Frequency Async Engine,2344,1410.951084992,0.0779,intercepted,NONE,NONE
Dual-Frequency Async Engine,2345,1410.96172775,0.0886,none,NONE,NONE
Dual-Frequency Async Engine,2346,1410.972416141,0.0993,fallback,STAGE_3,VELOCITY_LIMIT_BREACH
Dual-Frequency Async Engine,2347,1410.983103411,0.1099,none,NONE,NONE
Dual-Frequency Async Engine,2348,1410.993859847,0.1207,intercepted,NONE,NONE
Dual-Frequency Async Engine,2349,1411.004827182,0.1317,fallback,STAGE_3,VELOCITY_LIMIT_BREACH
Dual-Frequency Async Engine,2350,1411.015626224,0.1425,fallback,STAGE_1,JSON_OR_VALIDATION_ERROR
Dual-Frequency Async Engine,2351,1411.026623502,0.1535,none,NONE,NONE
Dual-Frequency Async Engine,2352,1411.037478589,0.1643,none,NONE,NONE
Dual-Frequency Async Engine,2353,1411.048317789,0.1752,fallback,STAGE_3,VELOCITY_LIMIT_BREACH
Dual-Frequency Async Engine,2354,1411.059356579,0.1862,none,NONE,NONE
Dual-Frequency Async Engine,2355,1411.07082401,0.1977,none,NONE,NONE
Dual-Frequency Async Engine,2356,1411.081719332,0.2086,none,NONE,NONE
Dual-Frequency Async Engine,2357,1411.09193666,0.2188,none,NONE,NONE
Dual-Frequency Async Engine,2358,1411.102684774,0.2295,none,NONE,NONE
Dual-Frequency Async Engine,2359,1411.113518877,0.2404,none,NONE,NONE
Dual-Frequency Async Engine,2360,1411.124373353,0.2512,none,NONE,NONE
Dual-Frequency Async Engine,2361,1411.135529423,0.2624,fallback,STAGE_3,VELOCITY_LIMIT_BREACH
Dual-Frequency Async Engine,2362,1411.146560785,0.2734,none,NONE,NONE
Dual-Frequency Async Engine,2363,1411.15678029,0.2836,none,NONE,NONE
Dual-Frequency Async Engine,2364,1411.167460161,0.2943,none,NONE,NONE
Dual-Frequency Async Engine,2365,1411.178971902,0.3058,fallback,STAGE_3,VELOCITY_LIMIT_BREACH
Dual-Frequency Async Engine,2366,1411.189289741,0.3161,none,NONE,NONE
Dual-Frequency Async Engine,2367,1411.200102076,0.3269,none,NONE,NONE
Dual-Frequency Async Engine,2368,1411.210875192,0.3377,intercepted,NONE,NONE
Dual-Frequency Async Engine,2369,1411.221729415,0.3486,fallback,STAGE_3,VELOCITY_LIMIT_BREACH
Dual-Frequency Async Engine,2370,1411.232090719,0.3589,intercepted,NONE,NONE
Dual-Frequency Async Engine,2371,1411.243122044,0.37,none,NONE,NONE
Dual-Frequency Async Engine,2372,1411.253945764,0.3808,none,NONE,NONE
Dual-Frequency Async Engine,2373,1411.264938125,0.3918,none,NONE,NONE
Dual-Frequency Async Engine,2374,1411.275734062,0.4026,fallback,STAGE_3,VELOCITY_LIMIT_BREACH
Dual-Frequency Async Engine,2375,1411.286559454,0.4134,fallback,STAGE_3,VELOCITY_LIMIT_BREACH
Dual-Frequency Async Engine,2376,1411.297394393,0.4242,intercepted,NONE,NONE
Dual-Frequency Async Engine,2377,1411.308374958,0.4352,none,NONE,NONE
Dual-Frequency Async Engine,2378,1411.319211056,0.446,none,NONE,NONE
Dual-Frequency Async Engine,2379,1411.329988049,0.4568,none,NONE,NONE
Dual-Frequency Async Engine,2380,1411.340746324,0.4676,none,NONE,NONE
Dual-Frequency Async Engine,2381,1411.351346062,0.4782,intercepted,NONE,NONE
Dual-Frequency Async Engine,2382,1411.362062372,0.4889,fallback,STAGE_3,VELOCITY_LIMIT_BREACH
Dual-Frequency Async Engine,2383,1411.372889018,0.4997,none,NONE,NONE
Dual-Frequency Async Engine,2384,1411.383294669,0.0088,none,NONE,NONE
Dual-Frequency Async Engine,2385,1411.394404205,0.0199,none,NONE,NONE
Dual-Frequency Async Engine,2386,1411.405420951,0.0309,fallback,STAGE_3,VELOCITY_LIMIT_BREACH
Dual-Frequency Async Engine,2387,1411.416423383,0.0419,none,NONE,NONE
Dual-Frequency Async Engine,2388,1411.427445845,0.053,none,NONE,NONE
Dual-Frequency Async Engine,2389,1411.438458646,0.064,none,NONE,NONE
Dual-Frequency Async Engine,2390,1411.449475026,0.075,intercepted,NONE,NONE
Dual-Frequency Async Engine,2391,1411.46058707,0.0861,intercepted,NONE,NONE
Dual-Frequency Async Engine,2392,1411.471655645,0.0972,fallback,STAGE_3,VELOCITY_LIMIT_BREACH
Dual-Frequency Async Engine,2393,1411.48270275,0.1082,none,NONE,NONE
Dual-Frequency Async Engine,2394,1411.492919406,0.1184,none,NONE,NONE
Dual-Frequency Async Engine,2395,1411.503858095,0.1294,none,NONE,NONE
Dual-Frequency Async Engine,2396,1411.514863269,0.1404,none,NONE,NONE
Dual-Frequency Async Engine,2397,1411.525838962,0.1513,none,NONE,NONE
Dual-Frequency Async Engine,2398,1411.536657576,0.1622,fallback,STAGE_3,VELOCITY_LIMIT_BREACH
Dual-Frequency Async Engine,2399,1411.547498675,0.173,none,NONE,NONE
Dual-Frequency Async Engine,2400,1411.558387303,0.1839,fallback,STAGE_3,VELOCITY_LIMIT_BREACH
Dual-Frequency Async Engine,2401,1411.569095607,0.1946,fallback,STAGE_3,VELOCITY_LIMIT_BREACH
Dual-Frequency Async Engine,2402,1411.580130308,0.2056,intercepted,NONE,NONE
Dual-Frequency Async Engine,2403,1411.590987224,0.2165,fallback,STAGE_3,VELOCITY_LIMIT_BREACH
Dual-Frequency Async Engine,2404,1411.601777497,0.2273,none,NONE,NONE
Dual-Frequency Async Engine,2405,1411.612684466,0.2382,none,NONE,NONE
Dual-Frequency Async Engine,2406,1411.623576973,0.2491,fallback,STAGE_3,VELOCITY_LIMIT_BREACH
Dual-Frequency Async Engine,2407,1411.634305989,0.2598,intercepted,NONE,NONE
Dual-Frequency Async Engine,2408,1411.645097525,0.2706,none,NONE,NONE
Dual-Frequency Async Engine,2409,1411.655969987,0.2815,none,NONE,NONE
Dual-Frequency Async Engine,2410,1411.666729602,0.2922,none,NONE,NONE
Dual-Frequency Async Engine,2411,1411.677510601,0.303,none,NONE,NONE
Dual-Frequency Async Engine,2412,1411.688245186,0.3138,none,NONE,NONE
Dual-Frequency Async Engine,2413,1411.699285876,0.3248,none,NONE,NONE
Dual-Frequency Async Engine,2414,1411.710105473,0.3356,fallback,STAGE_3,VELOCITY_LIMIT_BREACH
Dual-Frequency Async Engine,2415,1411.721104592,0.3466,intercepted,NONE,NONE
Dual-Frequency Async Engine,2416,1411.732192408,0.3577,intercepted,NONE,NONE
Dual-Frequency Async Engine,2417,1411.74312982,0.3686,intercepted,NONE,NONE
Dual-Frequency Async Engine,2418,1411.754109194,0.3796,fallback,STAGE_3,VELOCITY_LIMIT_BREACH
Dual-Frequency Async Engine,2419,1411.76510212,0.3906,intercepted,NONE,NONE
Dual-Frequency Async Engine,2420,1411.775994147,0.4015,none,NONE,NONE
Dual-Frequency Async Engine,2421,1411.787057725,0.4126,none,NONE,NONE
Dual-Frequency Async Engine,2422,1411.797947866,0.4235,none,NONE,NONE
Dual-Frequency Async Engine,2423,1411.808996961,0.4345,intercepted,NONE,NONE
Dual-Frequency Async Engine,2424,1411.819890248,0.4454,fallback,STAGE_3,VELOCITY_LIMIT_BREACH
Dual-Frequency Async Engine,2425,1411.830793856,0.4563,none,NONE,NONE
Dual-Frequency Async Engine,2426,1411.841784793,0.4673,none,NONE,NONE
Dual-Frequency Async Engine,2427,1411.852799722,0.4783,none,NONE,NONE
Dual-Frequency Async Engine,2428,1411.863686301,0.4892,fallback,STAGE_1,JSON_OR_VALIDATION_ERROR
Dual-Frequency Async Engine,2429,1411.874885922,0.0012,intercepted,NONE,NONE
Dual-Frequency Async Engine,2430,1411.885849004,0.0122,none,NONE,NONE
Dual-Frequency Async Engine,2431,1411.896882193,0.0232,intercepted,NONE,NONE
Dual-Frequency Async Engine,2432,1411.907601831,0.0339,none,NONE,NONE
Dual-Frequency Async Engine,2433,1411.918614881,0.0449,none,NONE,NONE
Dual-Frequency Async Engine,2434,1411.929553535,0.0559,none,NONE,NONE
Dual-Frequency Async Engine,2435,1411.940561939,0.0669,intercepted,NONE,NONE
Dual-Frequency Async Engine,2436,1411.951439082,0.0778,none,NONE,NONE
Dual-Frequency Async Engine,2437,1411.962364365,0.0887,fallback,STAGE_3,VELOCITY_LIMIT_BREACH
Dual-Frequency Async Engine,2438,1411.9733107,0.0996,fallback,STAGE_3,VELOCITY_LIMIT_BREACH
Dual-Frequency Async Engine,2439,1411.984129657,0.1105,none,NONE,NONE
Dual-Frequency Async Engine,2440,1411.994872759,0.1212,none,NONE,NONE
Dual-Frequency Async Engine,2441,1412.005797399,0.1321,none,NONE,NONE
Dual-Frequency Async Engine,2442,1412.016801709,0.1431,none,NONE,NONE
Dual-Frequency Async Engine,2443,1412.027811004,0.1541,none,NONE,NONE
Dual-Frequency Async Engine,2444,1412.038731208,0.1651,none,NONE,NONE
Dual-Frequency Async Engine,2445,1412.049759307,0.1761,intercepted,NONE,NONE
Dual-Frequency Async Engine,2446,1412.060528114,0.1869,none,NONE,NONE
Dual-Frequency Async Engine,2447,1412.071406093,0.1977,none,NONE,NONE
Dual-Frequency Async Engine,2448,1412.08244761,0.2088,none,NONE,NONE
Dual-Frequency Async Engine,2449,1412.093331691,0.2197,none,NONE,NONE
Dual-Frequency Async Engine,2450,1412.104103004,0.2304,none,NONE,NONE
Dual-Frequency Async Engine,2451,1412.114928381,0.2413,none,NONE,NONE
Dual-Frequency Async Engine,2452,1412.125778079,0.2521,fallback,STAGE_1,JSON_OR_VALIDATION_ERROR
Dual-Frequency Async Engine,2453,1412.136666421,0.263,none,NONE,NONE
Dual-Frequency Async Engine,2454,1412.147654097,0.274,none,NONE,NONE
Dual-Frequency Async Engine,2455,1412.158456505,0.2848,none,NONE,NONE
Dual-Frequency Async Engine,2456,1412.169419539,0.2957,none,NONE,NONE
Dual-Frequency Async Engine,2457,1412.180224609,0.3066,none,NONE,NONE
Dual-Frequency Async Engine,2458,1412.19095053,0.3173,none,NONE,NONE
Dual-Frequency Async Engine,2459,1412.201834037,0.3282,none,NONE,NONE
Dual-Frequency Async Engine,2460,1412.212569128,0.3389,fallback,STAGE_3,VELOCITY_LIMIT_BREACH
Dual-Frequency Async Engine,2461,1412.223321687,0.3497,intercepted,NONE,NONE
Dual-Frequency Async Engine,2462,1412.234242011,0.3606,none,NONE,NONE
Dual-Frequency Async Engine,2463,1412.245120051,0.3714,none,NONE,NONE
Dual-Frequency Async Engine,2464,1412.255987844,0.3823,intercepted,NONE,NONE
Dual-Frequency Async Engine,2465,1412.267066846,0.3934,none,NONE,NONE
Dual-Frequency Async Engine,2466,1412.278095558,0.4044,fallback,STAGE_3,VELOCITY_LIMIT_BREACH
Dual-Frequency Async Engine,2467,1412.289150218,0.4155,none,NONE,NONE
Dual-Frequency Async Engine,2468,1412.300102105,0.4264,intercepted,NONE,NONE
Dual-Frequency Async Engine,2469,1412.311175058,0.4375,fallback,STAGE_3,VELOCITY_LIMIT_BREACH
Dual-Frequency Async Engine,2470,1412.322302037,0.4486,fallback,STAGE_1,JSON_OR_VALIDATION_ERROR
Dual-Frequency Async Engine,2471,1412.33317751,0.4595,none,NONE,NONE
Dual-Frequency Async Engine,2472,1412.344094058,0.4704,none,NONE,NONE
Dual-Frequency Async Engine,2473,1412.355197102,0.4815,fallback,STAGE_3,VELOCITY_LIMIT_BREACH
Dual-Frequency Async Engine,2474,1412.366378438,0.4927,none,NONE,NONE
Dual-Frequency Async Engine,2475,1412.376949411,0.0025,none,NONE,NONE
Dual-Frequency Async Engine,2476,1412.388138934,0.0137,none,NONE,NONE
Dual-Frequency Async Engine,2477,1412.399058812,0.0246,none,NONE,NONE
Dual-Frequency Async Engine,2478,1412.410105622,0.0357,none,NONE,NONE
Dual-Frequency Async Engine,2479,1412.421102676,0.0467,none,NONE,NONE
Dual-Frequency Async Engine,2480,1412.432091622,0.0576,none,NONE,NONE
Dual-Frequency Async Engine,2481,1412.442927969,0.0685,fallback,STAGE_3,VELOCITY_LIMIT_BREACH
Dual-Frequency Async Engine,2482,1412.453777371,0.0793,none,NONE,NONE
Dual-Frequency Async Engine,2483,1412.464812052,0.0904,none,NONE,NONE
Dual-Frequency Async Engine,2484,1412.475816714,0.1014,none,NONE,NONE
Dual-Frequency Async Engine,2485,1412.486735835,0.1123,fallback,STAGE_3,VELOCITY_LIMIT_BREACH
Dual-Frequency Async Engine,2486,1412.497750615,0.1233,none,NONE,NONE
Dual-Frequency Async Engine,2487,1412.508741018,0.1343,none,NONE,NONE
Dual-Frequency Async Engine,2488,1412.519824705,0.1454,intercepted,NONE,NONE
Dual-Frequency Async Engine,2489,1412.531121891,0.1567,fallback,STAGE_3,VELOCITY_LIMIT_BREACH
Dual-Frequency Async Engine,2490,1412.542152613,0.1677,intercepted,NONE,NONE
Dual-Frequency Async Engine,2491,1412.553189648,0.1787,none,NONE,NONE
Dual-Frequency Async Engine,2492,1412.564356816,0.1899,none,NONE,NONE
Dual-Frequency Async Engine,2493,1412.57442461,0.2,none,NONE,NONE
Dual-Frequency Async Engine,2494,1412.585514158,0.2111,fallback,STAGE_3,VELOCITY_LIMIT_BREACH
Dual-Frequency Async Engine,2495,1412.596709087,0.2223,fallback,STAGE_3,VELOCITY_LIMIT_BREACH
Dual-Frequency Async Engine,2496,1412.607669046,0.2332,intercepted,NONE,NONE
Dual-Frequency Async Engine,2497,1412.618673044,0.2442,none,NONE,NONE
Dual-Frequency Async Engine,2498,1412.629605472,0.2552,none,NONE,NONE
Dual-Frequency Async Engine,2499,1412.640541734,0.2661,none,NONE,NONE
Dual-Frequency Async Engine,2500,1412.651537781,0.2771,none,NONE,NONE
Dual-Frequency Async Engine,2501,1412.662433987,0.288,intercepted,NONE,NONE
Dual-Frequency Async Engine,2502,1412.673557817,0.2991,fallback,STAGE_3,VELOCITY_LIMIT_BREACH
Dual-Frequency Async Engine,2503,1412.684595354,0.3101,none,NONE,NONE
Dual-Frequency Async Engine,2504,1412.695502731,0.3211,none,NONE,NONE
Dual-Frequency Async Engine,2505,1412.706282896,0.3318,none,NONE,NONE
Dual-Frequency Async Engine,2506,1412.717264844,0.3428,fallback,STAGE_3,VELOCITY_LIMIT_BREACH
Dual-Frequency Async Engine,2507,1412.728121082,0.3537,none,NONE,NONE
Dual-Frequency Async Engine,2508,1412.738977232,0.3645,none,NONE,NONE
Dual-Frequency Async Engine,2509,1412.750096946,0.3756,none,NONE,NONE
Dual-Frequency Async Engine,2510,1412.760193456,0.3857,intercepted,NONE,NONE
Dual-Frequency Async Engine,2511,1412.770856208,0.3964,intercepted,NONE,NONE
Dual-Frequency Async Engine,2512,1412.781610309,0.4072,fallback,STAGE_3,VELOCITY_LIMIT_BREACH
Dual-Frequency Async Engine,2513,1412.792188635,0.4177,none,NONE,NONE
Dual-Frequency Async Engine,2514,1412.802841136,0.4284,none,NONE,NONE
Dual-Frequency Async Engine,2515,1412.813508748,0.4391,none,NONE,NONE
Dual-Frequency Async Engine,2516,1412.82419858,0.4498,none,NONE,NONE
Dual-Frequency Async Engine,2517,1412.834757045,0.4603,none,NONE,NONE
Dual-Frequency Async Engine,2518,1412.845380424,0.4709,fallback,STAGE_3,VELOCITY_LIMIT_BREACH
Dual-Frequency Async Engine,2519,1412.855989914,0.4815,none,NONE,NONE
Dual-Frequency Async Engine,2520,1412.866664562,0.4922,fallback,STAGE_3,VELOCITY_LIMIT_BREACH
Dual-Frequency Async Engine,2521,1412.877740629,0.0023,fallback,STAGE_3,VELOCITY_LIMIT_BREACH
Dual-Frequency Async Engine,2522,1412.888442867,0.013,intercepted,NONE,NONE
Dual-Frequency Async Engine,2523,1412.899092981,0.0237,fallback,STAGE_3,VELOCITY_LIMIT_BREACH
Dual-Frequency Async Engine,2524,1412.909679375,0.0342,none,NONE,NONE
Dual-Frequency Async Engine,2525,1412.920216509,0.0448,none,NONE,NONE
Dual-Frequency Async Engine,2526,1412.930772859,0.0553,fallback,STAGE_3,VELOCITY_LIMIT_BREACH
Dual-Frequency Async Engine,2527,1412.941373528,0.0659,intercepted,NONE,NONE
Dual-Frequency Async Engine,2528,1412.951877252,0.0764,none,NONE,NONE
Dual-Frequency Async Engine,2529,1412.962567921,0.0871,none,NONE,NONE
Dual-Frequency Async Engine,2530,1412.973185261,0.0977,none,NONE,NONE
Dual-Frequency Async Engine,2531,1412.983801747,0.1084,none,NONE,NONE
Dual-Frequency Async Engine,2532,1412.994519977,0.1191,none,NONE,NONE
Dual-Frequency Async Engine,2533,1413.005125105,0.1297,none,NONE,NONE
Dual-Frequency Async Engine,2534,1413.015667336,0.1402,fallback,STAGE_3,VELOCITY_LIMIT_BREACH
Dual-Frequency Async Engine,2535,1413.026261844,0.1508,intercepted,NONE,NONE
Dual-Frequency Async Engine,2536,1413.036807191,0.1614,intercepted,NONE,NONE
Dual-Frequency Async Engine,2537,1413.047482503,0.172,intercepted,NONE,NONE
Dual-Frequency Async Engine,2538,1413.05809556,0.1827,fallback,STAGE_3,VELOCITY_LIMIT_BREACH
Dual-Frequency Async Engine,2539,1413.068648071,0.1932,intercepted,NONE,NONE
Dual-Frequency Async Engine,2540,1413.079472528,0.204,none,NONE,NONE
Dual-Frequency Async Engine,2541,1413.090222801,0.2148,none,NONE,NONE
Dual-Frequency Async Engine,2542,1413.100926897,0.2255,none,NONE,NONE
Dual-Frequency Async Engine,2543,1413.111562529,0.2361,intercepted,NONE,NONE
Dual-Frequency Async Engine,2544,1413.122252917,0.2468,fallback,STAGE_3,VELOCITY_LIMIT_BREACH
Dual-Frequency Async Engine,2545,1413.132819173,0.2574,none,NONE,NONE
Dual-Frequency Async Engine,2546,1413.143414863,0.268,none,NONE,NONE
Dual-Frequency Async Engine,2547,1413.153933701,0.2785,none,NONE,NONE
Dual-Frequency Async Engine,2548,1413.164467803,0.289,fallback,STAGE_1,JSON_OR_VALIDATION_ERROR
Dual-Frequency Async Engine,2549,1413.175119559,0.2997,intercepted,NONE,NONE
Dual-Frequency Async Engine,2550,1413.185759349,0.3103,none,NONE,NONE
Dual-Frequency Async Engine,2551,1413.196370311,0.3209,intercepted,NONE,NONE
Dual-Frequency Async Engine,2552,1413.206911082,0.3315,none,NONE,NONE
Dual-Frequency Async Engine,2553,1413.217570495,0.3421,none,NONE,NONE
Dual-Frequency Async Engine,2554,1413.228213791,0.3528,none,NONE,NONE
Dual-Frequency Async Engine,2555,1413.238925782,0.3635,intercepted,NONE,NONE
Dual-Frequency Async Engine,2556,1413.249508908,0.3741,none,NONE,NONE
Dual-Frequency Async Engine,2557,1413.260138554,0.3847,fallback,STAGE_3,VELOCITY_LIMIT_BREACH
Dual-Frequency Async Engine,2558,1413.270662404,0.3952,fallback,STAGE_3,VELOCITY_LIMIT_BREACH
Dual-Frequency Async Engine,2559,1413.281236276,0.4058,none,NONE,NONE
Dual-Frequency Async Engine,2560,1413.291789433,0.4163,none,NONE,NONE
Dual-Frequency Async Engine,2561,1413.302470622,0.427,none,NONE,NONE
Dual-Frequency Async Engine,2562,1413.31315053,0.4377,none,NONE,NONE
Dual-Frequency Async Engine,2563,1413.323798093,0.4484,none,NONE,NONE
Dual-Frequency Async Engine,2564,1413.334521092,0.4591,none,NONE,NONE
Dual-Frequency Async Engine,2565,1413.345123086,0.4697,intercepted,NONE,NONE
Dual-Frequency Async Engine,2566,1413.355657828,0.4802,none,NONE,NONE
Dual-Frequency Async Engine,2567,1413.366182149,0.4907,none,NONE,NONE
Dual-Frequency Async Engine,2568,1413.377346117,0.0014,none,NONE,NONE
Dual-Frequency Async Engine,2569,1413.387892272,0.0119,none,NONE,NONE
Dual-Frequency Async Engine,2570,1413.398504317,0.0225,none,NONE,NONE
Dual-Frequency Async Engine,2571,1413.409149676,0.0332,none,NONE,NONE
Dual-Frequency Async Engine,2572,1413.419738,0.0438,fallback,STAGE_1,JSON_OR_VALIDATION_ERROR
Dual-Frequency Async Engine,2573,1413.430358183,0.0544,none,NONE,NONE
Dual-Frequency Async Engine,2574,1413.441093367,0.0651,none,NONE,NONE
Dual-Frequency Async Engine,2575,1413.451686327,0.0757,none,NONE,NONE
Dual-Frequency Async Engine,2576,1413.462327485,0.0863,none,NONE,NONE
Dual-Frequency Async Engine,2577,1413.472993341,0.097,none,NONE,NONE
Dual-Frequency Async Engine,2578,1413.483618686,0.1076,none,NONE,NONE
Dual-Frequency Async Engine,2579,1413.494257589,0.1183,none,NONE,NONE
Dual-Frequency Async Engine,2580,1413.504840113,0.1289,fallback,STAGE_3,VELOCITY_LIMIT_BREACH
Dual-Frequency Async Engine,2581,1413.515463631,0.1395,intercepted,NONE,NONE
Dual-Frequency Async Engine,2582,1413.526149801,0.1502,none,NONE,NONE
Dual-Frequency Async Engine,2583,1413.536737523,0.1607,none,NONE,NONE
Dual-Frequency Async Engine,2584,1413.547577427,0.1716,intercepted,NONE,NONE
Dual-Frequency Async Engine,2585,1413.558135089,0.1821,none,NONE,NONE
Dual-Frequency Async Engine,2586,1413.568883004,0.1929,fallback,STAGE_3,VELOCITY_LIMIT_BREACH
Dual-Frequency Async Engine,2587,1413.57974325,0.2038,none,NONE,NONE
Dual-Frequency Async Engine,2588,1413.590350425,0.2144,intercepted,NONE,NONE
Dual-Frequency Async Engine,2589,1413.600965057,0.225,fallback,STAGE_3,VELOCITY_LIMIT_BREACH
Dual-Frequency Async Engine,2590,1413.611668201,0.2357,fallback,STAGE_1,JSON_OR_VALIDATION_ERROR
Dual-Frequency Async Engine,2591,1413.622370862,0.2464,none,NONE,NONE
Dual-Frequency Async Engine,2592,1413.633072726,0.2571,none,NONE,NONE
Dual-Frequency Async Engine,2593,1413.643729409,0.2677,fallback,STAGE_3,VELOCITY_LIMIT_BREACH
Dual-Frequency Async Engine,2594,1413.654395702,0.2784,none,NONE,NONE
Dual-Frequency Async Engine,2595,1413.66496273,0.289,none,NONE,NONE
Dual-Frequency Async Engine,2596,1413.675821203,0.2998,none,NONE,NONE
Dual-Frequency Async Engine,2597,1413.686472898,0.3105,none,NONE,NONE
Dual-Frequency Async Engine,2598,1413.697100348,0.3211,none,NONE,NONE
Dual-Frequency Async Engine,2599,1413.707701218,0.3317,none,NONE,NONE
Dual-Frequency Async Engine,2600,1413.71826333,0.3423,none,NONE,NONE
Dual-Frequency Async Engine,2601,1413.728855716,0.3529,fallback,STAGE_3,VELOCITY_LIMIT_BREACH
Dual-Frequency Async Engine,2602,1413.739410692,0.3634,none,NONE,NONE
Dual-Frequency Async Engine,2603,1413.749977269,0.374,none,NONE,NONE
Dual-Frequency Async Engine,2604,1413.760684435,0.3847,none,NONE,NONE
Dual-Frequency Async Engine,2605,1413.771442221,0.3955,fallback,STAGE_3,VELOCITY_LIMIT_BREACH
Dual-Frequency Async Engine,2606,1413.781995369,0.406,none,NONE,NONE
Dual-Frequency Async Engine,2607,1413.792595078,0.4166,none,NONE,NONE
Dual-Frequency Async Engine,2608,1413.803434651,0.4274,intercepted,NONE,NONE
Dual-Frequency Async Engine,2609,1413.814253617,0.4383,fallback,STAGE_3,VELOCITY_LIMIT_BREACH
Dual-Frequency Async Engine,2610,1413.824897093,0.4489,intercepted,NONE,NONE
Dual-Frequency Async Engine,2611,1413.835518405,0.4595,none,NONE,NONE
Dual-Frequency Async Engine,2612,1413.846225466,0.4702,none,NONE,NONE
Dual-Frequency Async Engine,2613,1413.856897069,0.4809,none,NONE,NONE
Dual-Frequency Async Engine,2614,1413.867584984,0.4916,fallback,STAGE_3,VELOCITY_LIMIT_BREACH
Dual-Frequency Async Engine,2615,1413.877888336,0.0013,fallback,STAGE_3,VELOCITY_LIMIT_BREACH
Dual-Frequency Async Engine,2616,1413.88861672,0.012,intercepted,NONE,NONE
Dual-Frequency Async Engine,2617,1413.89928794,0.0227,none,NONE,NONE
Dual-Frequency Async Engine,2618,1413.909967707,0.0334,none,NONE,NONE
Dual-Frequency Async Engine,2619,1413.92068377,0.0441,none,NONE,NONE
Dual-Frequency Async Engine,2620,1413.931431489,0.0548,none,NONE,NONE
Dual-Frequency Async Engine,2621,1413.94213276,0.0655,intercepted,NONE,NONE
Dual-Frequency Async Engine,2622,1413.95279156,0.0762,fallback,STAGE_3,VELOCITY_LIMIT_BREACH
Dual-Frequency Async Engine,2623,1413.96348993,0.0869,none,NONE,NONE
Dual-Frequency Async Engine,2624,1413.974265835,0.0977,none,NONE,NONE
Dual-Frequency Async Engine,2625,1413.984940103,0.1083,none,NONE,NONE
Dual-Frequency Async Engine,2626,1413.995646792,0.1191,fallback,STAGE_3,VELOCITY_LIMIT_BREACH
Dual-Frequency Async Engine,2627,1414.006227437,0.1296,none,NONE,NONE
Dual-Frequency Async Engine,2628,1414.016877414,0.1403,none,NONE,NONE
Dual-Frequency Async Engine,2629,1414.027722015,0.1511,none,NONE,NONE
Dual-Frequency Async Engine,2630,1414.038408707,0.1618,intercepted,NONE,NONE
Dual-Frequency Async Engine,2631,1414.049083543,0.1725,intercepted,NONE,NONE
Dual-Frequency Async Engine,2632,1414.059721162,0.1831,fallback,STAGE_3,VELOCITY_LIMIT_BREACH
Dual-Frequency Async Engine,2633,1414.070386398,0.1938,none,NONE,NONE
Dual-Frequency Async Engine,2634,1414.081244098,0.2047,none,NONE,NONE
Dual-Frequency Async Engine,2635,1414.091937579,0.2153,none,NONE,NONE
Dual-Frequency Async Engine,2636,1414.102706284,0.2261,none,NONE,NONE
Dual-Frequency Async Engine,2637,1414.113585357,0.237,none,NONE,NONE
Dual-Frequency Async Engine,2638,1414.124257623,0.2477,fallback,STAGE_3,VELOCITY_LIMIT_BREACH
Dual-Frequency Async Engine,2639,1414.134926106,0.2583,none,NONE,NONE
Dual-Frequency Async Engine,2640,1414.145823708,0.2692,fallback,STAGE_3,VELOCITY_LIMIT_BREACH
Dual-Frequency Async Engine,2641,1414.156695521,0.2801,fallback,STAGE_3,VELOCITY_LIMIT_BREACH
Dual-Frequency Async Engine,2642,1414.167493533,0.2909,intercepted,NONE,NONE
Dual-Frequency Async Engine,2643,1414.178175126,0.3016,fallback,STAGE_3,VELOCITY_LIMIT_BREACH
Dual-Frequency Async Engine,2644,1414.188934122,0.3123,none,NONE,NONE
Dual-Frequency Async Engine,2645,1414.199660212,0.3231,none,NONE,NONE
Dual-Frequency Async Engine,2646,1414.21037921,0.3338,fallback,STAGE_3,VELOCITY_LIMIT_BREACH
Dual-Frequency Async Engine,2647,1414.221201604,0.3446,intercepted,NONE,NONE
Dual-Frequency Async Engine,2648,1414.23190294,0.3553,none,NONE,NONE
Dual-Frequency Async Engine,2649,1414.242699494,0.3661,none,NONE,NONE
Dual-Frequency Async Engine,2650,1414.253652253,0.3771,none,NONE,NONE
Dual-Frequency Async Engine,2651,1414.26442653,0.3878,none,NONE,NONE
Dual-Frequency Async Engine,2652,1414.275212667,0.3986,none,NONE,NONE
Dual-Frequency Async Engine,2653,1414.285977239,0.4094,none,NONE,NONE
Dual-Frequency Async Engine,2654,1414.296776968,0.4202,fallback,STAGE_3,VELOCITY_LIMIT_BREACH
Dual-Frequency Async Engine,2655,1414.307586185,0.431,intercepted,NONE,NONE
Dual-Frequency Async Engine,2656,1414.318290385,0.4417,intercepted,NONE,NONE
Dual-Frequency Async Engine,2657,1414.329130524,0.4525,intercepted,NONE,NONE
Dual-Frequency Async Engine,2658,1414.339864918,0.4633,fallback,STAGE_3,VELOCITY_LIMIT_BREACH
Dual-Frequency Async Engine,2659,1414.350778795,0.4742,intercepted,NONE,NONE
Dual-Frequency Async Engine,2660,1414.361717691,0.4851,none,NONE,NONE
Dual-Frequency Async Engine,2661,1414.372572557,0.496,none,NONE,NONE
Dual-Frequency Async Engine,2662,1414.383183463,0.0058,none,NONE,NONE
Dual-Frequency Async Engine,2663,1414.393927615,0.0165,intercepted,NONE,NONE
Dual-Frequency Async Engine,2664,1414.404665947,0.0273,fallback,STAGE_3,VELOCITY_LIMIT_BREACH
Dual-Frequency Async Engine,2665,1414.415536375,0.0381,none,NONE,NONE
Dual-Frequency Async Engine,2666,1414.426426784,0.049,none,NONE,NONE
Dual-Frequency Async Engine,2667,1414.437280618,0.0599,none,NONE,NONE
Dual-Frequency Async Engine,2668,1414.447926148,0.0705,fallback,STAGE_1,JSON_OR_VALIDATION_ERROR
Dual-Frequency Async Engine,2669,1414.458605958,0.0812,intercepted,NONE,NONE
Dual-Frequency Async Engine,2670,1414.46935012,0.0919,none,NONE,NONE
Dual-Frequency Async Engine,2671,1414.480236601,0.1028,intercepted,NONE,NONE
Dual-Frequency Async Engine,2672,1414.4909625,0.1135,none,NONE,NONE
Dual-Frequency Async Engine,2673,1414.501641053,0.1242,none,NONE,NONE
Dual-Frequency Async Engine,2674,1414.512411015,0.135,none,NONE,NONE
Dual-Frequency Async Engine,2675,1414.522994917,0.1456,intercepted,NONE,NONE
Dual-Frequency Async Engine,2676,1414.533676842,0.1563,none,NONE,NONE
Dual-Frequency Async Engine,2677,1414.544441779,0.167,fallback,STAGE_3,VELOCITY_LIMIT_BREACH
Dual-Frequency Async Engine,2678,1414.555203943,0.1778,fallback,STAGE_3,VELOCITY_LIMIT_BREACH
Dual-Frequency Async Engine,2679,1414.565919352,0.1885,none,NONE,NONE
Dual-Frequency Async Engine,2680,1414.576631728,0.1992,none,NONE,NONE
Dual-Frequency Async Engine,2681,1414.587446027,0.21,none,NONE,NONE
Dual-Frequency Async Engine,2682,1414.598202562,0.2208,none,NONE,NONE
Dual-Frequency Async Engine,2683,1414.608956235,0.2315,none,NONE,NONE
Dual-Frequency Async Engine,2684,1414.619716971,0.2423,none,NONE,NONE
Dual-Frequency Async Engine,2685,1414.63052516,0.2531,intercepted,NONE,NONE
Dual-Frequency Async Engine,2686,1414.641213099,0.2638,none,NONE,NONE
Dual-Frequency Async Engine,2687,1414.651917059,0.2745,none,NONE,NONE
Dual-Frequency Async Engine,2688,1414.662605812,0.2852,none,NONE,NONE
Dual-Frequency Async Engine,2689,1414.673392666,0.296,none,NONE,NONE
Dual-Frequency Async Engine,2690,1414.684202028,0.3068,none,NONE,NONE
Dual-Frequency Async Engine,2691,1414.694896826,0.3175,none,NONE,NONE
Dual-Frequency Async Engine,2692,1414.705517598,0.3281,fallback,STAGE_1,JSON_OR_VALIDATION_ERROR
Dual-Frequency Async Engine,2693,1414.716215298,0.3388,none,NONE,NONE
Dual-Frequency Async Engine,2694,1414.72685754,0.3494,none,NONE,NONE
Dual-Frequency Async Engine,2695,1414.737673885,0.3603,none,NONE,NONE
Dual-Frequency Async Engine,2696,1414.748522572,0.3711,none,NONE,NONE
Dual-Frequency Async Engine,2697,1414.759228999,0.3818,none,NONE,NONE
Dual-Frequency Async Engine,2698,1414.769953716,0.3925,none,NONE,NONE
Dual-Frequency Async Engine,2699,1414.780623568,0.4032,none,NONE,NONE
Dual-Frequency Async Engine,2700,1414.791241565,0.4138,fallback,STAGE_3,VELOCITY_LIMIT_BREACH
Dual-Frequency Async Engine,2701,1414.801860333,0.4244,intercepted,NONE,NONE
Dual-Frequency Async Engine,2702,1414.812572206,0.4352,none,NONE,NONE
Dual-Frequency Async Engine,2703,1414.82329982,0.4459,none,NONE,NONE
Dual-Frequency Async Engine,2704,1414.833966701,0.4566,intercepted,NONE,NONE
Dual-Frequency Async Engine,2705,1414.844610449,0.4672,none,NONE,NONE
Dual-Frequency Async Engine,2706,1414.855405939,0.478,fallback,STAGE_3,VELOCITY_LIMIT_BREACH
Dual-Frequency Async Engine,2707,1414.86622999,0.4888,none,NONE,NONE
Dual-Frequency Async Engine,2708,1414.876871856,0.4995,intercepted,NONE,NONE
Dual-Frequency Async Engine,2709,1414.888157353,0.0107,fallback,STAGE_3,VELOCITY_LIMIT_BREACH
Dual-Frequency Async Engine,2710,1414.898771224,0.0213,fallback,STAGE_1,JSON_OR_VALIDATION_ERROR
Dual-Frequency Async Engine,2711,1414.909469625,0.032,none,NONE,NONE
Dual-Frequency Async Engine,2712,1414.920207272,0.0427,none,NONE,NONE
Dual-Frequency Async Engine,2713,1414.930872479,0.0534,fallback,STAGE_3,VELOCITY_LIMIT_BREACH
Dual-Frequency Async Engine,2714,1414.941561777,0.0641,none,NONE,NONE
Dual-Frequency Async Engine,2715,1414.952267945,0.0748,none,NONE,NONE
Dual-Frequency Async Engine,2716,1414.962909985,0.0854,none,NONE,NONE
Dual-Frequency Async Engine,2717,1414.973587322,0.0961,none,NONE,NONE
Dual-Frequency Async Engine,2718,1414.984275882,0.1068,none,NONE,NONE
Dual-Frequency Async Engine,2719,1414.995136069,0.1176,none,NONE,NONE
Dual-Frequency Async Engine,2720,1415.005938884,0.1284,none,NONE,NONE
Dual-Frequency Async Engine,2721,1415.016715422,0.1392,fallback,STAGE_3,VELOCITY_LIMIT_BREACH
Dual-Frequency Async Engine,2722,1415.027425,0.1499,none,NONE,NONE
Dual-Frequency Async Engine,2723,1415.038264743,0.1608,none,NONE,NONE
Dual-Frequency Async Engine,2724,1415.048954156,0.1715,none,NONE,NONE
Dual-Frequency Async Engine,2725,1415.059753831,0.1823,fallback,STAGE_3,VELOCITY_LIMIT_BREACH
Dual-Frequency Async Engine,2726,1415.0703772,0.1929,none,NONE,NONE
Dual-Frequency Async Engine,2727,1415.081196181,0.2037,none,NONE,NONE
Dual-Frequency Async Engine,2728,1415.091751053,0.2143,intercepted,NONE,NONE
Dual-Frequency Async Engine,2729,1415.102453876,0.225,fallback,STAGE_3,VELOCITY_LIMIT_BREACH
Dual-Frequency Async Engine,2730,1415.113277702,0.2358,intercepted,NONE,NONE
Dual-Frequency Async Engine,2731,1415.124179547,0.2467,none,NONE,NONE
Dual-Frequency Async Engine,2732,1415.134895843,0.2574,none,NONE,NONE
Dual-Frequency Async Engine,2733,1415.145568968,0.2681,none,NONE,NONE
Dual-Frequency Async Engine,2734,1415.156248204,0.2788,fallback,STAGE_3,VELOCITY_LIMIT_BREACH
Dual-Frequency Async Engine,2735,1415.166901372,0.2894,fallback,STAGE_3,VELOCITY_LIMIT_BREACH
Dual-Frequency Async Engine,2736,1415.177618691,0.3001,intercepted,NONE,NONE
Dual-Frequency Async Engine,2737,1415.188491862,0.311,none,NONE,NONE
Dual-Frequency Async Engine,2738,1415.199250177,0.3218,none,NONE,NONE
Dual-Frequency Async Engine,2739,1415.209872668,0.3324,none,NONE,NONE
Dual-Frequency Async Engine,2740,1415.220677637,0.3432,none,NONE,NONE
Dual-Frequency Async Engine,2741,1415.231698236,0.3542,intercepted,NONE,NONE
Dual-Frequency Async Engine,2742,1415.242507847,0.365,fallback,STAGE_3,VELOCITY_LIMIT_BREACH
Dual-Frequency Async Engine,2743,1415.253221159,0.3757,none,NONE,NONE
Dual-Frequency Async Engine,2744,1415.26386446,0.3864,none,NONE,NONE
Dual-Frequency Async Engine,2745,1415.27464317,0.3971,none,NONE,NONE
Dual-Frequency Async Engine,2746,1415.285520121,0.408,fallback,STAGE_3,VELOCITY_LIMIT_BREACH
Dual-Frequency Async Engine,2747,1415.296270636,0.4188,none,NONE,NONE
Dual-Frequency Async Engine,2748,1415.307090038,0.4296,none,NONE,NONE
Dual-Frequency Async Engine,2749,1415.317781452,0.4403,none,NONE,NONE
Dual-Frequency Async Engine,2750,1415.32864421,0.4511,intercepted,NONE,NONE
Dual-Frequency Async Engine,2751,1415.339426732,0.4619,intercepted,NONE,NONE
Dual-Frequency Async Engine,2752,1415.350145567,0.4726,fallback,STAGE_3,VELOCITY_LIMIT_BREACH
Dual-Frequency Async Engine,2753,1415.360849447,0.4834,none,NONE,NONE
Dual-Frequency Async Engine,2754,1415.371587753,0.4941,none,NONE,NONE
Dual-Frequency Async Engine,2755,1415.381935704,0.0043,none,NONE,NONE
Dual-Frequency Async Engine,2756,1415.392640156,0.015,none,NONE,NONE
Dual-Frequency Async Engine,2757,1415.403504487,0.0259,none,NONE,NONE
Dual-Frequency Async Engine,2758,1415.414272735,0.0366,fallback,STAGE_3,VELOCITY_LIMIT_BREACH
Dual-Frequency Async Engine,2759,1415.424984202,0.0473,none,NONE,NONE
Dual-Frequency Async Engine,2760,1415.435871561,0.0582,fallback,STAGE_3,VELOCITY_LIMIT_BREACH
Dual-Frequency Async Engine,2761,1415.446624631,0.069,fallback,STAGE_3,VELOCITY_LIMIT_BREACH
Dual-Frequency Async Engine,2762,1415.457444021,0.0798,intercepted,NONE,NONE
Dual-Frequency Async Engine,2763,1415.468203813,0.0906,fallback,STAGE_3,VELOCITY_LIMIT_BREACH
Dual-Frequency Async Engine,2764,1415.478865221,0.1012,none,NONE,NONE
Dual-Frequency Async Engine,2765,1415.489491498,0.1118,none,NONE,NONE
Dual-Frequency Async Engine,2766,1415.500385405,0.1227,fallback,STAGE_3,VELOCITY_LIMIT_BREACH
Dual-Frequency Async Engine,2767,1415.511221002,0.1336,intercepted,NONE,NONE
Dual-Frequency Async Engine,2768,1415.521879076,0.1442,none,NONE,NONE
Dual-Frequency Async Engine,2769,1415.532656512,0.155,none,NONE,NONE
Dual-Frequency Async Engine,2770,1415.543482042,0.1658,none,NONE,NONE
Dual-Frequency Async Engine,2771,1415.554245764,0.1766,none,NONE,NONE
Dual-Frequency Async Engine,2772,1415.565107725,0.1875,none,NONE,NONE
Dual-Frequency Async Engine,2773,1415.575889674,0.1982,none,NONE,NONE
Dual-Frequency Async Engine,2774,1415.586906569,0.2093,fallback,STAGE_3,VELOCITY_LIMIT_BREACH
Dual-Frequency Async Engine,2775,1415.597570921,0.2199,intercepted,NONE,NONE
Dual-Frequency Async Engine,2776,1415.608279307,0.2306,intercepted,NONE,NONE
Dual-Frequency Async Engine,2777,1415.619123533,0.2415,intercepted,NONE,NONE
Dual-Frequency Async Engine,2778,1415.629797714,0.2521,fallback,STAGE_3,VELOCITY_LIMIT_BREACH
Dual-Frequency Async Engine,2779,1415.640512345,0.2629,intercepted,NONE,NONE
Dual-Frequency Async Engine,2780,1415.651279161,0.2736,none,NONE,NONE
Dual-Frequency Async Engine,2781,1415.662155767,0.2845,none,NONE,NONE
Dual-Frequency Async Engine,2782,1415.672827662,0.2952,none,NONE,NONE
Dual-Frequency Async Engine,2783,1415.683579981,0.3059,intercepted,NONE,NONE
Dual-Frequency Async Engine,2784,1415.694336079,0.3167,fallback,STAGE_3,VELOCITY_LIMIT_BREACH
Dual-Frequency Async Engine,2785,1415.705202618,0.3276,none,NONE,NONE
Dual-Frequency Async Engine,2786,1415.715888656,0.3382,none,NONE,NONE
Dual-Frequency Async Engine,2787,1415.726575443,0.3489,none,NONE,NONE
Dual-Frequency Async Engine,2788,1415.737516169,0.3599,fallback,STAGE_1,JSON_OR_VALIDATION_ERROR
Dual-Frequency Async Engine,2789,1415.748266065,0.3706,intercepted,NONE,NONE
Dual-Frequency Async Engine,2790,1415.758975876,0.3813,none,NONE,NONE
Dual-Frequency Async Engine,2791,1415.769828209,0.3922,intercepted,NONE,NONE
Dual-Frequency Async Engine,2792,1415.780557181,0.4029,none,NONE,NONE
Dual-Frequency Async Engine,2793,1415.79119055,0.4135,none,NONE,NONE
Dual-Frequency Async Engine,2794,1415.80208557,0.4244,none,NONE,NONE
Dual-Frequency Async Engine,2795,1415.812739016,0.4351,intercepted,NONE,NONE
Dual-Frequency Async Engine,2796,1415.823532976,0.4459,none,NONE,NONE
Dual-Frequency Async Engine,2797,1415.834152329,0.4565,fallback,STAGE_3,VELOCITY_LIMIT_BREACH
Dual-Frequency Async Engine,2798,1415.844658927,0.467,fallback,STAGE_3,VELOCITY_LIMIT_BREACH
Dual-Frequency Async Engine,2799,1415.85518601,0.4775,none,NONE,NONE
Dual-Frequency Async Engine,2800,1415.865689531,0.488,none,NONE,NONE
Dual-Frequency Async Engine,2801,1415.876175759,0.4985,none,NONE,NONE
Dual-Frequency Async Engine,2802,1415.887094608,0.0084,none,NONE,NONE
Dual-Frequency Async Engine,2803,1415.897653582,0.019,none,NONE,NONE
Dual-Frequency Async Engine,2804,1415.908182699,0.0295,none,NONE,NONE
Dual-Frequency Async Engine,2805,1415.918658167,0.04,intercepted,NONE,NONE
Dual-Frequency Async Engine,2806,1415.929141264,0.0505,none,NONE,NONE
Dual-Frequency Async Engine,2807,1415.939661122,0.061,none,NONE,NONE
Dual-Frequency Async Engine,2808,1415.950217013,0.0715,none,NONE,NONE
Dual-Frequency Async Engine,2809,1415.960682166,0.082,none,NONE,NONE
Dual-Frequency Async Engine,2810,1415.971184528,0.0925,none,NONE,NONE
Dual-Frequency Async Engine,2811,1415.981769257,0.1031,none,NONE,NONE
Dual-Frequency Async Engine,2812,1415.992349104,0.1137,fallback,STAGE_1,JSON_OR_VALIDATION_ERROR
Dual-Frequency Async Engine,2813,1416.00294907,0.1243,none,NONE,NONE
Dual-Frequency Async Engine,2814,1416.013521156,0.1349,none,NONE,NONE
Dual-Frequency Async Engine,2815,1416.024152567,0.1455,none,NONE,NONE
Dual-Frequency Async Engine,2816,1416.034687138,0.156,none,NONE,NONE
Dual-Frequency Async Engine,2817,1416.045167376,0.1665,none,NONE,NONE
Dual-Frequency Async Engine,2818,1416.055724755,0.1771,none,NONE,NONE
Dual-Frequency Async Engine,2819,1416.066281145,0.1876,none,NONE,NONE
Dual-Frequency Async Engine,2820,1416.07680445,0.1981,fallback,STAGE_3,VELOCITY_LIMIT_BREACH
Dual-Frequency Async Engine,2821,1416.087557511,0.2089,intercepted,NONE,NONE
Dual-Frequency Async Engine,2822,1416.098107398,0.2194,none,NONE,NONE
Dual-Frequency Async Engine,2823,1416.108641958,0.23,none,NONE,NONE
Dual-Frequency Async Engine,2824,1416.119205337,0.2405,intercepted,NONE,NONE
Dual-Frequency Async Engine,2825,1416.129709604,0.251,none,NONE,NONE
Dual-Frequency Async Engine,2826,1416.140242033,0.2616,fallback,STAGE_3,VELOCITY_LIMIT_BREACH
Dual-Frequency Async Engine,2827,1416.15080531,0.2721,none,NONE,NONE
Dual-Frequency Async Engine,2828,1416.161374666,0.2827,intercepted,NONE,NONE
Dual-Frequency Async Engine,2829,1416.171951931,0.2933,fallback,STAGE_3,VELOCITY_LIMIT_BREACH
Dual-Frequency Async Engine,2830,1416.182531716,0.3039,fallback,STAGE_1,JSON_OR_VALIDATION_ERROR
Dual-Frequency Async Engine,2831,1416.193232628,0.3146,none,NONE,NONE
Dual-Frequency Async Engine,2832,1416.203779802,0.3251,none,NONE,NONE
Dual-Frequency Async Engine,2833,1416.214563401,0.3359,fallback,STAGE_3,VELOCITY_LIMIT_BREACH
Dual-Frequency Async Engine,2834,1416.225152139,0.3465,none,NONE,NONE
Dual-Frequency Async Engine,2835,1416.235742061,0.3571,none,NONE,NONE
Dual-Frequency Async Engine,2836,1416.246271,0.3676,none,NONE,NONE
Dual-Frequency Async Engine,2837,1416.256690112,0.378,none,NONE,NONE
Dual-Frequency Async Engine,2838,1416.2671811,0.3885,none,NONE,NONE
Dual-Frequency Async Engine,2839,1416.277683374,0.399,none,NONE,NONE
Dual-Frequency Async Engine,2840,1416.288266342,0.4096,none,NONE,NONE
Dual-Frequency Async Engine,2841,1416.298744496,0.4201,fallback,STAGE_3,VELOCITY_LIMIT_BREACH
Dual-Frequency Async Engine,2842,1416.309446482,0.4308,none,NONE,NONE
Dual-Frequency Async Engine,2843,1416.319997977,0.4413,none,NONE,NONE
Dual-Frequency Async Engine,2844,1416.33052951,0.4519,none,NONE,NONE
Dual-Frequency Async Engine,2845,1416.341140992,0.4625,fallback,STAGE_3,VELOCITY_LIMIT_BREACH
Dual-Frequency Async Engine,2846,1416.351709015,0.473,none,NONE,NONE
Dual-Frequency Async Engine,2847,1416.362347454,0.4837,none,NONE,NONE
Dual-Frequency Async Engine,2848,1416.372873572,0.4942,intercepted,NONE,NONE
Dual-Frequency Async Engine,2849,1416.383745597,0.0052,fallback,STAGE_3,VELOCITY_LIMIT_BREACH
Dual-Frequency Async Engine,2850,1416.394359585,0.0159,intercepted,NONE,NONE
Dual-Frequency Async Engine,2851,1416.404925392,0.0264,none,NONE,NONE
Dual-Frequency Async Engine,2852,1416.415529636,0.037,none,NONE,NONE
Dual-Frequency Async Engine,2853,1416.426124507,0.0476,none,NONE,NONE
Dual-Frequency Async Engine,2854,1416.43679805,0.0583,fallback,STAGE_3,VELOCITY_LIMIT_BREACH
Dual-Frequency Async Engine,2855,1416.447433252,0.0689,fallback,STAGE_3,VELOCITY_LIMIT_BREACH
Dual-Frequency Async Engine,2856,1416.45787214,0.0794,intercepted,NONE,NONE
Dual-Frequency Async Engine,2857,1416.468496095,0.09,none,NONE,NONE
Dual-Frequency Async Engine,2858,1416.479168171,0.1007,none,NONE,NONE
Dual-Frequency Async Engine,2859,1416.48966859,0.1112,none,NONE,NONE
Dual-Frequency Async Engine,2860,1416.500306204,0.1218,none,NONE,NONE
Dual-Frequency Async Engine,2861,1416.510779326,0.1323,intercepted,NONE,NONE
Dual-Frequency Async Engine,2862,1416.521436875,0.1429,fallback,STAGE_3,VELOCITY_LIMIT_BREACH
Dual-Frequency Async Engine,2863,1416.532085364,0.1536,none,NONE,NONE
Dual-Frequency Async Engine,2864,1416.54264837,0.1641,none,NONE,NONE
Dual-Frequency Async Engine,2865,1416.55322474,0.1747,none,NONE,NONE
Dual-Frequency Async Engine,2866,1416.563800592,0.1853,fallback,STAGE_3,VELOCITY_LIMIT_BREACH
Dual-Frequency Async Engine,2867,1416.574461875,0.196,none,NONE,NONE
Dual-Frequency Async Engine,2868,1416.585206289,0.2067,none,NONE,NONE
Dual-Frequency Async Engine,2869,1416.595770562,0.2173,none,NONE,NONE
Dual-Frequency Async Engine,2870,1416.606332879,0.2278,intercepted,NONE,NONE
Dual-Frequency Async Engine,2871,1416.616845511,0.2383,intercepted,NONE,NONE
Dual-Frequency Async Engine,2872,1416.627710233,0.2492,fallback,STAGE_3,VELOCITY_LIMIT_BREACH
Dual-Frequency Async Engine,2873,1416.6384222,0.2599,none,NONE,NONE
Dual-Frequency Async Engine,2874,1416.649226945,0.2707,none,NONE,NONE
Dual-Frequency Async Engine,2875,1416.659756713,0.2813,none,NONE,NONE
Dual-Frequency Async Engine,2876,1416.67039357,0.2919,none,NONE,NONE
Dual-Frequency Async Engine,2877,1416.680963307,0.3025,none,NONE,NONE
Dual-Frequency Async Engine,2878,1416.6915298,0.313,fallback,STAGE_3,VELOCITY_LIMIT_BREACH
Dual-Frequency Async Engine,2879,1416.702073273,0.3236,none,NONE,NONE
Dual-Frequency Async Engine,2880,1416.7126132,0.3341,fallback,STAGE_3,VELOCITY_LIMIT_BREACH
Dual-Frequency Async Engine,2881,1416.723136632,0.3446,fallback,STAGE_3,VELOCITY_LIMIT_BREACH
Dual-Frequency Async Engine,2882,1416.733628079,0.3551,intercepted,NONE,NONE
Dual-Frequency Async Engine,2883,1416.744188089,0.3657,fallback,STAGE_3,VELOCITY_LIMIT_BREACH
Dual-Frequency Async Engine,2884,1416.754717685,0.3762,none,NONE,NONE
Dual-Frequency Async Engine,2885,1416.765327348,0.3868,none,NONE,NONE
Dual-Frequency Async Engine,2886,1416.775839606,0.3973,fallback,STAGE_3,VELOCITY_LIMIT_BREACH
Dual-Frequency Async Engine,2887,1416.786344346,0.4078,intercepted,NONE,NONE
Dual-Frequency Async Engine,2888,1416.796851679,0.4183,none,NONE,NONE
Dual-Frequency Async Engine,2889,1416.807365308,0.4289,none,NONE,NONE
Dual-Frequency Async Engine,2890,1416.817885634,0.4394,none,NONE,NONE
Dual-Frequency Async Engine,2891,1416.828436187,0.4499,none,NONE,NONE
Dual-Frequency Async Engine,2892,1416.838944538,0.4604,none,NONE,NONE
Dual-Frequency Async Engine,2893,1416.84950687,0.471,none,NONE,NONE
Dual-Frequency Async Engine,2894,1416.860138507,0.4816,fallback,STAGE_3,VELOCITY_LIMIT_BREACH
Dual-Frequency Async Engine,2895,1416.870816478,0.4923,intercepted,NONE,NONE
Dual-Frequency Async Engine,2896,1416.88197779,0.0022,intercepted,NONE,NONE
Dual-Frequency Async Engine,2897,1416.892581053,0.0128,intercepted,NONE,NONE
Dual-Frequency Async Engine,2898,1416.903149557,0.0234,fallback,STAGE_3,VELOCITY_LIMIT_BREACH
Dual-Frequency Async Engine,2899,1416.913741627,0.034,intercepted,NONE,NONE
Dual-Frequency Async Engine,2900,1416.924427628,0.0447,none,NONE,NONE
Dual-Frequency Async Engine,2901,1416.934968177,0.0552,none,NONE,NONE
Dual-Frequency Async Engine,2902,1416.945606445,0.0659,none,NONE,NONE
Dual-Frequency Async Engine,2903,1416.956150759,0.0764,intercepted,NONE,NONE
Dual-Frequency Async Engine,2904,1416.966804525,0.0871,fallback,STAGE_3,VELOCITY_LIMIT_BREACH
Dual-Frequency Async Engine,2905,1416.977430757,0.0977,none,NONE,NONE
Dual-Frequency Async Engine,2906,1416.988065247,0.1083,none,NONE,NONE
Dual-Frequency Async Engine,2907,1416.998670703,0.1189,none,NONE,NONE
Dual-Frequency Async Engine,2908,1417.009365667,0.1296,fallback,STAGE_1,JSON_OR_VALIDATION_ERROR
Dual-Frequency Async Engine,2909,1417.019880548,0.1401,intercepted,NONE,NONE
Dual-Frequency Async Engine,2910,1417.03047467,0.1507,none,NONE,NONE
Dual-Frequency Async Engine,2911,1417.041087302,0.1613,intercepted,NONE,NONE
Dual-Frequency Async Engine,2912,1417.051632918,0.1719,none,NONE,NONE
Dual-Frequency Async Engine,2913,1417.062162159,0.1824,none,NONE,NONE
Dual-Frequency Async Engine,2914,1417.072751229,0.193,none,NONE,NONE
Dual-Frequency Async Engine,2915,1417.083485663,0.2037,intercepted,NONE,NONE
Dual-Frequency Async Engine,2916,1417.093977012,0.2142,none,NONE,NONE
Dual-Frequency Async Engine,2917,1417.104555979,0.2248,fallback,STAGE_3,VELOCITY_LIMIT_BREACH
Dual-Frequency Async Engine,2918,1417.115134701,0.2354,fallback,STAGE_3,VELOCITY_LIMIT_BREACH
Dual-Frequency Async Engine,2919,1417.125644611,0.2459,none,NONE,NONE
Dual-Frequency Async Engine,2920,1417.136160643,0.2564,none,NONE,NONE
Dual-Frequency Async Engine,2921,1417.146651948,0.2669,none,NONE,NONE
Dual-Frequency Async Engine,2922,1417.157183794,0.2774,none,NONE,NONE
Dual-Frequency Async Engine,2923,1417.167752161,0.288,none,NONE,NONE
Dual-Frequency Async Engine,2924,1417.178415356,0.2987,none,NONE,NONE
Dual-Frequency Async Engine,2925,1417.188997023,0.3092,intercepted,NONE,NONE
Dual-Frequency Async Engine,2926,1417.19967593,0.3199,none,NONE,NONE
Dual-Frequency Async Engine,2927,1417.210261231,0.3305,none,NONE,NONE
Dual-Frequency Async Engine,2928,1417.220785103,0.341,none,NONE,NONE
Dual-Frequency Async Engine,2929,1417.231370264,0.3516,none,NONE,NONE
Dual-Frequency Async Engine,2930,1417.241892663,0.3621,none,NONE,NONE
Dual-Frequency Async Engine,2931,1417.252421099,0.3727,none,NONE,NONE
Dual-Frequency Async Engine,2932,1417.26288539,0.3831,fallback,STAGE_1,JSON_OR_VALIDATION_ERROR
Dual-Frequency Async Engine,2933,1417.273502611,0.3937,none,NONE,NONE
Dual-Frequency Async Engine,2934,1417.284081681,0.4043,none,NONE,NONE
Dual-Frequency Async Engine,2935,1417.294660607,0.4149,none,NONE,NONE
Dual-Frequency Async Engine,2936,1417.30521745,0.4255,none,NONE,NONE
Dual-Frequency Async Engine,2937,1417.315829756,0.4361,none,NONE,NONE
Dual-Frequency Async Engine,2938,1417.326538416,0.4468,none,NONE,NONE
Dual-Frequency Async Engine,2939,1417.337180444,0.4574,none,NONE,NONE
Dual-Frequency Async Engine,2940,1417.347713586,0.468,fallback,STAGE_3,VELOCITY_LIMIT_BREACH
Dual-Frequency Async Engine,2941,1417.35834155,0.4786,intercepted,NONE,NONE
Dual-Frequency Async Engine,2942,1417.368861117,0.4891,none,NONE,NONE
Dual-Frequency Async Engine,2943,1417.379410042,0.4997,none,NONE,NONE
Dual-Frequency Async Engine,2944,1417.390186507,0.0105,intercepted,NONE,NONE
Dual-Frequency Async Engine,2945,1417.400761977,0.0211,none,NONE,NONE
Dual-Frequency Async Engine,2946,1417.411467363,0.0318,fallback,STAGE_3,VELOCITY_LIMIT_BREACH
Dual-Frequency Async Engine,2947,1417.422107529,0.0425,none,NONE,NONE
Dual-Frequency Async Engine,2948,1417.432682987,0.053,intercepted,NONE,NONE
Dual-Frequency Async Engine,2949,1417.443319875,0.0637,fallback,STAGE_3,VELOCITY_LIMIT_BREACH
Dual-Frequency Async Engine,2950,1417.453949056,0.0743,fallback,STAGE_1,JSON_OR_VALIDATION_ERROR
Dual-Frequency Async Engine,2951,1417.464484859,0.0848,none,NONE,NONE
Dual-Frequency Async Engine,2952,1417.475087079,0.0954,none,NONE,NONE
Dual-Frequency Async Engine,2953,1417.485634859,0.106,fallback,STAGE_3,VELOCITY_LIMIT_BREACH
Dual-Frequency Async Engine,2954,1417.496210807,0.1166,none,NONE,NONE
Dual-Frequency Async Engine,2955,1417.506722913,0.1271,none,NONE,NONE
Dual-Frequency Async Engine,2956,1417.517378765,0.1377,none,NONE,NONE
Dual-Frequency Async Engine,2957,1417.527962372,0.1483,none,NONE,NONE
Dual-Frequency Async Engine,2958,1417.538603672,0.159,none,NONE,NONE
Dual-Frequency Async Engine,2959,1417.549139433,0.1695,none,NONE,NONE
Dual-Frequency Async Engine,2960,1417.55966915,0.18,none,NONE,NONE
Dual-Frequency Async Engine,2961,1417.57040124,0.1907,fallback,STAGE_3,VELOCITY_LIMIT_BREACH
Dual-Frequency Async Engine,2962,1417.581454558,0.2018,none,NONE,NONE
Dual-Frequency Async Engine,2963,1417.592084543,0.2124,none,NONE,NONE
Dual-Frequency Async Engine,2964,1417.602664602,0.223,none,NONE,NONE
Dual-Frequency Async Engine,2965,1417.613488244,0.2338,fallback,STAGE_3,VELOCITY_LIMIT_BREACH
Dual-Frequency Async Engine,2966,1417.624101612,0.2444,none,NONE,NONE
Dual-Frequency Async Engine,2967,1417.634664782,0.255,none,NONE,NONE
Dual-Frequency Async Engine,2968,1417.645229601,0.2656,intercepted,NONE,NONE
Dual-Frequency Async Engine,2969,1417.655856576,0.2762,fallback,STAGE_3,VELOCITY_LIMIT_BREACH
Dual-Frequency Async Engine,2970,1417.666501682,0.2868,intercepted,NONE,NONE
Dual-Frequency Async Engine,2971,1417.677131647,0.2975,none,NONE,NONE
Dual-Frequency Async Engine,2972,1417.687746975,0.3081,none,NONE,NONE
Dual-Frequency Async Engine,2973,1417.698455758,0.3188,none,NONE,NONE
Dual-Frequency Async Engine,2974,1417.709166588,0.3295,fallback,STAGE_3,VELOCITY_LIMIT_BREACH
Dual-Frequency Async Engine,2975,1417.719751102,0.3401,fallback,STAGE_3,VELOCITY_LIMIT_BREACH
Dual-Frequency Async Engine,2976,1417.730386011,0.3507,intercepted,NONE,NONE
Dual-Frequency Async Engine,2977,1417.740945549,0.3613,none,NONE,NONE
Dual-Frequency Async Engine,2978,1417.751606947,0.372,none,NONE,NONE
Dual-Frequency Async Engine,2979,1417.762348362,0.3827,none,NONE,NONE
Dual-Frequency Async Engine,2980,1417.773076735,0.3934,none,NONE,NONE
Dual-Frequency Async Engine,2981,1417.783680501,0.404,intercepted,NONE,NONE
Dual-Frequency Async Engine,2982,1417.79445363,0.4148,fallback,STAGE_3,VELOCITY_LIMIT_BREACH
Dual-Frequency Async Engine,2983,1417.805118168,0.4255,none,NONE,NONE
Dual-Frequency Async Engine,2984,1417.815754778,0.4361,none,NONE,NONE
Dual-Frequency Async Engine,2985,1417.826388486,0.4467,none,NONE,NONE
Dual-Frequency Async Engine,2986,1417.836926951,0.4573,fallback,STAGE_3,VELOCITY_LIMIT_BREACH
Dual-Frequency Async Engine,2987,1417.847494386,0.4678,none,NONE,NONE
Dual-Frequency Async Engine,2988,1417.858117555,0.4785,none,NONE,NONE
Dual-Frequency Async Engine,2989,1417.868776388,0.4891,none,NONE,NONE
Dual-Frequency Async Engine,2990,1417.879653058,0.5,intercepted,NONE,NONE
Dual-Frequency Async Engine,2991,1417.890925676,0.0097,intercepted,NONE,NONE
Dual-Frequency Async Engine,2992,1417.901571519,0.0203,fallback,STAGE_3,VELOCITY_LIMIT_BREACH
Dual-Frequency Async Engine,2993,1417.912284628,0.031,none,NONE,NONE
Dual-Frequency Async Engine,2994,1417.922936614,0.0417,none,NONE,NONE
Dual-Frequency Async Engine,2995,1417.933604449,0.0523,none,NONE,NONE
Dual-Frequency Async Engine,2996,1417.944339758,0.0631,none,NONE,NONE
Dual-Frequency Async Engine,2997,1417.955203993,0.0739,none,NONE,NONE
Dual-Frequency Async Engine,2998,1417.965822209,0.0845,fallback,STAGE_3,VELOCITY_LIMIT_BREACH
Dual-Frequency Async Engine,2999,1417.976578678,0.0953,none,NONE,NONE
Dual-Frequency Async Engine,3000,1417.98722738,0.106,fallback,STAGE_3,VELOCITY_LIMIT_BREACH
Dual-Frequency Async Engine,3001,1417.997903584,0.1166,fallback,STAGE_3,VELOCITY_LIMIT_BREACH
Dual-Frequency Async Engine,3002,1418.008671119,0.1274,intercepted,NONE,NONE
Dual-Frequency Async Engine,3003,1418.0193855,0.1381,fallback,STAGE_3,VELOCITY_LIMIT_BREACH
Dual-Frequency Async Engine,3004,1418.030260172,0.149,none,NONE,NONE
Dual-Frequency Async Engine,3005,1418.04090214,0.1596,none,NONE,NONE
Dual-Frequency Async Engine,3006,1418.051570812,0.1703,fallback,STAGE_3,VELOCITY_LIMIT_BREACH
Dual-Frequency Async Engine,3007,1418.062228901,0.181,intercepted,NONE,NONE
Dual-Frequency Async Engine,3008,1418.072925101,0.1917,none,NONE,NONE
Dual-Frequency Async Engine,3009,1418.083775664,0.2025,none,NONE,NONE
Dual-Frequency Async Engine,3010,1418.094453955,0.2132,none,NONE,NONE
Dual-Frequency Async Engine,3011,1418.105289912,0.224,none,NONE,NONE
Dual-Frequency Async Engine,3012,1418.116215799,0.2349,none,NONE,NONE
Dual-Frequency Async Engine,3013,1418.126894581,0.2456,none,NONE,NONE
Dual-Frequency Async Engine,3014,1418.137631451,0.2564,fallback,STAGE_3,VELOCITY_LIMIT_BREACH
Dual-Frequency Async Engine,3015,1418.148549802,0.2673,intercepted,NONE,NONE
Dual-Frequency Async Engine,3016,1418.159192043,0.2779,intercepted,NONE,NONE
Dual-Frequency Async Engine,3017,1418.169779228,0.2885,intercepted,NONE,NONE
Dual-Frequency Async Engine,3018,1418.18046409,0.2992,fallback,STAGE_3,VELOCITY_LIMIT_BREACH
Dual-Frequency Async Engine,3019,1418.191356809,0.3101,intercepted,NONE,NONE
Dual-Frequency Async Engine,3020,1418.202165466,0.3209,none,NONE,NONE
Dual-Frequency Async Engine,3021,1418.212821311,0.3315,none,NONE,NONE
Dual-Frequency Async Engine,3022,1418.223556779,0.3423,none,NONE,NONE
Dual-Frequency Async Engine,3023,1418.234230604,0.353,intercepted,NONE,NONE
Dual-Frequency Async Engine,3024,1418.244840076,0.3636,fallback,STAGE_3,VELOCITY_LIMIT_BREACH
Dual-Frequency Async Engine,3025,1418.255680747,0.3744,none,NONE,NONE
Dual-Frequency Async Engine,3026,1418.266432914,0.3852,none,NONE,NONE
Dual-Frequency Async Engine,3027,1418.277225156,0.396,none,NONE,NONE
Dual-Frequency Async Engine,3028,1418.287905729,0.4066,fallback,STAGE_1,JSON_OR_VALIDATION_ERROR
Dual-Frequency Async Engine,3029,1418.298670514,0.4174,intercepted,NONE,NONE
Dual-Frequency Async Engine,3030,1418.309457118,0.4282,none,NONE,NONE
Dual-Frequency Async Engine,3031,1418.320253114,0.439,intercepted,NONE,NONE
Dual-Frequency Async Engine,3032,1418.331296469,0.45,none,NONE,NONE
Dual-Frequency Async Engine,3033,1418.342207787,0.4609,none,NONE,NONE
Dual-Frequency Async Engine,3034,1418.353136845,0.4719,none,NONE,NONE
Dual-Frequency Async Engine,3035,1418.363901646,0.4826,intercepted,NONE,NONE
Dual-Frequency Async Engine,3036,1418.374618787,0.4933,none,NONE,NONE
Dual-Frequency Async Engine,3037,1418.385090055,0.0034,fallback,STAGE_3,VELOCITY_LIMIT_BREACH
Dual-Frequency Async Engine,3038,1418.395801659,0.0141,fallback,STAGE_3,VELOCITY_LIMIT_BREACH
Dual-Frequency Async Engine,3039,1418.406623386,0.0249,none,NONE,NONE
Dual-Frequency Async Engine,3040,1418.41750873,0.0358,none,NONE,NONE
Dual-Frequency Async Engine,3041,1418.428246419,0.0466,none,NONE,NONE
Dual-Frequency Async Engine,3042,1418.438954851,0.0573,none,NONE,NONE
Dual-Frequency Async Engine,3043,1418.449710552,0.068,none,NONE,NONE
Dual-Frequency Async Engine,3044,1418.460516503,0.0788,none,NONE,NONE
Dual-Frequency Async Engine,3045,1418.471215782,0.0895,intercepted,NONE,NONE
Dual-Frequency Async Engine,3046,1418.481883204,0.1002,none,NONE,NONE
Dual-Frequency Async Engine,3047,1418.492559527,0.1109,none,NONE,NONE
Dual-Frequency Async Engine,3048,1418.503203533,0.1215,none,NONE,NONE
Dual-Frequency Async Engine,3049,1418.513866687,0.1322,none,NONE,NONE
Dual-Frequency Async Engine,3050,1418.524546403,0.1429,none,NONE,NONE
Dual-Frequency Async Engine,3051,1418.535241035,0.1536,none,NONE,NONE
Dual-Frequency Async Engine,3052,1418.545978759,0.1643,fallback,STAGE_1,JSON_OR_VALIDATION_ERROR
Dual-Frequency Async Engine,3053,1418.556830753,0.1752,none,NONE,NONE
Dual-Frequency Async Engine,3054,1418.567559728,0.1859,none,NONE,NONE
Dual-Frequency Async Engine,3055,1418.578269834,0.1966,none,NONE,NONE
Dual-Frequency Async Engine,3056,1418.589328216,0.2076,none,NONE,NONE
Dual-Frequency Async Engine,3057,1418.600196563,0.2185,none,NONE,NONE
Dual-Frequency Async Engine,3058,1418.610881448,0.2292,none,NONE,NONE
Dual-Frequency Async Engine,3059,1418.621557848,0.2399,none,NONE,NONE
Dual-Frequency Async Engine,3060,1418.632416344,0.2507,fallback,STAGE_3,VELOCITY_LIMIT_BREACH
Dual-Frequency Async Engine,3061,1418.643162423,0.2615,intercepted,NONE,NONE
Dual-Frequency Async Engine,3062,1418.653870558,0.2722,none,NONE,NONE
Dual-Frequency Async Engine,3063,1418.664554433,0.2829,none,NONE,NONE
Dual-Frequency Async Engine,3064,1418.675233503,0.2936,intercepted,NONE,NONE
Dual-Frequency Async Engine,3065,1418.685915674,0.3042,none,NONE,NONE
Dual-Frequency Async Engine,3066,1418.696634765,0.315,fallback,STAGE_3,VELOCITY_LIMIT_BREACH
Dual-Frequency Async Engine,3067,1418.707439098,0.3258,none,NONE,NONE
Dual-Frequency Async Engine,3068,1418.718190165,0.3365,intercepted,NONE,NONE
Dual-Frequency Async Engine,3069,1418.728875734,0.3472,fallback,STAGE_3,VELOCITY_LIMIT_BREACH
Dual-Frequency Async Engine,3070,1418.739623452,0.3579,fallback,STAGE_1,JSON_OR_VALIDATION_ERROR
Dual-Frequency Async Engine,3071,1418.750640499,0.369,none,NONE,NONE
Dual-Frequency Async Engine,3072,1418.761388597,0.3797,none,NONE,NONE
Dual-Frequency Async Engine,3073,1418.772214853,0.3905,fallback,STAGE_3,VELOCITY_LIMIT_BREACH
Dual-Frequency Async Engine,3074,1418.782892799,0.4012,none,NONE,NONE
Dual-Frequency Async Engine,3075,1418.793617151,0.4119,none,NONE,NONE
Dual-Frequency Async Engine,3076,1418.804280288,0.4226,none,NONE,NONE
Dual-Frequency Async Engine,3077,1418.815098548,0.4334,none,NONE,NONE
Dual-Frequency Async Engine,3078,1418.82577013,0.4441,none,NONE,NONE
Dual-Frequency Async Engine,3079,1418.836506662,0.4548,none,NONE,NONE
Dual-Frequency Async Engine,3080,1418.847239037,0.4656,none,NONE,NONE
Dual-Frequency Async Engine,3081,1418.858142787,0.4765,fallback,STAGE_3,VELOCITY_LIMIT_BREACH
Dual-Frequency Async Engine,3082,1418.86880314,0.4871,none,NONE,NONE
Dual-Frequency Async Engine,3083,1418.879606754,0.4979,none,NONE,NONE
Dual-Frequency Async Engine,3084,1418.890086088,0.0077,none,NONE,NONE
Dual-Frequency Async Engine,3085,1418.900775658,0.0184,fallback,STAGE_3,VELOCITY_LIMIT_BREACH
Dual-Frequency Async Engine,3086,1418.911465491,0.0291,none,NONE,NONE
Dual-Frequency Async Engine,3087,1418.92225898,0.0399,none,NONE,NONE
Dual-Frequency Async Engine,3088,1418.933174524,0.0508,intercepted,NONE,NONE
Dual-Frequency Async Engine,3089,1418.943835649,0.0615,fallback,STAGE_3,VELOCITY_LIMIT_BREACH
Dual-Frequency Async Engine,3090,1418.954531746,0.0722,intercepted,NONE,NONE
Dual-Frequency Async Engine,3091,1418.965197224,0.0829,none,NONE,NONE
Dual-Frequency Async Engine,3092,1418.975824124,0.0935,none,NONE,NONE
Dual-Frequency Async Engine,3093,1418.986474021,0.1041,none,NONE,NONE
Dual-Frequency Async Engine,3094,1418.997205782,0.1149,fallback,STAGE_3,VELOCITY_LIMIT_BREACH
Dual-Frequency Async Engine,3095,1419.007753173,0.1254,fallback,STAGE_3,VELOCITY_LIMIT_BREACH
Dual-Frequency Async Engine,3096,1419.018562601,0.1362,intercepted,NONE,NONE
Dual-Frequency Async Engine,3097,1419.029317336,0.147,none,NONE,NONE
Dual-Frequency Async Engine,3098,1419.039903343,0.1576,none,NONE,NONE
Dual-Frequency Async Engine,3099,1419.050665848,0.1683,none,NONE,NONE
Dual-Frequency Async Engine,3100,1419.061411431,0.1791,none,NONE,NONE
Dual-Frequency Async Engine,3101,1419.07218948,0.1898,intercepted,NONE,NONE
Dual-Frequency Async Engine,3102,1419.082919509,0.2006,fallback,STAGE_3,VELOCITY_LIMIT_BREACH
Dual-Frequency Async Engine,3103,1419.093617544,0.2113,none,NONE,NONE
Dual-Frequency Async Engine,3104,1419.10431366,0.222,none,NONE,NONE
Dual-Frequency Async Engine,3105,1419.115185963,0.2328,none,NONE,NONE
Dual-Frequency Async Engine,3106,1419.125869787,0.2435,fallback,STAGE_3,VELOCITY_LIMIT_BREACH
Dual-Frequency Async Engine,3107,1419.136622723,0.2543,none,NONE,NONE
Dual-Frequency Async Engine,3108,1419.147307595,0.265,none,NONE,NONE
Dual-Frequency Async Engine,3109,1419.15798974,0.2756,none,NONE,NONE
Dual-Frequency Async Engine,3110,1419.168719495,0.2864,intercepted,NONE,NONE
Dual-Frequency Async Engine,3111,1419.179342119,0.297,intercepted,NONE,NONE
Dual-Frequency Async Engine,3112,1419.18993104,0.3076,fallback,STAGE_3,VELOCITY_LIMIT_BREACH
Dual-Frequency Async Engine,3113,1419.200606639,0.3183,none,NONE,NONE
Dual-Frequency Async Engine,3114,1419.21123923,0.3289,none,NONE,NONE
Dual-Frequency Async Engine,3115,1419.221964736,0.3396,none,NONE,NONE
Dual-Frequency Async Engine,3116,1419.232673267,0.3503,none,NONE,NONE
Dual-Frequency Async Engine,3117,1419.24323839,0.3609,none,NONE,NONE
Dual-Frequency Async Engine,3118,1419.25394512,0.3716,fallback,STAGE_3,VELOCITY_LIMIT_BREACH
Dual-Frequency Async Engine,3119,1419.264611484,0.3823,none,NONE,NONE
Dual-Frequency Async Engine,3120,1419.275311356,0.393,fallback,STAGE_3,VELOCITY_LIMIT_BREACH
Dual-Frequency Async Engine,3121,1419.286102725,0.4038,fallback,STAGE_3,VELOCITY_LIMIT_BREACH
Dual-Frequency Async Engine,3122,1419.296797903,0.4145,intercepted,NONE,NONE
Dual-Frequency Async Engine,3123,1419.307611485,0.4253,fallback,STAGE_3,VELOCITY_LIMIT_BREACH
Dual-Frequency Async Engine,3124,1419.318286113,0.4359,none,NONE,NONE
Dual-Frequency Async Engine,3125,1419.328957999,0.4466,none,NONE,NONE
Dual-Frequency Async Engine,3126,1419.339654885,0.4573,fallback,STAGE_3,VELOCITY_LIMIT_BREACH
Dual-Frequency Async Engine,3127,1419.350530555,0.4682,intercepted,NONE,NONE
Dual-Frequency Async Engine,3128,1419.361232963,0.4789,none,NONE,NONE
Dual-Frequency Async Engine,3129,1419.371917482,0.4896,none,NONE,NONE
Dual-Frequency Async Engine,3130,1419.382684768,0.5003,none,NONE,NONE
Dual-Frequency Async Engine,3131,1419.392994841,0.0087,none,NONE,NONE
Dual-Frequency Async Engine,3132,1419.403977062,0.0197,none,NONE,NONE
Dual-Frequency Async Engine,3133,1419.414748533,0.0305,none,NONE,NONE
Dual-Frequency Async Engine,3134,1419.425653287,0.0414,fallback,STAGE_3,VELOCITY_LIMIT_BREACH
Dual-Frequency Async Engine,3135,1419.436456256,0.0522,intercepted,NONE,NONE
Dual-Frequency Async Engine,3136,1419.44719801,0.0629,intercepted,NONE,NONE
Dual-Frequency Async Engine,3137,1419.45793057,0.0736,intercepted,NONE,NONE
Dual-Frequency Async Engine,3138,1419.468600849,0.0843,fallback,STAGE_3,VELOCITY_LIMIT_BREACH
Dual-Frequency Async Engine,3139,1419.479249148,0.095,intercepted,NONE,NONE
Dual-Frequency Async Engine,3140,1419.48990189,0.1056,none,NONE,NONE
Dual-Frequency Async Engine,3141,1419.50064143,0.1163,none,NONE,NONE
Dual-Frequency Async Engine,3142,1419.511524065,0.1272,none,NONE,NONE
Dual-Frequency Async Engine,3143,1419.522212644,0.1379,intercepted,NONE,NONE
Dual-Frequency Async Engine,3144,1419.532910918,0.1486,fallback,STAGE_3,VELOCITY_LIMIT_BREACH
Dual-Frequency Async Engine,3145,1419.543631068,0.1593,none,NONE,NONE
Dual-Frequency Async Engine,3146,1419.554535928,0.1702,none,NONE,NONE
Dual-Frequency Async Engine,3147,1419.565232329,0.1809,none,NONE,NONE
Dual-Frequency Async Engine,3148,1419.575938326,0.1916,fallback,STAGE_1,JSON_OR_VALIDATION_ERROR
Dual-Frequency Async Engine,3149,1419.587264125,0.203,intercepted,NONE,NONE
Dual-Frequency Async Engine,3150,1419.597913017,0.2136,none,NONE,NONE
Dual-Frequency Async Engine,3151,1419.608661151,0.2244,intercepted,NONE,NONE
Dual-Frequency Async Engine,3152,1419.619578459,0.2353,none,NONE,NONE
Dual-Frequency Async Engine,3153,1419.630275196,0.246,none,NONE,NONE
Dual-Frequency Async Engine,3154,1419.640948613,0.2567,none,NONE,NONE
Dual-Frequency Async Engine,3155,1419.651791184,0.2675,intercepted,NONE,NONE
Dual-Frequency Async Engine,3156,1419.662658262,0.2784,none,NONE,NONE
Dual-Frequency Async Engine,3157,1419.673578936,0.2893,fallback,STAGE_3,VELOCITY_LIMIT_BREACH
Dual-Frequency Async Engine,3158,1419.684295247,0.3,fallback,STAGE_3,VELOCITY_LIMIT_BREACH
Dual-Frequency Async Engine,3159,1419.694970846,0.3107,none,NONE,NONE
Dual-Frequency Async Engine,3160,1419.705857322,0.3216,none,NONE,NONE
Dual-Frequency Async Engine,3161,1419.716644808,0.3323,none,NONE,NONE
Dual-Frequency Async Engine,3162,1419.727409042,0.3431,none,NONE,NONE
Dual-Frequency Async Engine,3163,1419.73825491,0.354,none,NONE,NONE
Dual-Frequency Async Engine,3164,1419.748899457,0.3646,none,NONE,NONE
Dual-Frequency Async Engine,3165,1419.759624784,0.3753,intercepted,NONE,NONE
Dual-Frequency Async Engine,3166,1419.770428899,0.3861,none,NONE,NONE
Dual-Frequency Async Engine,3167,1419.781264885,0.397,none,NONE,NONE
Dual-Frequency Async Engine,3168,1419.791993402,0.4077,none,NONE,NONE
Dual-Frequency Async Engine,3169,1419.802803338,0.4185,none,NONE,NONE
Dual-Frequency Async Engine,3170,1419.813623248,0.4293,none,NONE,NONE
Dual-Frequency Async Engine,3171,1419.824478876,0.4402,none,NONE,NONE
Dual-Frequency Async Engine,3172,1419.835194029,0.4509,fallback,STAGE_1,JSON_OR_VALIDATION_ERROR
Dual-Frequency Async Engine,3173,1419.84590549,0.4616,none,NONE,NONE
Dual-Frequency Async Engine,3174,1419.856599476,0.4723,none,NONE,NONE
Dual-Frequency Async Engine,3175,1419.867284144,0.483,none,NONE,NONE
Dual-Frequency Async Engine,3176,1419.877940267,0.4936,none,NONE,NONE
Dual-Frequency Async Engine,3177,1419.889187471,0.0044,none,NONE,NONE
Dual-Frequency Async Engine,3178,1419.899858199,0.0151,none,NONE,NONE
Dual-Frequency Async Engine,3179,1419.910846212,0.0261,none,NONE,NONE
Dual-Frequency Async Engine,3180,1419.92158163,0.0368,fallback,STAGE_3,VELOCITY_LIMIT_BREACH
Dual-Frequency Async Engine,3181,1419.932124925,0.0473,intercepted,NONE,NONE
Dual-Frequency Async Engine,3182,1419.942811046,0.058,none,NONE,NONE
Dual-Frequency Async Engine,3183,1419.953397224,0.0686,none,NONE,NONE
Dual-Frequency Async Engine,3184,1419.963950334,0.0792,intercepted,NONE,NONE
Dual-Frequency Async Engine,3185,1419.974554914,0.0898,none,NONE,NONE
Dual-Frequency Async Engine,3186,1419.985152806,0.1004,fallback,STAGE_3,VELOCITY_LIMIT_BREACH
Dual-Frequency Async Engine,3187,1419.995689324,0.1109,none,NONE,NONE
Dual-Frequency Async Engine,3188,1420.006352854,0.1216,intercepted,NONE,NONE
Dual-Frequency Async Engine,3189,1420.016853115,0.1321,fallback,STAGE_3,VELOCITY_LIMIT_BREACH
Dual-Frequency Async Engine,3190,1420.027452735,0.1427,fallback,STAGE_1,JSON_OR_VALIDATION_ERROR
Dual-Frequency Async Engine,3191,1420.037946657,0.1532,none,NONE,NONE
Dual-Frequency Async Engine,3192,1420.048467393,0.1637,none,NONE,NONE
Dual-Frequency Async Engine,3193,1420.059120146,0.1743,fallback,STAGE_3,VELOCITY_LIMIT_BREACH
Dual-Frequency Async Engine,3194,1420.069662983,0.1849,none,NONE,NONE
Dual-Frequency Async Engine,3195,1420.080219428,0.1954,none,NONE,NONE
Dual-Frequency Async Engine,3196,1420.090974925,0.2062,none,NONE,NONE
Dual-Frequency Async Engine,3197,1420.101564239,0.2168,none,NONE,NONE
Dual-Frequency Async Engine,3198,1420.112170079,0.2274,none,NONE,NONE
Dual-Frequency Async Engine,3199,1420.122754199,0.238,none,NONE,NONE
Dual-Frequency Async Engine,3200,1420.133454961,0.2487,none,NONE,NONE
Dual-Frequency Async Engine,3201,1420.144122402,0.2593,fallback,STAGE_3,VELOCITY_LIMIT_BREACH
Dual-Frequency Async Engine,3202,1420.154767799,0.27,none,NONE,NONE
Dual-Frequency Async Engine,3203,1420.165417462,0.2806,none,NONE,NONE
Dual-Frequency Async Engine,3204,1420.175976035,0.2912,none,NONE,NONE
Dual-Frequency Async Engine,3205,1420.186664765,0.3019,fallback,STAGE_3,VELOCITY_LIMIT_BREACH
Dual-Frequency Async Engine,3206,1420.197184578,0.3124,none,NONE,NONE
Dual-Frequency Async Engine,3207,1420.207749348,0.323,none,NONE,NONE
Dual-Frequency Async Engine,3208,1420.218307986,0.3335,intercepted,NONE,NONE
Dual-Frequency Async Engine,3209,1420.228878553,0.3441,fallback,STAGE_3,VELOCITY_LIMIT_BREACH
Dual-Frequency Async Engine,3210,1420.239416978,0.3546,intercepted,NONE,NONE
Dual-Frequency Async Engine,3211,1420.249963641,0.3652,none,NONE,NONE
Dual-Frequency Async Engine,3212,1420.260674446,0.3759,none,NONE,NONE
Dual-Frequency Async Engine,3213,1420.271392727,0.3866,none,NONE,NONE
Dual-Frequency Async Engine,3214,1420.281932067,0.3971,fallback,STAGE_3,VELOCITY_LIMIT_BREACH
Dual-Frequency Async Engine,3215,1420.292468785,0.4077,fallback,STAGE_3,VELOCITY_LIMIT_BREACH
Dual-Frequency Async Engine,3216,1420.303108844,0.4183,intercepted,NONE,NONE
Dual-Frequency Async Engine,3217,1420.313697285,0.4289,none,NONE,NONE
Dual-Frequency Async Engine,3218,1420.324290944,0.4395,none,NONE,NONE
Dual-Frequency Async Engine,3219,1420.334824374,0.45,none,NONE,NONE
Dual-Frequency Async Engine,3220,1420.345419659,0.4606,none,NONE,NONE
Dual-Frequency Async Engine,3221,1420.35608852,0.4713,intercepted,NONE,NONE
Dual-Frequency Async Engine,3222,1420.366659365,0.4819,fallback,STAGE_3,VELOCITY_LIMIT_BREACH
Dual-Frequency Async Engine,3223,1420.377189569,0.4924,none,NONE,NONE
Dual-Frequency Async Engine,3224,1420.388390007,0.0032,none,NONE,NONE
Dual-Frequency Async Engine,3225,1420.398892741,0.0137,none,NONE,NONE
Dual-Frequency Async Engine,3226,1420.409507811,0.0244,fallback,STAGE_3,VELOCITY_LIMIT_BREACH
Dual-Frequency Async Engine,3227,1420.420149055,0.035,none,NONE,NONE
Dual-Frequency Async Engine,3228,1420.430711722,0.0456,none,NONE,NONE
Dual-Frequency Async Engine,3229,1420.441478362,0.0563,none,NONE,NONE
Dual-Frequency Async Engine,3230,1420.452126828,0.067,intercepted,NONE,NONE
Dual-Frequency Async Engine,3231,1420.462646079,0.0775,intercepted,NONE,NONE
Dual-Frequency Async Engine,3232,1420.473141049,0.088,fallback,STAGE_3,VELOCITY_LIMIT_BREACH
Dual-Frequency Async Engine,3233,1420.483685921,0.0985,none,NONE,NONE
Dual-Frequency Async Engine,3234,1420.494442933,0.1093,none,NONE,NONE
Dual-Frequency Async Engine,3235,1420.504995455,0.1199,none,NONE,NONE
Dual-Frequency Async Engine,3236,1420.515690741,0.1305,none,NONE,NONE
Dual-Frequency Async Engine,3237,1420.526415729,0.1413,none,NONE,NONE
Dual-Frequency Async Engine,3238,1420.536982373,0.1518,fallback,STAGE_3,VELOCITY_LIMIT_BREACH
Dual-Frequency Async Engine,3239,1420.547705981,0.1626,none,NONE,NONE
Dual-Frequency Async Engine,3240,1420.558373708,0.1732,fallback,STAGE_3,VELOCITY_LIMIT_BREACH
Dual-Frequency Async Engine,3241,1420.568983425,0.1838,fallback,STAGE_3,VELOCITY_LIMIT_BREACH
Dual-Frequency Async Engine,3242,1420.579686998,0.1945,intercepted,NONE,NONE
Dual-Frequency Async Engine,3243,1420.590404081,0.2053,fallback,STAGE_3,VELOCITY_LIMIT_BREACH
Dual-Frequency Async Engine,3244,1420.601084514,0.2159,none,NONE,NONE
Dual-Frequency Async Engine,3245,1420.611669668,0.2265,none,NONE,NONE
Dual-Frequency Async Engine,3246,1420.622383812,0.2372,fallback,STAGE_3,VELOCITY_LIMIT_BREACH
Dual-Frequency Async Engine,3247,1420.632940247,0.2478,intercepted,NONE,NONE
Dual-Frequency Async Engine,3248,1420.643563382,0.2584,none,NONE,NONE
Dual-Frequency Async Engine,3249,1420.654160046,0.269,none,NONE,NONE
Dual-Frequency Async Engine,3250,1420.664711912,0.2796,none,NONE,NONE
Dual-Frequency Async Engine,3251,1420.675414358,0.2903,none,NONE,NONE
Dual-Frequency Async Engine,3252,1420.685935084,0.3008,none,NONE,NONE
Dual-Frequency Async Engine,3253,1420.696498213,0.3114,none,NONE,NONE
Dual-Frequency Async Engine,3254,1420.707129658,0.322,fallback,STAGE_3,VELOCITY_LIMIT_BREACH
Dual-Frequency Async Engine,3255,1420.717732978,0.3326,intercepted,NONE,NONE
Dual-Frequency Async Engine,3256,1420.728364695,0.3432,intercepted,NONE,NONE
Dual-Frequency Async Engine,3257,1420.738994168,0.3539,intercepted,NONE,NONE
Dual-Frequency Async Engine,3258,1420.749667303,0.3645,fallback,STAGE_3,VELOCITY_LIMIT_BREACH
Dual-Frequency Async Engine,3259,1420.76029159,0.3751,intercepted,NONE,NONE
Dual-Frequency Async Engine,3260,1420.770891846,0.3857,none,NONE,NONE
Dual-Frequency Async Engine,3261,1420.781469287,0.3963,none,NONE,NONE
Dual-Frequency Async Engine,3262,1420.792140233,0.407,none,NONE,NONE
Dual-Frequency Async Engine,3263,1420.802743528,0.4176,intercepted,NONE,NONE
Dual-Frequency Async Engine,3264,1420.813355898,0.4282,fallback,STAGE_3,VELOCITY_LIMIT_BREACH
Dual-Frequency Async Engine,3265,1420.823895129,0.4388,none,NONE,NONE
Dual-Frequency Async Engine,3266,1420.834424159,0.4493,none,NONE,NONE
Dual-Frequency Async Engine,3267,1420.844900407,0.4598,none,NONE,NONE
Dual-Frequency Async Engine,3268,1420.855460458,0.4703,fallback,STAGE_1,JSON_OR_VALIDATION_ERROR
Dual-Frequency Async Engine,3269,1420.866193427,0.4811,intercepted,NONE,NONE
Dual-Frequency Async Engine,3270,1420.876779918,0.4916,none,NONE,NONE
Dual-Frequency Async Engine,3271,1420.8870142,0.0013,intercepted,NONE,NONE
Dual-Frequency Async Engine,3272,1420.897666937,0.0119,none,NONE,NONE
Dual-Frequency Async Engine,3273,1420.908187997,0.0224,none,NONE,NONE
Dual-Frequency Async Engine,3274,1420.918823925,0.033,none,NONE,NONE
Dual-Frequency Async Engine,3275,1420.929482047,0.0437,intercepted,NONE,NONE
Dual-Frequency Async Engine,3276,1420.940198261,0.0544,none,NONE,NONE
Dual-Frequency Async Engine,3277,1420.950825018,0.065,fallback,STAGE_3,VELOCITY_LIMIT_BREACH
Dual-Frequency Async Engine,3278,1420.961526347,0.0757,fallback,STAGE_3,VELOCITY_LIMIT_BREACH
Dual-Frequency Async Engine,3279,1420.972221297,0.0864,none,NONE,NONE
Dual-Frequency Async Engine,3280,1420.982919459,0.0971,none,NONE,NONE
Dual-Frequency Async Engine,3281,1420.993609084,0.1078,none,NONE,NONE
Dual-Frequency Async Engine,3282,1421.004275526,0.1185,none,NONE,NONE
Dual-Frequency Async Engine,3283,1421.015203562,0.1294,none,NONE,NONE
Dual-Frequency Async Engine,3284,1421.025827151,0.14,none,NONE,NONE
Dual-Frequency Async Engine,3285,1421.03648752,0.1507,intercepted,NONE,NONE
Dual-Frequency Async Engine,3286,1421.047197916,0.1614,none,NONE,NONE
Dual-Frequency Async Engine,3287,1421.057917195,0.1721,none,NONE,NONE
Dual-Frequency Async Engine,3288,1421.068664201,0.1829,none,NONE,NONE
Dual-Frequency Async Engine,3289,1421.079407141,0.1936,none,NONE,NONE
Dual-Frequency Async Engine,3290,1421.090391796,0.2046,none,NONE,NONE
Dual-Frequency Async Engine,3291,1421.101093441,0.2153,none,NONE,NONE
Dual-Frequency Async Engine,3292,1421.111726205,0.2259,fallback,STAGE_1,JSON_OR_VALIDATION_ERROR
Dual-Frequency Async Engine,3293,1421.122502504,0.2367,none,NONE,NONE
Dual-Frequency Async Engine,3294,1421.13323078,0.2474,none,NONE,NONE
Dual-Frequency Async Engine,3295,1421.143887136,0.2581,none,NONE,NONE
Dual-Frequency Async Engine,3296,1421.154718725,0.2689,none,NONE,NONE
Dual-Frequency Async Engine,3297,1421.165654112,0.2799,none,NONE,NONE
Dual-Frequency Async Engine,3298,1421.176452095,0.2907,none,NONE,NONE
Dual-Frequency Async Engine,3299,1421.187209594,0.3014,none,NONE,NONE
Dual-Frequency Async Engine,3300,1421.197983043,0.3122,fallback,STAGE_3,VELOCITY_LIMIT_BREACH
Dual-Frequency Async Engine,3301,1421.208725639,0.3229,intercepted,NONE,NONE
Dual-Frequency Async Engine,3302,1421.219528482,0.3337,none,NONE,NONE
Dual-Frequency Async Engine,3303,1421.230595722,0.3448,none,NONE,NONE
Dual-Frequency Async Engine,3304,1421.241232707,0.3554,intercepted,NONE,NONE
Dual-Frequency Async Engine,3305,1421.251920693,0.3661,none,NONE,NONE
Dual-Frequency Async Engine,3306,1421.262654683,0.3769,fallback,STAGE_3,VELOCITY_LIMIT_BREACH
Dual-Frequency Async Engine,3307,1421.273431187,0.3876,none,NONE,NONE
Dual-Frequency Async Engine,3308,1421.284278592,0.3985,intercepted,NONE,NONE
Dual-Frequency Async Engine,3309,1421.29496499,0.4092,fallback,STAGE_3,VELOCITY_LIMIT_BREACH
Dual-Frequency Async Engine,3310,1421.305742999,0.42,fallback,STAGE_1,JSON_OR_VALIDATION_ERROR
Dual-Frequency Async Engine,3311,1421.316513231,0.4307,none,NONE,NONE
Dual-Frequency Async Engine,3312,1421.32725683,0.4415,none,NONE,NONE
Dual-Frequency Async Engine,3313,1421.337846807,0.4521,fallback,STAGE_3,VELOCITY_LIMIT_BREACH
Dual-Frequency Async Engine,3314,1421.348574458,0.4628,none,NONE,NONE
Dual-Frequency Async Engine,3315,1421.359258407,0.4735,none,NONE,NONE
Dual-Frequency Async Engine,3316,1421.369872164,0.4841,none,NONE,NONE
Dual-Frequency Async Engine,3317,1421.380562968,0.4948,none,NONE,NONE
Dual-Frequency Async Engine,3318,1421.391771807,0.0043,none,NONE,NONE
Dual-Frequency Async Engine,3319,1421.403214852,0.0157,none,NONE,NONE
Dual-Frequency Async Engine,3320,1421.413831631,0.0264,none,NONE,NONE
Dual-Frequency Async Engine,3321,1421.424475521,0.037,fallback,STAGE_3,VELOCITY_LIMIT_BREACH
Dual-Frequency Async Engine,3322,1421.435118403,0.0476,none,NONE,NONE
Dual-Frequency Async Engine,3323,1421.445730774,0.0583,none,NONE,NONE
Dual-Frequency Async Engine,3324,1421.45643364,0.069,none,NONE,NONE
Dual-Frequency Async Engine,3325,1421.467100416,0.0796,fallback,STAGE_3,VELOCITY_LIMIT_BREACH
Dual-Frequency Async Engine,3326,1421.477799535,0.0903,none,NONE,NONE
Dual-Frequency Async Engine,3327,1421.488437217,0.101,none,NONE,NONE
Dual-Frequency Async Engine,3328,1421.4991172,0.1116,intercepted,NONE,NONE
Dual-Frequency Async Engine,3329,1421.509744307,0.1223,fallback,STAGE_3,VELOCITY_LIMIT_BREACH
Dual-Frequency Async Engine,3330,1421.520421033,0.1329,intercepted,NONE,NONE
Dual-Frequency Async Engine,3331,1421.531104622,0.1436,none,NONE,NONE
Dual-Frequency Async Engine,3332,1421.541939618,0.1545,none,NONE,NONE
Dual-Frequency Async Engine,3333,1421.552565061,0.1651,none,NONE,NONE
Dual-Frequency Async Engine,3334,1421.563252569,0.1758,fallback,STAGE_3,VELOCITY_LIMIT_BREACH
Dual-Frequency Async Engine,3335,1421.573918624,0.1864,fallback,STAGE_3,VELOCITY_LIMIT_BREACH
Dual-Frequency Async Engine,3336,1421.584447064,0.197,intercepted,NONE,NONE
Dual-Frequency Async Engine,3337,1421.595112104,0.2076,none,NONE,NONE
Dual-Frequency Async Engine,3338,1421.605690889,0.2182,none,NONE,NONE
Dual-Frequency Async Engine,3339,1421.616333795,0.2289,none,NONE,NONE
Dual-Frequency Async Engine,3340,1421.626924143,0.2395,none,NONE,NONE
Dual-Frequency Async Engine,3341,1421.637535593,0.2501,intercepted,NONE,NONE
Dual-Frequency Async Engine,3342,1421.64813634,0.2607,fallback,STAGE_3,VELOCITY_LIMIT_BREACH
Dual-Frequency Async Engine,3343,1421.65871249,0.2712,none,NONE,NONE
Dual-Frequency Async Engine,3344,1421.669315152,0.2818,none,NONE,NONE
Dual-Frequency Async Engine,3345,1421.679940856,0.2925,none,NONE,NONE
Dual-Frequency Async Engine,3346,1421.69058885,0.3031,fallback,STAGE_3,VELOCITY_LIMIT_BREACH
Dual-Frequency Async Engine,3347,1421.701267772,0.3138,none,NONE,NONE
Dual-Frequency Async Engine,3348,1421.711964969,0.3245,none,NONE,NONE
Dual-Frequency Async Engine,3349,1421.722635918,0.3352,none,NONE,NONE
Dual-Frequency Async Engine,3350,1421.733155918,0.3457,intercepted,NONE,NONE
Dual-Frequency Async Engine,3351,1421.743718229,0.3562,intercepted,NONE,NONE
Dual-Frequency Async Engine,3352,1421.754307636,0.3668,fallback,STAGE_3,VELOCITY_LIMIT_BREACH
Dual-Frequency Async Engine,3353,1421.76503477,0.3776,none,NONE,NONE
Dual-Frequency Async Engine,3354,1421.775732039,0.3883,none,NONE,NONE
Dual-Frequency Async Engine,3355,1421.787797431,0.4003,none,NONE,NONE
Dual-Frequency Async Engine,3356,1421.798437026,0.411,none,NONE,NONE
Dual-Frequency Async Engine,3357,1421.809056446,0.4216,none,NONE,NONE
Dual-Frequency Async Engine,3358,1421.819690376,0.4322,fallback,STAGE_3,VELOCITY_LIMIT_BREACH
Dual-Frequency Async Engine,3359,1421.830437917,0.443,none,NONE,NONE
Dual-Frequency Async Engine,3360,1421.841069293,0.4536,fallback,STAGE_3,VELOCITY_LIMIT_BREACH
Dual-Frequency Async Engine,3361,1421.851662576,0.4642,fallback,STAGE_3,VELOCITY_LIMIT_BREACH
Dual-Frequency Async Engine,3362,1421.862245611,0.4748,intercepted,NONE,NONE
Dual-Frequency Async Engine,3363,1421.872851923,0.4854,fallback,STAGE_3,VELOCITY_LIMIT_BREACH
Dual-Frequency Async Engine,3364,1421.883494775,0.496,none,NONE,NONE
Dual-Frequency Async Engine,3365,1421.894617126,0.0065,none,NONE,NONE
Dual-Frequency Async Engine,3366,1421.905268829,0.0171,fallback,STAGE_3,VELOCITY_LIMIT_BREACH
Dual-Frequency Async Engine,3367,1421.915907349,0.0278,intercepted,NONE,NONE
Dual-Frequency Async Engine,3368,1421.926528391,0.0384,none,NONE,NONE
Dual-Frequency Async Engine,3369,1421.937194151,0.0491,none,NONE,NONE
Dual-Frequency Async Engine,3370,1421.947780567,0.0596,none,NONE,NONE
Dual-Frequency Async Engine,3371,1421.958440777,0.0703,none,NONE,NONE
Dual-Frequency Async Engine,3372,1421.969174155,0.081,none,NONE,NONE
Dual-Frequency Async Engine,3373,1421.97966315,0.0915,none,NONE,NONE
Dual-Frequency Async Engine,3374,1421.990159076,0.102,fallback,STAGE_3,VELOCITY_LIMIT_BREACH
Dual-Frequency Async Engine,3375,1422.000637117,0.1125,intercepted,NONE,NONE
Dual-Frequency Async Engine,3376,1422.011146043,0.123,intercepted,NONE,NONE
Dual-Frequency Async Engine,3377,1422.021641244,0.1335,intercepted,NONE,NONE
Dual-Frequency Async Engine,3378,1422.03217493,0.144,fallback,STAGE_3,VELOCITY_LIMIT_BREACH
Dual-Frequency Async Engine,3379,1422.04269968,0.1546,intercepted,NONE,NONE
Dual-Frequency Async Engine,3380,1422.053293577,0.1652,none,NONE,NONE
Dual-Frequency Async Engine,3381,1422.063836492,0.1757,none,NONE,NONE
Dual-Frequency Async Engine,3382,1422.074362573,0.1862,none,NONE,NONE
Dual-Frequency Async Engine,3383,1422.084851123,0.1967,intercepted,NONE,NONE
Dual-Frequency Async Engine,3384,1422.095648826,0.2075,fallback,STAGE_3,VELOCITY_LIMIT_BREACH
Dual-Frequency Async Engine,3385,1422.106102419,0.218,none,NONE,NONE
Dual-Frequency Async Engine,3386,1422.116603245,0.2285,none,NONE,NONE
Dual-Frequency Async Engine,3387,1422.127114919,0.239,none,NONE,NONE
Dual-Frequency Async Engine,3388,1422.137597829,0.2495,fallback,STAGE_1,JSON_OR_VALIDATION_ERROR
Dual-Frequency Async Engine,3389,1422.148177268,0.26,intercepted,NONE,NONE
Dual-Frequency Async Engine,3390,1422.158741553,0.2706,none,NONE,NONE
Dual-Frequency Async Engine,3391,1422.169287514,0.2811,intercepted,NONE,NONE
Dual-Frequency Async Engine,3392,1422.179794276,0.2917,none,NONE,NONE
Dual-Frequency Async Engine,3393,1422.190195343,0.3021,none,NONE,NONE
Dual-Frequency Async Engine,3394,1422.200594662,0.3125,none,NONE,NONE
Dual-Frequency Async Engine,3395,1422.210992303,0.3229,intercepted,NONE,NONE
Dual-Frequency Async Engine,3396,1422.221421195,0.3333,none,NONE,NONE
Dual-Frequency Async Engine,3397,1422.231881145,0.3437,fallback,STAGE_3,VELOCITY_LIMIT_BREACH
Dual-Frequency Async Engine,3398,1422.242355856,0.3542,fallback,STAGE_3,VELOCITY_LIMIT_BREACH
Dual-Frequency Async Engine,3399,1422.25294098,0.3648,none,NONE,NONE
Dual-Frequency Async Engine,3400,1422.264194178,0.3761,none,NONE,NONE
Dual-Frequency Async Engine,3401,1422.274702183,0.3866,none,NONE,NONE
Dual-Frequency Async Engine,3402,1422.287195473,0.3991,none,NONE,NONE
Dual-Frequency Async Engine,3403,1422.29769632,0.4096,none,NONE,NONE
Dual-Frequency Async Engine,3404,1422.3082429,0.4201,none,NONE,NONE
Dual-Frequency Async Engine,3405,1422.318891839,0.4308,intercepted,NONE,NONE
Dual-Frequency Async Engine,3406,1422.329408288,0.4413,none,NONE,NONE
Dual-Frequency Async Engine,3407,1422.339854911,0.4517,none,NONE,NONE
Dual-Frequency Async Engine,3408,1422.350449396,0.4623,none,NONE,NONE
Dual-Frequency Async Engine,3409,1422.360991761,0.4729,none,NONE,NONE
Dual-Frequency Async Engine,3410,1422.371508464,0.4834,none,NONE,NONE
Dual-Frequency Async Engine,3411,1422.38193749,0.4938,none,NONE,NONE
Dual-Frequency Async Engine,3412,1422.392826752,0.0053,fallback,STAGE_1,JSON_OR_VALIDATION_ERROR
Dual-Frequency Async Engine,3413,1422.403280845,0.0157,none,NONE,NONE
Dual-Frequency Async Engine,3414,1422.413721057,0.0262,none,NONE,NONE
Dual-Frequency Async Engine,3415,1422.424153114,0.0366,none,NONE,NONE
Dual-Frequency Async Engine,3416,1422.43452163,0.047,none,NONE,NONE
Dual-Frequency Async Engine,3417,1422.444926742,0.0574,none,NONE,NONE
Dual-Frequency Async Engine,3418,1422.455367081,0.0678,none,NONE,NONE
Dual-Frequency Async Engine,3419,1422.465770608,0.0782,none,NONE,NONE
Dual-Frequency Async Engine,3420,1422.476180265,0.0886,fallback,STAGE_3,VELOCITY_LIMIT_BREACH
Dual-Frequency Async Engine,3421,1422.486581585,0.099,intercepted,NONE,NONE
Dual-Frequency Async Engine,3422,1422.497025844,0.1095,none,NONE,NONE
Dual-Frequency Async Engine,3423,1422.507445046,0.1199,none,NONE,NONE
Dual-Frequency Async Engine,3424,1422.517856922,0.1303,intercepted,NONE,NONE
Dual-Frequency Async Engine,3425,1422.528302221,0.1408,none,NONE,NONE
Dual-Frequency Async Engine,3426,1422.538752713,0.1512,fallback,STAGE_3,VELOCITY_LIMIT_BREACH
Dual-Frequency Async Engine,3427,1422.549177282,0.1616,none,NONE,NONE
Dual-Frequency Async Engine,3428,1422.559618975,0.1721,intercepted,NONE,NONE
Dual-Frequency Async Engine,3429,1422.570099528,0.1826,fallback,STAGE_3,VELOCITY_LIMIT_BREACH
Dual-Frequency Async Engine,3430,1422.580523015,0.193,fallback,STAGE_1,JSON_OR_VALIDATION_ERROR
Dual-Frequency Async Engine,3431,1422.591183399,0.2036,none,NONE,NONE
Dual-Frequency Async Engine,3432,1422.6016497,0.2141,none,NONE,NONE
Dual-Frequency Async Engine,3433,1422.6121642,0.2246,fallback,STAGE_3,VELOCITY_LIMIT_BREACH
Dual-Frequency Async Engine,3434,1422.622572998,0.235,none,NONE,NONE
Dual-Frequency Async Engine,3435,1422.633022503,0.2455,none,NONE,NONE
Dual-Frequency Async Engine,3436,1422.643383509,0.2558,none,NONE,NONE
Dual-Frequency Async Engine,3437,1422.653760142,0.2662,none,NONE,NONE
Dual-Frequency Async Engine,3438,1422.664183678,0.2766,none,NONE,NONE
Dual-Frequency Async Engine,3439,1422.67499796,0.2875,none,NONE,NONE
Dual-Frequency Async Engine,3440,1422.685608724,0.2981,none,NONE,NONE
Dual-Frequency Async Engine,3441,1422.696182064,0.3086,fallback,STAGE_3,VELOCITY_LIMIT_BREACH
Dual-Frequency Async Engine,3442,1422.706721175,0.3192,none,NONE,NONE
Dual-Frequency Async Engine,3443,1422.717271624,0.3297,none,NONE,NONE
Dual-Frequency Async Engine,3444,1422.728403155,0.3409,none,NONE,NONE
Dual-Frequency Async Engine,3445,1422.73907885,0.3515,fallback,STAGE_3,VELOCITY_LIMIT_BREACH
Dual-Frequency Async Engine,3446,1422.749622534,0.3621,none,NONE,NONE
Dual-Frequency Async Engine,3447,1422.760209667,0.3727,none,NONE,NONE
Dual-Frequency Async Engine,3448,1422.770793118,0.3832,intercepted,NONE,NONE
Dual-Frequency Async Engine,3449,1422.781376206,0.3938,fallback,STAGE_3,VELOCITY_LIMIT_BREACH
Dual-Frequency Async Engine,3450,1422.791893596,0.4043,intercepted,NONE,NONE
Dual-Frequency Async Engine,3451,1422.802768536,0.4152,none,NONE,NONE
Dual-Frequency Async Engine,3452,1422.813419788,0.4259,none,NONE,NONE
Dual-Frequency Async Engine,3453,1422.824341119,0.4368,none,NONE,NONE
Dual-Frequency Async Engine,3454,1422.837133297,0.4496,fallback,STAGE_3,VELOCITY_LIMIT_BREACH
Dual-Frequency Async Engine,3455,1422.847602773,0.4601,fallback,STAGE_3,VELOCITY_LIMIT_BREACH
Dual-Frequency Async Engine,3456,1422.858101283,0.4706,intercepted,NONE,NONE
Dual-Frequency Async Engine,3457,1422.868618249,0.4811,none,NONE,NONE
Dual-Frequency Async Engine,3458,1422.87919806,0.4917,none,NONE,NONE
Dual-Frequency Async Engine,3459,1422.890308377,0.0012,none,NONE,NONE
Dual-Frequency Async Engine,3460,1422.900781003,0.0116,none,NONE,NONE
Dual-Frequency Async Engine,3461,1422.911295344,0.0222,intercepted,NONE,NONE
Dual-Frequency Async Engine,3462,1422.922287827,0.0332,fallback,STAGE_3,VELOCITY_LIMIT_BREACH
Dual-Frequency Async Engine,3463,1422.932833541,0.0437,none,NONE,NONE
Dual-Frequency Async Engine,3464,1422.943406772,0.0543,none,NONE,NONE
Dual-Frequency Async Engine,3465,1422.953917808,0.0648,none,NONE,NONE
Dual-Frequency Async Engine,3466,1422.964381356,0.0752,fallback,STAGE_3,VELOCITY_LIMIT_BREACH
Dual-Frequency Async Engine,3467,1422.974830842,0.0857,none,NONE,NONE
Dual-Frequency Async Engine,3468,1422.985331942,0.0962,none,NONE,NONE
Dual-Frequency Async Engine,3469,1422.995787335,0.1067,none,NONE,NONE
Dual-Frequency Async Engine,3470,1423.006466751,0.1173,intercepted,NONE,NONE
Dual-Frequency Async Engine,3471,1423.017407405,0.1283,intercepted,NONE,NONE
Dual-Frequency Async Engine,3472,1423.028155636,0.139,fallback,STAGE_3,VELOCITY_LIMIT_BREACH
Dual-Frequency Async Engine,3473,1423.038701121,0.1496,none,NONE,NONE
Dual-Frequency Async Engine,3474,1423.049230654,0.1601,none,NONE,NONE
Dual-Frequency Async Engine,3475,1423.059764537,0.1706,none,NONE,NONE
Dual-Frequency Async Engine,3476,1423.070288756,0.1812,none,NONE,NONE
Dual-Frequency Async Engine,3477,1423.081433382,0.1923,none,NONE,NONE
Dual-Frequency Async Engine,3478,1423.092214542,0.2031,fallback,STAGE_3,VELOCITY_LIMIT_BREACH
Dual-Frequency Async Engine,3479,1423.104134955,0.215,none,NONE,NONE
Dual-Frequency Async Engine,3480,1423.114667331,0.2255,fallback,STAGE_3,VELOCITY_LIMIT_BREACH
Dual-Frequency Async Engine,3481,1423.1252443,0.2361,fallback,STAGE_3,VELOCITY_LIMIT_BREACH
Dual-Frequency Async Engine,3482,1423.136137732,0.247,intercepted,NONE,NONE
Dual-Frequency Async Engine,3483,1423.146656173,0.2575,fallback,STAGE_3,VELOCITY_LIMIT_BREACH
Dual-Frequency Async Engine,3484,1423.157134426,0.268,none,NONE,NONE
Dual-Frequency Async Engine,3485,1423.167386672,0.2783,none,NONE,NONE
Dual-Frequency Async Engine,3486,1423.177858674,0.2887,fallback,STAGE_3,VELOCITY_LIMIT_BREACH
Dual-Frequency Async Engine,3487,1423.188377493,0.2992,intercepted,NONE,NONE
Dual-Frequency Async Engine,3488,1423.198886181,0.3097,none,NONE,NONE
Dual-Frequency Async Engine,3489,1423.210108983,0.321,none,NONE,NONE
Dual-Frequency Async Engine,3490,1423.220630035,0.3315,none,NONE,NONE
Dual-Frequency Async Engine,3491,1423.231144459,0.342,none,NONE,NONE
Dual-Frequency Async Engine,3492,1423.241679589,0.3525,none,NONE,NONE
Dual-Frequency Async Engine,3493,1423.252159155,0.363,none,NONE,NONE
Dual-Frequency Async Engine,3494,1423.262646967,0.3735,fallback,STAGE_3,VELOCITY_LIMIT_BREACH
Dual-Frequency Async Engine,3495,1423.273225884,0.3841,intercepted,NONE,NONE
Dual-Frequency Async Engine,3496,1423.283738181,0.3946,intercepted,NONE,NONE
Dual-Frequency Async Engine,3497,1423.295087323,0.406,intercepted,NONE,NONE
Dual-Frequency Async Engine,3498,1423.305539395,0.4164,fallback,STAGE_3,VELOCITY_LIMIT_BREACH
Dual-Frequency Async Engine,3499,1423.316041642,0.4269,intercepted,NONE,NONE
Dual-Frequency Async Engine,3500,1423.326702943,0.4376,none,NONE,NONE
Dual-Frequency Async Engine,3501,1423.338142405,0.449,none,NONE,NONE
Dual-Frequency Async Engine,3502,1423.348639872,0.4595,none,NONE,NONE
Dual-Frequency Async Engine,3503,1423.359170003,0.47,intercepted,NONE,NONE
Dual-Frequency Async Engine,3504,1423.369962112,0.4808,fallback,STAGE_3,VELOCITY_LIMIT_BREACH
Dual-Frequency Async Engine,3505,1423.380490609,0.4914,none,NONE,NONE
Dual-Frequency Async Engine,3506,1423.391658522,0.0012,none,NONE,NONE
Dual-Frequency Async Engine,3507,1423.402184943,0.0117,none,NONE,NONE
Dual-Frequency Async Engine,3508,1423.412715872,0.0223,fallback,STAGE_1,JSON_OR_VALIDATION_ERROR
Dual-Frequency Async Engine,3509,1423.423203113,0.0327,intercepted,NONE,NONE
Dual-Frequency Async Engine,3510,1423.433563742,0.0431,none,NONE,NONE
Dual-Frequency Async Engine,3511,1423.444114948,0.0537,intercepted,NONE,NONE
Dual-Frequency Async Engine,3512,1423.454599078,0.0641,none,NONE,NONE
Dual-Frequency Async Engine,3513,1423.465160676,0.0747,none,NONE,NONE
Dual-Frequency Async Engine,3514,1423.475696052,0.0852,none,NONE,NONE
Dual-Frequency Async Engine,3515,1423.486301969,0.0958,intercepted,NONE,NONE
Dual-Frequency Async Engine,3516,1423.496857322,0.1064,none,NONE,NONE
Dual-Frequency Async Engine,3517,1423.50743569,0.117,fallback,STAGE_3,VELOCITY_LIMIT_BREACH
Dual-Frequency Async Engine,3518,1423.517941451,0.1275,fallback,STAGE_3,VELOCITY_LIMIT_BREACH
Dual-Frequency Async Engine,3519,1423.528560812,0.1381,none,NONE,NONE
Dual-Frequency Async Engine,3520,1423.539146502,0.1487,none,NONE,NONE
Dual-Frequency Async Engine,3521,1423.549699598,0.1592,none,NONE,NONE
Dual-Frequency Async Engine,3522,1423.560392516,0.1699,none,NONE,NONE
Dual-Frequency Async Engine,3523,1423.570962322,0.1805,none,NONE,NONE
Dual-Frequency Async Engine,3524,1423.581732595,0.1913,none,NONE,NONE
Dual-Frequency Async Engine,3525,1423.592624951,0.2022,intercepted,NONE,NONE
Dual-Frequency Async Engine,3526,1423.603114874,0.2127,none,NONE,NONE
Dual-Frequency Async Engine,3527,1423.613679165,0.2232,none,NONE,NONE
Dual-Frequency Async Engine,3528,1423.624272877,0.2338,none,NONE,NONE
Dual-Frequency Async Engine,3529,1423.634840784,0.2444,none,NONE,NONE
Dual-Frequency Async Engine,3530,1423.645545746,0.2551,none,NONE,NONE
Dual-Frequency Async Engine,3531,1423.656174773,0.2657,none,NONE,NONE
Dual-Frequency Async Engine,3532,1423.666865021,0.2764,fallback,STAGE_1,JSON_OR_VALIDATION_ERROR
Dual-Frequency Async Engine,3533,1423.677424938,0.287,none,NONE,NONE
Dual-Frequency Async Engine,3534,1423.687936264,0.2975,none,NONE,NONE
Dual-Frequency Async Engine,3535,1423.698573821,0.3081,none,NONE,NONE
Dual-Frequency Async Engine,3536,1423.709167339,0.3187,none,NONE,NONE
Dual-Frequency Async Engine,3537,1423.719741372,0.3293,none,NONE,NONE
Dual-Frequency Async Engine,3538,1423.730431609,0.34,none,NONE,NONE
Dual-Frequency Async Engine,3539,1423.741080855,0.3506,none,NONE,NONE
Dual-Frequency Async Engine,3540,1423.751688764,0.3612,fallback,STAGE_3,VELOCITY_LIMIT_BREACH
Dual-Frequency Async Engine,3541,1423.762380872,0.3719,intercepted,NONE,NONE
Dual-Frequency Async Engine,3542,1423.772986174,0.3825,none,NONE,NONE
Dual-Frequency Async Engine,3543,1423.783703316,0.3932,none,NONE,NONE
Dual-Frequency Async Engine,3544,1423.794319856,0.4039,intercepted,NONE,NONE
Dual-Frequency Async Engine,3545,1423.80492073,0.4145,none,NONE,NONE
Dual-Frequency Async Engine,3546,1423.815773602,0.4253,fallback,STAGE_3,VELOCITY_LIMIT_BREACH
Dual-Frequency Async Engine,3547,1423.826492387,0.436,none,NONE,NONE
Dual-Frequency Async Engine,3548,1423.83712928,0.4467,intercepted,NONE,NONE
Dual-Frequency Async Engine,3549,1423.84775775,0.4573,fallback,STAGE_3,VELOCITY_LIMIT_BREACH
Dual-Frequency Async Engine,3550,1423.858489956,0.468,fallback,STAGE_1,JSON_OR_VALIDATION_ERROR
Dual-Frequency Async Engine,3551,1423.869173739,0.4787,none,NONE,NONE
Dual-Frequency Async Engine,3552,1423.879779287,0.4893,none,NONE,NONE
Dual-Frequency Async Engine,3553,1423.890719863,0.0,fallback,STAGE_3,VELOCITY_LIMIT_BREACH
Dual-Frequency Async Engine,3554,1423.901430399,0.0107,none,NONE,NONE
Dual-Frequency Async Engine,3555,1423.911995025,0.0213,none,NONE,NONE
Dual-Frequency Async Engine,3556,1423.922681026,0.032,none,NONE,NONE
Dual-Frequency Async Engine,3557,1423.933410195,0.0427,none,NONE,NONE
Dual-Frequency Async Engine,3558,1423.943940947,0.0532,none,NONE,NONE
Dual-Frequency Async Engine,3559,1423.954539739,0.0638,none,NONE,NONE
Dual-Frequency Async Engine,3560,1423.965257115,0.0746,none,NONE,NONE
Dual-Frequency Async Engine,3561,1423.9758743,0.0852,fallback,STAGE_3,VELOCITY_LIMIT_BREACH
Dual-Frequency Async Engine,3562,1423.986444187,0.0957,none,NONE,NONE
Dual-Frequency Async Engine,3563,1423.997089511,0.1064,none,NONE,NONE
Dual-Frequency Async Engine,3564,1424.007663754,0.117,none,NONE,NONE
Dual-Frequency Async Engine,3565,1424.018493092,0.1278,fallback,STAGE_3,VELOCITY_LIMIT_BREACH
Dual-Frequency Async Engine,3566,1424.029202987,0.1385,none,NONE,NONE
Dual-Frequency Async Engine,3567,1424.039877315,0.1492,none,NONE,NONE
Dual-Frequency Async Engine,3568,1424.050556074,0.1599,intercepted,NONE,NONE
Dual-Frequency Async Engine,3569,1424.061241883,0.1705,fallback,STAGE_3,VELOCITY_LIMIT_BREACH
Dual-Frequency Async Engine,3570,1424.071985366,0.1813,intercepted,NONE,NONE
Dual-Frequency Async Engine,3571,1424.082820187,0.1921,none,NONE,NONE
Dual-Frequency Async Engine,3572,1424.093812415,0.2031,none,NONE,NONE
Dual-Frequency Async Engine,3573,1424.104526499,0.2138,none,NONE,NONE
Dual-Frequency Async Engine,3574,1424.115213997,0.2245,fallback,STAGE_3,VELOCITY_LIMIT_BREACH
Dual-Frequency Async Engine,3575,1424.125822603,0.2351,fallback,STAGE_3,VELOCITY_LIMIT_BREACH
Dual-Frequency Async Engine,3576,1424.136561301,0.2459,intercepted,NONE,NONE
Dual-Frequency Async Engine,3577,1424.147281364,0.2566,none,NONE,NONE
Dual-Frequency Async Engine,3578,1424.158079694,0.2674,none,NONE,NONE
Dual-Frequency Async Engine,3579,1424.168780033,0.2781,none,NONE,NONE
Dual-Frequency Async Engine,3580,1424.179544157,0.2888,none,NONE,NONE
Dual-Frequency Async Engine,3581,1424.190247775,0.2995,intercepted,NONE,NONE
Dual-Frequency Async Engine,3582,1424.200963462,0.3103,fallback,STAGE_3,VELOCITY_LIMIT_BREACH
Dual-Frequency Async Engine,3583,1424.21180077,0.3211,none,NONE,NONE
Dual-Frequency Async Engine,3584,1424.222625751,0.3319,none,NONE,NONE
Dual-Frequency Async Engine,3585,1424.233446675,0.3427,none,NONE,NONE
Dual-Frequency Async Engine,3586,1424.244228652,0.3535,fallback,STAGE_3,VELOCITY_LIMIT_BREACH
Dual-Frequency Async Engine,3587,1424.254930484,0.3642,none,NONE,NONE
Dual-Frequency Async Engine,3588,1424.265616472,0.3749,none,NONE,NONE
Dual-Frequency Async Engine,3589,1424.276508932,0.3858,none,NONE,NONE
Dual-Frequency Async Engine,3590,1424.287520461,0.3968,intercepted,NONE,NONE
Dual-Frequency Async Engine,3591,1424.298259416,0.4076,intercepted,NONE,NONE
Dual-Frequency Async Engine,3592,1424.309183384,0.4185,fallback,STAGE_3,VELOCITY_LIMIT_BREACH
Dual-Frequency Async Engine,3593,1424.319921209,0.4292,none,NONE,NONE
Dual-Frequency Async Engine,3594,1424.330635025,0.4399,none,NONE,NONE
Dual-Frequency Async Engine,3595,1424.341527533,0.4508,none,NONE,NONE
Dual-Frequency Async Engine,3596,1424.352224003,0.4615,none,NONE,NONE
Dual-Frequency Async Engine,3597,1424.362849389,0.4721,none,NONE,NONE
Dual-Frequency Async Engine,3598,1424.373510318,0.4828,fallback,STAGE_3,VELOCITY_LIMIT_BREACH
Dual-Frequency Async Engine,3599,1424.384170914,0.4935,none,NONE,NONE
Dual-Frequency Async Engine,3600,1424.394579061,0.0033,fallback,STAGE_3,VELOCITY_LIMIT_BREACH
Dual-Frequency Async Engine,3601,1424.405507344,0.0142,fallback,STAGE_3,VELOCITY_LIMIT_BREACH
Dual-Frequency Async Engine,3602,1424.416273476,0.025,intercepted,NONE,NONE
Dual-Frequency Async Engine,3603,1424.426955835,0.0357,fallback,STAGE_3,VELOCITY_LIMIT_BREACH
Dual-Frequency Async Engine,3604,1424.437824051,0.0466,none,NONE,NONE
Dual-Frequency Async Engine,3605,1424.448658584,0.0574,none,NONE,NONE
Dual-Frequency Async Engine,3606,1424.459372321,0.0681,fallback,STAGE_3,VELOCITY_LIMIT_BREACH
Dual-Frequency Async Engine,3607,1424.470217952,0.079,intercepted,NONE,NONE
Dual-Frequency Async Engine,3608,1424.480874569,0.0896,none,NONE,NONE
Dual-Frequency Async Engine,3609,1424.491679727,0.1004,none,NONE,NONE
Dual-Frequency Async Engine,3610,1424.502465556,0.1112,none,NONE,NONE
Dual-Frequency Async Engine,3611,1424.513257389,0.122,none,NONE,NONE
Dual-Frequency Async Engine,3612,1424.523951272,0.1327,none,NONE,NONE
Dual-Frequency Async Engine,3613,1424.534842781,0.1436,none,NONE,NONE
Dual-Frequency Async Engine,3614,1424.545679817,0.1544,fallback,STAGE_3,VELOCITY_LIMIT_BREACH
Dual-Frequency Async Engine,3615,1424.556618991,0.1654,intercepted,NONE,NONE
Dual-Frequency Async Engine,3616,1424.567513369,0.1762,intercepted,NONE,NONE
Dual-Frequency Async Engine,3617,1424.578216078,0.187,intercepted,NONE,NONE
Dual-Frequency Async Engine,3618,1424.589115895,0.1979,fallback,STAGE_3,VELOCITY_LIMIT_BREACH
Dual-Frequency Async Engine,3619,1424.600211849,0.2089,intercepted,NONE,NONE
Dual-Frequency Async Engine,3620,1424.610928224,0.2197,none,NONE,NONE
Dual-Frequency Async Engine,3621,1424.621690091,0.2304,none,NONE,NONE
Dual-Frequency Async Engine,3622,1424.632553298,0.2413,none,NONE,NONE
Dual-Frequency Async Engine,3623,1424.643288912,0.252,intercepted,NONE,NONE
Dual-Frequency Async Engine,3624,1424.653980658,0.2627,fallback,STAGE_3,VELOCITY_LIMIT_BREACH
Dual-Frequency Async Engine,3625,1424.664820885,0.2736,none,NONE,NONE
Dual-Frequency Async Engine,3626,1424.675529086,0.2843,none,NONE,NONE
Dual-Frequency Async Engine,3627,1424.686244815,0.295,none,NONE,NONE
Dual-Frequency Async Engine,3628,1424.696919873,0.3057,fallback,STAGE_1,JSON_OR_VALIDATION_ERROR
Dual-Frequency Async Engine,3629,1424.707552081,0.3163,intercepted,NONE,NONE
Dual-Frequency Async Engine,3630,1424.718304985,0.327,none,NONE,NONE
Dual-Frequency Async Engine,3631,1424.72898795,0.3377,intercepted,NONE,NONE
Dual-Frequency Async Engine,3632,1424.739860619,0.3486,none,NONE,NONE
Dual-Frequency Async Engine,3633,1424.750674085,0.3594,none,NONE,NONE
Dual-Frequency Async Engine,3634,1424.761607034,0.3703,none,NONE,NONE
Dual-Frequency Async Engine,3635,1424.772493168,0.3812,intercepted,NONE,NONE
Dual-Frequency Async Engine,3636,1424.783252151,0.392,none,NONE,NONE
Dual-Frequency Async Engine,3637,1424.794118772,0.4029,fallback,STAGE_3,VELOCITY_LIMIT_BREACH
Dual-Frequency Async Engine,3638,1424.804831284,0.4136,fallback,STAGE_3,VELOCITY_LIMIT_BREACH
Dual-Frequency Async Engine,3639,1424.81559576,0.4243,none,NONE,NONE
Dual-Frequency Async Engine,3640,1424.826517142,0.4353,none,NONE,NONE
Dual-Frequency Async Engine,3641,1424.837192596,0.4459,none,NONE,NONE
Dual-Frequency Async Engine,3642,1424.847871425,0.4566,none,NONE,NONE
Dual-Frequency Async Engine,3643,1424.85856769,0.4673,none,NONE,NONE
Dual-Frequency Async Engine,3644,1424.869290473,0.478,none,NONE,NONE
Dual-Frequency Async Engine,3645,1424.88022354,0.489,intercepted,NONE,NONE
Dual-Frequency Async Engine,3646,1424.890863269,0.4996,none,NONE,NONE
Dual-Frequency Async Engine,3647,1424.902211531,0.0097,none,NONE,NONE
Dual-Frequency Async Engine,3648,1424.91294236,0.0204,none,NONE,NONE
Dual-Frequency Async Engine,3649,1424.923645286,0.0311,none,NONE,NONE
Dual-Frequency Async Engine,3650,1424.934482731,0.042,none,NONE,NONE
Dual-Frequency Async Engine,3651,1424.945226566,0.0527,none,NONE,NONE
Dual-Frequency Async Engine,3652,1424.955928118,0.0634,fallback,STAGE_1,JSON_OR_VALIDATION_ERROR
Dual-Frequency Async Engine,3653,1424.966670396,0.0742,none,NONE,NONE
Dual-Frequency Async Engine,3654,1424.977490787,0.085,none,NONE,NONE
Dual-Frequency Async Engine,3655,1424.988259736,0.0958,none,NONE,NONE
Dual-Frequency Async Engine,3656,1424.998995742,0.1065,none,NONE,NONE
Dual-Frequency Async Engine,3657,1425.009861046,0.1174,none,NONE,NONE
Dual-Frequency Async Engine,3658,1425.020619573,0.1281,none,NONE,NONE
Dual-Frequency Async Engine,3659,1425.031329903,0.1388,none,NONE,NONE
Dual-Frequency Async Engine,3660,1425.041973291,0.1495,fallback,STAGE_3,VELOCITY_LIMIT_BREACH
Dual-Frequency Async Engine,3661,1425.052552634,0.1601,intercepted,NONE,NONE
Dual-Frequency Async Engine,3662,1425.063197155,0.1707,none,NONE,NONE
Dual-Frequency Async Engine,3663,1425.073806581,0.1813,none,NONE,NONE
Dual-Frequency Async Engine,3664,1425.084420509,0.1919,intercepted,NONE,NONE
Dual-Frequency Async Engine,3665,1425.095129532,0.2026,none,NONE,NONE
Dual-Frequency Async Engine,3666,1425.105749622,0.2132,fallback,STAGE_3,VELOCITY_LIMIT_BREACH
Dual-Frequency Async Engine,3667,1425.116427055,0.2239,none,NONE,NONE
Dual-Frequency Async Engine,3668,1425.12706266,0.2346,intercepted,NONE,NONE
Dual-Frequency Async Engine,3669,1425.137642975,0.2451,fallback,STAGE_3,VELOCITY_LIMIT_BREACH
Dual-Frequency Async Engine,3670,1425.148171217,0.2557,fallback,STAGE_1,JSON_OR_VALIDATION_ERROR
Dual-Frequency Async Engine,3671,1425.158741312,0.2662,none,NONE,NONE
Dual-Frequency Async Engine,3672,1425.169414397,0.2769,none,NONE,NONE
Dual-Frequency Async Engine,3673,1425.180099842,0.2876,fallback,STAGE_3,VELOCITY_LIMIT_BREACH
Dual-Frequency Async Engine,3674,1425.190723746,0.2982,none,NONE,NONE
Dual-Frequency Async Engine,3675,1425.201405144,0.3089,none,NONE,NONE
Dual-Frequency Async Engine,3676,1425.212231676,0.3197,none,NONE,NONE
Dual-Frequency Async Engine,3677,1425.223090055,0.3306,none,NONE,NONE
Dual-Frequency Async Engine,3678,1425.233741083,0.3412,none,NONE,NONE
Dual-Frequency Async Engine,3679,1425.244277096,0.3518,none,NONE,NONE
Dual-Frequency Async Engine,3680,1425.254820675,0.3623,none,NONE,NONE
Dual-Frequency Async Engine,3681,1425.265451156,0.3729,fallback,STAGE_3,VELOCITY_LIMIT_BREACH
Dual-Frequency Async Engine,3682,1425.276142123,0.3836,none,NONE,NONE
Dual-Frequency Async Engine,3683,1425.286743198,0.3942,none,NONE,NONE
Dual-Frequency Async Engine,3684,1425.297389832,0.4049,none,NONE,NONE
Dual-Frequency Async Engine,3685,1425.307918789,0.4154,fallback,STAGE_3,VELOCITY_LIMIT_BREACH
Dual-Frequency Async Engine,3686,1425.318477852,0.426,none,NONE,NONE
Dual-Frequency Async Engine,3687,1425.329124244,0.4366,none,NONE,NONE
Dual-Frequency Async Engine,3688,1425.339644593,0.4471,intercepted,NONE,NONE
Dual-Frequency Async Engine,3689,1425.350153892,0.4577,fallback,STAGE_3,VELOCITY_LIMIT_BREACH
Dual-Frequency Async Engine,3690,1425.360741971,0.4682,intercepted,NONE,NONE
Dual-Frequency Async Engine,3691,1425.372167244,0.4797,none,NONE,NONE
Dual-Frequency Async Engine,3692,1425.382669228,0.4902,none,NONE,NONE
Dual-Frequency Async Engine,3693,1425.393835566,0.0012,none,NONE,NONE
Dual-Frequency Async Engine,3694,1425.404370196,0.0117,fallback,STAGE_3,VELOCITY_LIMIT_BREACH
Dual-Frequency Async Engine,3695,1425.414903976,0.0223,fallback,STAGE_3,VELOCITY_LIMIT_BREACH
Dual-Frequency Async Engine,3696,1425.425516942,0.0329,intercepted,NONE,NONE
Dual-Frequency Async Engine,3697,1425.436069231,0.0434,none,NONE,NONE
Dual-Frequency Async Engine,3698,1425.446729059,0.0541,none,NONE,NONE
Dual-Frequency Async Engine,3699,1425.457406046,0.0648,none,NONE,NONE
Dual-Frequency Async Engine,3700,1425.467936634,0.0753,none,NONE,NONE
Dual-Frequency Async Engine,3701,1425.478540175,0.0859,intercepted,NONE,NONE
Dual-Frequency Async Engine,3702,1425.489186446,0.0966,fallback,STAGE_3,VELOCITY_LIMIT_BREACH
Dual-Frequency Async Engine,3703,1425.499789673,0.1072,none,NONE,NONE
Dual-Frequency Async Engine,3704,1425.510469033,0.1178,none,NONE,NONE
Dual-Frequency Async Engine,3705,1425.521139262,0.1285,none,NONE,NONE
Dual-Frequency Async Engine,3706,1425.531708836,0.1391,fallback,STAGE_3,VELOCITY_LIMIT_BREACH
Dual-Frequency Async Engine,3707,1425.542356744,0.1497,none,NONE,NONE
Dual-Frequency Async Engine,3708,1425.552913726,0.1603,none,NONE,NONE
Dual-Frequency Async Engine,3709,1425.563487841,0.1709,none,NONE,NONE
Dual-Frequency Async Engine,3710,1425.574183863,0.1816,intercepted,NONE,NONE
Dual-Frequency Async Engine,3711,1425.58479152,0.1922,intercepted,NONE,NONE
Dual-Frequency Async Engine,3712,1425.595732539,0.2031,fallback,STAGE_3,VELOCITY_LIMIT_BREACH
Dual-Frequency Async Engine,3713,1425.606434212,0.2138,none,NONE,NONE
Dual-Frequency Async Engine,3714,1425.61710006,0.2245,none,NONE,NONE
Dual-Frequency Async Engine,3715,1425.62764012,0.235,none,NONE,NONE
Dual-Frequency Async Engine,3716,1425.63812336,0.2455,none,NONE,NONE
Dual-Frequency Async Engine,3717,1425.648690247,0.2561,none,NONE,NONE
Dual-Frequency Async Engine,3718,1425.65923156,0.2666,fallback,STAGE_3,VELOCITY_LIMIT_BREACH
Dual-Frequency Async Engine,3719,1425.669839922,0.2772,none,NONE,NONE
Dual-Frequency Async Engine,3720,1425.680546003,0.2879,fallback,STAGE_3,VELOCITY_LIMIT_BREACH
Dual-Frequency Async Engine,3721,1425.691181094,0.2986,fallback,STAGE_3,VELOCITY_LIMIT_BREACH
Dual-Frequency Async Engine,3722,1425.701700006,0.3091,intercepted,NONE,NONE
Dual-Frequency Async Engine,3723,1425.712318055,0.3197,fallback,STAGE_3,VELOCITY_LIMIT_BREACH
Dual-Frequency Async Engine,3724,1425.722862339,0.3302,none,NONE,NONE
Dual-Frequency Async Engine,3725,1425.733482541,0.3409,none,NONE,NONE
Dual-Frequency Async Engine,3726,1425.744129296,0.3515,fallback,STAGE_3,VELOCITY_LIMIT_BREACH
Dual-Frequency Async Engine,3727,1425.754718535,0.3621,intercepted,NONE,NONE
Dual-Frequency Async Engine,3728,1425.765478051,0.3729,none,NONE,NONE
Dual-Frequency Async Engine,3729,1425.776190004,0.3836,none,NONE,NONE
Dual-Frequency Async Engine,3730,1425.786750961,0.3941,none,NONE,NONE
Dual-Frequency Async Engine,3731,1425.797405188,0.4048,none,NONE,NONE
Dual-Frequency Async Engine,3732,1425.808089039,0.4155,none,NONE,NONE
Dual-Frequency Async Engine,3733,1425.818630814,0.426,none,NONE,NONE
Dual-Frequency Async Engine,3734,1425.829208376,0.4366,fallback,STAGE_3,VELOCITY_LIMIT_BREACH
Dual-Frequency Async Engine,3735,1425.839758542,0.4471,intercepted,NONE,NONE
Dual-Frequency Async Engine,3736,1425.850453498,0.4578,intercepted,NONE,NONE
Dual-Frequency Async Engine,3737,1425.861146441,0.4685,intercepted,NONE,NONE
Dual-Frequency Async Engine,3738,1425.871898096,0.4793,fallback,STAGE_3,VELOCITY_LIMIT_BREACH
Dual-Frequency Async Engine,3739,1425.882591468,0.49,intercepted,NONE,NONE
Dual-Frequency Async Engine,3740,1425.893450045,0.0,none,NONE,NONE
Dual-Frequency Async Engine,3741,1425.90414649,0.0107,none,NONE,NONE
Dual-Frequency Async Engine,3742,1425.914656831,0.0212,none,NONE,NONE
Dual-Frequency Async Engine,3743,1425.925323946,0.0319,intercepted,NONE,NONE
Dual-Frequency Async Engine,3744,1425.935879907,0.0425,fallback,STAGE_3,VELOCITY_LIMIT_BREACH
Dual-Frequency Async Engine,3745,1425.946403158,0.053,none,NONE,NONE
Dual-Frequency Async Engine,3746,1425.957088696,0.0637,none,NONE,NONE
Dual-Frequency Async Engine,3747,1425.967617166,0.0742,none,NONE,NONE
Dual-Frequency Async Engine,3748,1425.97814496,0.0847,fallback,STAGE_1,JSON_OR_VALIDATION_ERROR
Dual-Frequency Async Engine,3749,1425.988711002,0.0953,intercepted,NONE,NONE
Dual-Frequency Async Engine,3750,1425.999365942,0.1059,none,NONE,NONE
Dual-Frequency Async Engine,3751,1426.010086955,0.1167,intercepted,NONE,NONE
Dual-Frequency Async Engine,3752,1426.020714045,0.1273,none,NONE,NONE
Dual-Frequency Async Engine,3753,1426.031365894,0.1379,none,NONE,NONE
Dual-Frequency Async Engine,3754,1426.041957826,0.1485,none,NONE,NONE
Dual-Frequency Async Engine,3755,1426.052549246,0.1591,intercepted,NONE,NONE
Dual-Frequency Async Engine,3756,1426.063184379,0.1698,none,NONE,NONE
Dual-Frequency Async Engine,3757,1426.073730596,0.1803,fallback,STAGE_3,VELOCITY_LIMIT_BREACH
Dual-Frequency Async Engine,3758,1426.084345254,0.1909,fallback,STAGE_3,VELOCITY_LIMIT_BREACH
Dual-Frequency Async Engine,3759,1426.095093945,0.2017,none,NONE,NONE
Dual-Frequency Async Engine,3760,1426.105536765,0.2121,none,NONE,NONE
Dual-Frequency Async Engine,3761,1426.116614965,0.2232,none,NONE,NONE
Dual-Frequency Async Engine,3762,1426.127185505,0.2338,none,NONE,NONE
Dual-Frequency Async Engine,3763,1426.137834973,0.2444,none,NONE,NONE
Dual-Frequency Async Engine,3764,1426.148537542,0.2551,none,NONE,NONE
Dual-Frequency Async Engine,3765,1426.159148594,0.2657,intercepted,NONE,NONE
Dual-Frequency Async Engine,3766,1426.169667174,0.2762,none,NONE,NONE
Dual-Frequency Async Engine,3767,1426.180233706,0.2868,none,NONE,NONE
Dual-Frequency Async Engine,3768,1426.190848338,0.2974,none,NONE,NONE
Dual-Frequency Async Engine,3769,1426.201581842,0.3082,none,NONE,NONE
Dual-Frequency Async Engine,3770,1426.212169496,0.3187,none,NONE,NONE
Dual-Frequency Async Engine,3771,1426.22271589,0.3293,none,NONE,NONE
Dual-Frequency Async Engine,3772,1426.233537618,0.3401,fallback,STAGE_1,JSON_OR_VALIDATION_ERROR
Dual-Frequency Async Engine,3773,1426.24417991,0.3508,none,NONE,NONE
Dual-Frequency Async Engine,3774,1426.254787951,0.3614,none,NONE,NONE
Dual-Frequency Async Engine,3775,1426.265487329,0.3721,none,NONE,NONE
Dual-Frequency Async Engine,3776,1426.276142032,0.3827,none,NONE,NONE
Dual-Frequency Async Engine,3777,1426.28677408,0.3934,none,NONE,NONE
Dual-Frequency Async Engine,3778,1426.297542789,0.4041,none,NONE,NONE
Dual-Frequency Async Engine,3779,1426.308182495,0.4148,none,NONE,NONE
Dual-Frequency Async Engine,3780,1426.318792376,0.4254,fallback,STAGE_3,VELOCITY_LIMIT_BREACH
Dual-Frequency Async Engine,3781,1426.329410489,0.436,intercepted,NONE,NONE
Dual-Frequency Async Engine,3782,1426.340097768,0.4467,none,NONE,NONE
Dual-Frequency Async Engine,3783,1426.350729863,0.4573,none,NONE,NONE
Dual-Frequency Async Engine,3784,1426.361332082,0.4679,intercepted,NONE,NONE
Dual-Frequency Async Engine,3785,1426.372096843,0.4787,none,NONE,NONE
Dual-Frequency Async Engine,3786,1426.38265781,0.4892,fallback,STAGE_3,VELOCITY_LIMIT_BREACH
Dual-Frequency Async Engine,3787,1426.393366429,0.4999,none,NONE,NONE
Dual-Frequency Async Engine,3788,1426.404192934,0.0106,intercepted,NONE,NONE
Dual-Frequency Async Engine,3789,1426.414748155,0.0211,fallback,STAGE_3,VELOCITY_LIMIT_BREACH
Dual-Frequency Async Engine,3790,1426.425275231,0.0316,fallback,STAGE_1,JSON_OR_VALIDATION_ERROR
Dual-Frequency Async Engine,3791,1426.436086465,0.0425,none,NONE,NONE
Dual-Frequency Async Engine,3792,1426.446721232,0.0531,none,NONE,NONE
Dual-Frequency Async Engine,3793,1426.457313274,0.0637,fallback,STAGE_3,VELOCITY_LIMIT_BREACH
Dual-Frequency Async Engine,3794,1426.467822043,0.0742,none,NONE,NONE
Dual-Frequency Async Engine,3795,1426.478538582,0.0849,none,NONE,NONE
Dual-Frequency Async Engine,3796,1426.489138474,0.0955,none,NONE,NONE
Dual-Frequency Async Engine,3797,1426.499773014,0.1061,none,NONE,NONE
Dual-Frequency Async Engine,3798,1426.510472794,0.1168,none,NONE,NONE
Dual-Frequency Async Engine,3799,1426.521193023,0.1276,none,NONE,NONE
Dual-Frequency Async Engine,3800,1426.531739007,0.1381,none,NONE,NONE
Dual-Frequency Async Engine,3801,1426.542483732,0.1489,fallback,STAGE_3,VELOCITY_LIMIT_BREACH
Dual-Frequency Async Engine,3802,1426.553114856,0.1595,none,NONE,NONE
Dual-Frequency Async Engine,3803,1426.563740501,0.1701,none,NONE,NONE
Dual-Frequency Async Engine,3804,1426.574474352,0.1808,none,NONE,NONE
Dual-Frequency Async Engine,3805,1426.585124854,0.1915,fallback,STAGE_3,VELOCITY_LIMIT_BREACH
Dual-Frequency Async Engine,3806,1426.595984224,0.2024,none,NONE,NONE
Dual-Frequency Async Engine,3807,1426.606597524,0.213,none,NONE,NONE
Dual-Frequency Async Engine,3808,1426.617208367,0.2236,intercepted,NONE,NONE
Dual-Frequency Async Engine,3809,1426.627818459,0.2342,fallback,STAGE_3,VELOCITY_LIMIT_BREACH
Dual-Frequency Async Engine,3810,1426.638495138,0.2449,intercepted,NONE,NONE
Dual-Frequency Async Engine,3811,1426.649170429,0.2555,none,NONE,NONE
Dual-Frequency Async Engine,3812,1426.659734424,0.2661,none,NONE,NONE
Dual-Frequency Async Engine,3813,1426.670442865,0.2768,none,NONE,NONE
Dual-Frequency Async Engine,3814,1426.680982577,0.2874,fallback,STAGE_3,VELOCITY_LIMIT_BREACH
Dual-Frequency Async Engine,3815,1426.691759755,0.2981,fallback,STAGE_3,VELOCITY_LIMIT_BREACH
Dual-Frequency Async Engine,3816,1426.702369379,0.3087,intercepted,NONE,NONE
Dual-Frequency Async Engine,3817,1426.712862485,0.3192,none,NONE,NONE
Dual-Frequency Async Engine,3818,1426.723496973,0.3299,none,NONE,NONE
Dual-Frequency Async Engine,3819,1426.734173287,0.3405,none,NONE,NONE
Dual-Frequency Async Engine,3820,1426.744715962,0.3511,none,NONE,NONE
Dual-Frequency Async Engine,3821,1426.755333021,0.3617,intercepted,NONE,NONE
Dual-Frequency Async Engine,3822,1426.765939753,0.3723,fallback,STAGE_3,VELOCITY_LIMIT_BREACH
Dual-Frequency Async Engine,3823,1426.776570909,0.3829,none,NONE,NONE
Dual-Frequency Async Engine,3824,1426.787360525,0.3937,none,NONE,NONE
Dual-Frequency Async Engine,3825,1426.797922896,0.4043,none,NONE,NONE
Dual-Frequency Async Engine,3826,1426.80850348,0.4149,fallback,STAGE_3,VELOCITY_LIMIT_BREACH
Dual-Frequency Async Engine,3827,1426.819083495,0.4255,none,NONE,NONE
Dual-Frequency Async Engine,3828,1426.829775408,0.4361,none,NONE,NONE
Dual-Frequency Async Engine,3829,1426.840452064,0.4468,none,NONE,NONE
Dual-Frequency Async Engine,3830,1426.850942626,0.4573,intercepted,NONE,NONE
Dual-Frequency Async Engine,3831,1426.861505802,0.4679,intercepted,NONE,NONE
Dual-Frequency Async Engine,3832,1426.872266246,0.4786,fallback,STAGE_3,VELOCITY_LIMIT_BREACH
Dual-Frequency Async Engine,3833,1426.883112541,0.4895,none,NONE,NONE
Dual-Frequency Async Engine,3834,1426.89371249,0.5001,none,NONE,NONE
Dual-Frequency Async Engine,3835,1426.904931081,0.0106,none,NONE,NONE
Dual-Frequency Async Engine,3836,1426.915554419,0.0212,none,NONE,NONE
Dual-Frequency Async Engine,3837,1426.926199958,0.0319,none,NONE,NONE
Dual-Frequency Async Engine,3838,1426.936899402,0.0426,fallback,STAGE_3,VELOCITY_LIMIT_BREACH
Dual-Frequency Async Engine,3839,1426.947574558,0.0532,none,NONE,NONE
Dual-Frequency Async Engine,3840,1426.958354232,0.064,fallback,STAGE_3,VELOCITY_LIMIT_BREACH
Dual-Frequency Async Engine,3841,1426.96894966,0.0746,fallback,STAGE_3,VELOCITY_LIMIT_BREACH
Dual-Frequency Async Engine,3842,1426.979600681,0.0853,intercepted,NONE,NONE
Dual-Frequency Async Engine,3843,1426.990175368,0.0958,fallback,STAGE_3,VELOCITY_LIMIT_BREACH
Dual-Frequency Async Engine,3844,1427.000739169,0.1064,none,NONE,NONE
Dual-Frequency Async Engine,3845,1427.011368386,0.117,none,NONE,NONE
Dual-Frequency Async Engine,3846,1427.021958339,0.1276,fallback,STAGE_3,VELOCITY_LIMIT_BREACH
Dual-Frequency Async Engine,3847,1427.032465932,0.1381,intercepted,NONE,NONE
Dual-Frequency Async Engine,3848,1427.042960794,0.1486,none,NONE,NONE
Dual-Frequency Async Engine,3849,1427.053567722,0.1592,none,NONE,NONE
Dual-Frequency Async Engine,3850,1427.064174603,0.1698,none,NONE,NONE
Dual-Frequency Async Engine,3851,1427.074719843,0.1804,none,NONE,NONE
Dual-Frequency Async Engine,3852,1427.085417595,0.1911,none,NONE,NONE
Dual-Frequency Async Engine,3853,1427.096127779,0.2018,none,NONE,NONE
Dual-Frequency Async Engine,3854,1427.106615854,0.2123,fallback,STAGE_3,VELOCITY_LIMIT_BREACH
Dual-Frequency Async Engine,3855,1427.117154921,0.2228,intercepted,NONE,NONE
Dual-Frequency Async Engine,3856,1427.127665156,0.2333,intercepted,NONE,NONE
Dual-Frequency Async Engine,3857,1427.13828699,0.244,intercepted,NONE,NONE
Dual-Frequency Async Engine,3858,1427.148858226,0.2545,fallback,STAGE_3,VELOCITY_LIMIT_BREACH
Dual-Frequency Async Engine,3859,1427.159462472,0.2651,intercepted,NONE,NONE
Dual-Frequency Async Engine,3860,1427.169973773,0.2756,none,NONE,NONE
Dual-Frequency Async Engine,3861,1427.180684427,0.2864,none,NONE,NONE
Dual-Frequency Async Engine,3862,1427.191209179,0.2969,none,NONE,NONE
Dual-Frequency Async Engine,3863,1427.201783389,0.3075,intercepted,NONE,NONE
Dual-Frequency Async Engine,3864,1427.212416772,0.3181,fallback,STAGE_3,VELOCITY_LIMIT_BREACH
Dual-Frequency Async Engine,3865,1427.223107951,0.3288,none,NONE,NONE
Dual-Frequency Async Engine,3866,1427.23370705,0.3394,none,NONE,NONE
Dual-Frequency Async Engine,3867,1427.244371486,0.35,none,NONE,NONE
Dual-Frequency Async Engine,3868,1427.254872884,0.3605,fallback,STAGE_1,JSON_OR_VALIDATION_ERROR
Dual-Frequency Async Engine,3869,1427.265542455,0.3712,intercepted,NONE,NONE
Dual-Frequency Async Engine,3870,1427.276171928,0.3818,none,NONE,NONE
Dual-Frequency Async Engine,3871,1427.286742816,0.3924,intercepted,NONE,NONE
Dual-Frequency Async Engine,3872,1427.29750498,0.4032,none,NONE,NONE
Dual-Frequency Async Engine,3873,1427.308129334,0.4138,none,NONE,NONE
Dual-Frequency Async Engine,3874,1427.318687947,0.4244,none,NONE,NONE
Dual-Frequency Async Engine,3875,1427.329423886,0.4351,intercepted,NONE,NONE
Dual-Frequency Async Engine,3876,1427.340080936,0.4457,none,NONE,NONE
Dual-Frequency Async Engine,3877,1427.350777552,0.4564,fallback,STAGE_3,VELOCITY_LIMIT_BREACH
Dual-Frequency Async Engine,3878,1427.361485122,0.4672,fallback,STAGE_3,VELOCITY_LIMIT_BREACH
Dual-Frequency Async Engine,3879,1427.372150602,0.4778,none,NONE,NONE
Dual-Frequency Async Engine,3880,1427.382709341,0.4884,none,NONE,NONE
Dual-Frequency Async Engine,3881,1427.393427794,0.4991,none,NONE,NONE
Dual-Frequency Async Engine,3882,1427.404452167,0.0085,none,NONE,NONE
Dual-Frequency Async Engine,3883,1427.415072106,0.0191,none,NONE,NONE
Dual-Frequency Async Engine,3884,1427.425610163,0.0296,none,NONE,NONE
Dual-Frequency Async Engine,3885,1427.436181995,0.0402,intercepted,NONE,NONE
Dual-Frequency Async Engine,3886,1427.446778539,0.0508,none,NONE,NONE
Dual-Frequency Async Engine,3887,1427.457440554,0.0615,none,NONE,NONE
Dual-Frequency Async Engine,3888,1427.468101327,0.0721,none,NONE,NONE
Dual-Frequency Async Engine,3889,1427.478675514,0.0827,none,NONE,NONE
Dual-Frequency Async Engine,3890,1427.489235211,0.0933,none,NONE,NONE
Dual-Frequency Async Engine,3891,1427.499787625,0.1038,none,NONE,NONE
Dual-Frequency Async Engine,3892,1427.510381326,0.1144,fallback,STAGE_1,JSON_OR_VALIDATION_ERROR
Dual-Frequency Async Engine,3893,1427.520990845,0.125,none,NONE,NONE
Dual-Frequency Async Engine,3894,1427.531594845,0.1356,none,NONE,NONE
Dual-Frequency Async Engine,3895,1427.542160804,0.1462,none,NONE,NONE
Dual-Frequency Async Engine,3896,1427.552709521,0.1567,none,NONE,NONE
Dual-Frequency Async Engine,3897,1427.5635985,0.1676,none,NONE,NONE
Dual-Frequency Async Engine,3898,1427.574236096,0.1783,none,NONE,NONE
Dual-Frequency Async Engine,3899,1427.584909384,0.1889,none,NONE,NONE
Dual-Frequency Async Engine,3900,1427.595499615,0.1995,fallback,STAGE_3,VELOCITY_LIMIT_BREACH
Dual-Frequency Async Engine,3901,1427.606193397,0.2102,intercepted,NONE,NONE
Dual-Frequency Async Engine,3902,1427.616973252,0.221,none,NONE,NONE
Dual-Frequency Async Engine,3903,1427.627582607,0.2316,none,NONE,NONE
Dual-Frequency Async Engine,3904,1427.638290144,0.2423,intercepted,NONE,NONE
Dual-Frequency Async Engine,3905,1427.648835959,0.2529,none,NONE,NONE
Dual-Frequency Async Engine,3906,1427.659463427,0.2635,fallback,STAGE_3,VELOCITY_LIMIT_BREACH
Dual-Frequency Async Engine,3907,1427.670130346,0.2742,none,NONE,NONE
Dual-Frequency Async Engine,3908,1427.680801977,0.2848,intercepted,NONE,NONE
Dual-Frequency Async Engine,3909,1427.691512226,0.2956,fallback,STAGE_3,VELOCITY_LIMIT_BREACH
Dual-Frequency Async Engine,3910,1427.702089135,0.3061,fallback,STAGE_1,JSON_OR_VALIDATION_ERROR
Dual-Frequency Async Engine,3911,1427.712650517,0.3167,none,NONE,NONE
Dual-Frequency Async Engine,3912,1427.723227074,0.3273,none,NONE,NONE
Dual-Frequency Async Engine,3913,1427.733840231,0.3379,fallback,STAGE_3,VELOCITY_LIMIT_BREACH
Dual-Frequency Async Engine,3914,1427.744437054,0.3485,none,NONE,NONE
Dual-Frequency Async Engine,3915,1427.754976842,0.359,none,NONE,NONE
Dual-Frequency Async Engine,3916,1427.76550523,0.3695,none,NONE,NONE
Dual-Frequency Async Engine,3917,1427.776164099,0.3802,none,NONE,NONE
Dual-Frequency Async Engine,3918,1427.786806464,0.3908,none,NONE,NONE
Dual-Frequency Async Engine,3919,1427.797448045,0.4015,none,NONE,NONE
Dual-Frequency Async Engine,3920,1427.808095711,0.4121,none,NONE,NONE
Dual-Frequency Async Engine,3921,1427.818715533,0.4228,fallback,STAGE_3,VELOCITY_LIMIT_BREACH
Dual-Frequency Async Engine,3922,1427.829249373,0.4333,none,NONE,NONE
Dual-Frequency Async Engine,3923,1427.839903401,0.4439,none,NONE,NONE
Dual-Frequency Async Engine,3924,1427.850534921,0.4546,none,NONE,NONE
Dual-Frequency Async Engine,3925,1427.861198675,0.4652,fallback,STAGE_3,VELOCITY_LIMIT_BREACH
Dual-Frequency Async Engine,3926,1427.871957185,0.476,none,NONE,NONE
Dual-Frequency Async Engine,3927,1427.882617075,0.4867,none,NONE,NONE
Dual-Frequency Async Engine,3928,1427.893154727,0.4972,intercepted,NONE,NONE
Dual-Frequency Async Engine,3929,1427.904203156,0.0075,fallback,STAGE_3,VELOCITY_LIMIT_BREACH
Dual-Frequency Async Engine,3930,1427.91483033,0.0181,intercepted,NONE,NONE
Dual-Frequency Async Engine,3931,1427.925561295,0.0289,none,NONE,NONE
Dual-Frequency Async Engine,3932,1427.936253523,0.0396,none,NONE,NONE
Dual-Frequency Async Engine,3933,1427.946804528,0.0501,none,NONE,NONE
Dual-Frequency Async Engine,3934,1427.957469312,0.0608,fallback,STAGE_3,VELOCITY_LIMIT_BREACH
Dual-Frequency Async Engine,3935,1427.968096249,0.0714,fallback,STAGE_3,VELOCITY_LIMIT_BREACH
Dual-Frequency Async Engine,3936,1427.97866583,0.082,intercepted,NONE,NONE
Dual-Frequency Async Engine,3937,1427.989247824,0.0926,none,NONE,NONE
Dual-Frequency Async Engine,3938,1427.999844484,0.1032,none,NONE,NONE
Dual-Frequency Async Engine,3939,1428.010556851,0.1139,none,NONE,NONE
Dual-Frequency Async Engine,3940,1428.021325239,0.1246,none,NONE,NONE
Dual-Frequency Async Engine,3941,1428.031858375,0.1352,intercepted,NONE,NONE
Dual-Frequency Async Engine,3942,1428.042502163,0.1458,fallback,STAGE_3,VELOCITY_LIMIT_BREACH
Dual-Frequency Async Engine,3943,1428.05312737,0.1564,none,NONE,NONE
Dual-Frequency Async Engine,3944,1428.063758108,0.1671,none,NONE,NONE
Dual-Frequency Async Engine,3945,1428.074436649,0.1778,none,NONE,NONE
Dual-Frequency Async Engine,3946,1428.085189365,0.1885,fallback,STAGE_3,VELOCITY_LIMIT_BREACH
Dual-Frequency Async Engine,3947,1428.095858531,0.1992,none,NONE,NONE
Dual-Frequency Async Engine,3948,1428.10651802,0.2098,none,NONE,NONE
Dual-Frequency Async Engine,3949,1428.117362764,0.2207,none,NONE,NONE
Dual-Frequency Async Engine,3950,1428.128044514,0.2314,intercepted,NONE,NONE
Dual-Frequency Async Engine,3951,1428.138715386,0.242,intercepted,NONE,NONE
Dual-Frequency Async Engine,3952,1428.149633987,0.253,fallback,STAGE_3,VELOCITY_LIMIT_BREACH
Dual-Frequency Async Engine,3953,1428.160625584,0.2639,none,NONE,NONE
Dual-Frequency Async Engine,3954,1428.171357324,0.2747,none,NONE,NONE
Dual-Frequency Async Engine,3955,1428.182174646,0.2855,none,NONE,NONE
Dual-Frequency Async Engine,3956,1428.193161731,0.2965,none,NONE,NONE
Dual-Frequency Async Engine,3957,1428.203932874,0.3073,none,NONE,NONE
Dual-Frequency Async Engine,3958,1428.214683449,0.318,fallback,STAGE_3,VELOCITY_LIMIT_BREACH
Dual-Frequency Async Engine,3959,1428.225630044,0.3289,none,NONE,NONE
Dual-Frequency Async Engine,3960,1428.236604504,0.3399,fallback,STAGE_3,VELOCITY_LIMIT_BREACH
Dual-Frequency Async Engine,3961,1428.247466011,0.3508,fallback,STAGE_3,VELOCITY_LIMIT_BREACH
Dual-Frequency Async Engine,3962,1428.258319089,0.3616,intercepted,NONE,NONE
Dual-Frequency Async Engine,3963,1428.269249527,0.3726,fallback,STAGE_3,VELOCITY_LIMIT_BREACH
Dual-Frequency Async Engine,3964,1428.280215123,0.3835,none,NONE,NONE
Dual-Frequency Async Engine,3965,1428.291147155,0.3945,none,NONE,NONE
Dual-Frequency Async Engine,3966,1428.301931893,0.4053,fallback,STAGE_3,VELOCITY_LIMIT_BREACH
Dual-Frequency Async Engine,3967,1428.312649902,0.416,intercepted,NONE,NONE
Dual-Frequency Async Engine,3968,1428.323581394,0.4269,none,NONE,NONE
Dual-Frequency Async Engine,3969,1428.334327088,0.4376,none,NONE,NONE
Dual-Frequency Async Engine,3970,1428.345206932,0.4485,none,NONE,NONE
Dual-Frequency Async Engine,3971,1428.355945151,0.4593,none,NONE,NONE
Dual-Frequency Async Engine,3972,1428.366629648,0.4699,none,NONE,NONE
Dual-Frequency Async Engine,3973,1428.377516053,0.4808,none,NONE,NONE
Dual-Frequency Async Engine,3974,1428.388306924,0.4916,fallback,STAGE_3,VELOCITY_LIMIT_BREACH
Dual-Frequency Async Engine,3975,1428.39866061,0.0012,intercepted,NONE,NONE
Dual-Frequency Async Engine,3976,1428.40955385,0.0121,intercepted,NONE,NONE
Dual-Frequency Async Engine,3977,1428.42031526,0.0229,intercepted,NONE,NONE
Dual-Frequency Async Engine,3978,1428.431205212,0.0338,fallback,STAGE_3,VELOCITY_LIMIT_BREACH
Dual-Frequency Async Engine,3979,1428.441921897,0.0445,intercepted,NONE,NONE
Dual-Frequency Async Engine,3980,1428.452735412,0.0553,none,NONE,NONE
Dual-Frequency Async Engine,3981,1428.463405833,0.066,none,NONE,NONE
Dual-Frequency Async Engine,3982,1428.474164376,0.0767,none,NONE,NONE
Dual-Frequency Async Engine,3983,1428.48474286,0.0873,intercepted,NONE,NONE
Dual-Frequency Async Engine,3984,1428.495493471,0.0981,fallback,STAGE_3,VELOCITY_LIMIT_BREACH
Dual-Frequency Async Engine,3985,1428.506236883,0.1088,none,NONE,NONE
Dual-Frequency Async Engine,3986,1428.516931049,0.1195,none,NONE,NONE
Dual-Frequency Async Engine,3987,1428.52774596,0.1303,none,NONE,NONE
Dual-Frequency Async Engine,3988,1428.538501044,0.1411,fallback,STAGE_1,JSON_OR_VALIDATION_ERROR
Dual-Frequency Async Engine,3989,1428.549238747,0.1518,intercepted,NONE,NONE
Dual-Frequency Async Engine,3990,1428.559937135,0.1625,none,NONE,NONE
Dual-Frequency Async Engine,3991,1428.570639794,0.1732,intercepted,NONE,NONE
Dual-Frequency Async Engine,3992,1428.581505596,0.1841,none,NONE,NONE
Dual-Frequency Async Engine,3993,1428.592202993,0.1948,none,NONE,NONE
Dual-Frequency Async Engine,3994,1428.603257271,0.2058,none,NONE,NONE
Dual-Frequency Async Engine,3995,1428.613983015,0.2166,intercepted,NONE,NONE
Dual-Frequency Async Engine,3996,1428.624801264,0.2274,none,NONE,NONE
Dual-Frequency Async Engine,3997,1428.635648214,0.2382,fallback,STAGE_3,VELOCITY_LIMIT_BREACH
Dual-Frequency Async Engine,3998,1428.646642223,0.2492,fallback,STAGE_3,VELOCITY_LIMIT_BREACH
Dual-Frequency Async Engine,3999,1428.657474393,0.26,none,NONE,NONE
Dual-Frequency Async Engine,4000,1428.66826053,0.2708,none,NONE,NONE
Dual-Frequency Async Engine,4001,1428.67889242,0.2815,none,NONE,NONE
Dual-Frequency Async Engine,4002,1428.689577644,0.2921,none,NONE,NONE
Dual-Frequency Async Engine,4003,1428.700250622,0.3028,none,NONE,NONE
Dual-Frequency Async Engine,4004,1428.711136596,0.3137,none,NONE,NONE
Dual-Frequency Async Engine,4005,1428.721832275,0.3244,intercepted,NONE,NONE
Dual-Frequency Async Engine,4006,1428.732599801,0.3352,none,NONE,NONE
Dual-Frequency Async Engine,4007,1428.743277325,0.3458,none,NONE,NONE
Dual-Frequency Async Engine,4008,1428.753917699,0.3565,none,NONE,NONE
Dual-Frequency Async Engine,4009,1428.764617451,0.3672,none,NONE,NONE
Dual-Frequency Async Engine,4010,1428.775534401,0.3781,none,NONE,NONE
Dual-Frequency Async Engine,4011,1428.786213704,0.3888,none,NONE,NONE
Dual-Frequency Async Engine,4012,1428.796875284,0.3994,fallback,STAGE_1,JSON_OR_VALIDATION_ERROR
Dual-Frequency Async Engine,4013,1428.807573283,0.4101,none,NONE,NONE
Dual-Frequency Async Engine,4014,1428.818370111,0.4209,none,NONE,NONE
Dual-Frequency Async Engine,4015,1428.829226789,0.4318,none,NONE,NONE
Dual-Frequency Async Engine,4016,1428.839967373,0.4425,none,NONE,NONE
Dual-Frequency Async Engine,4017,1428.85066019,0.4532,none,NONE,NONE
Dual-Frequency Async Engine,4018,1428.861507729,0.4641,none,NONE,NONE
Dual-Frequency Async Engine,4019,1428.872332906,0.4749,none,NONE,NONE
Dual-Frequency Async Engine,4020,1428.883203665,0.4858,fallback,STAGE_3,VELOCITY_LIMIT_BREACH
Dual-Frequency Async Engine,4021,1428.89390621,0.4965,intercepted,NONE,NONE
Dual-Frequency Async Engine,4022,1428.90526993,0.0078,none,NONE,NONE
Dual-Frequency Async Engine,4023,1428.915932951,0.0184,none,NONE,NONE
Dual-Frequency Async Engine,4024,1428.926682088,0.0292,intercepted,NONE,NONE
Dual-Frequency Async Engine,4025,1428.937561507,0.0401,none,NONE,NONE
Dual-Frequency Async Engine,4026,1428.948584202,0.0511,fallback,STAGE_3,VELOCITY_LIMIT_BREACH
Dual-Frequency Async Engine,4027,1428.959276719,0.0618,none,NONE,NONE
Dual-Frequency Async Engine,4028,1428.96994728,0.0725,intercepted,NONE,NONE
Dual-Frequency Async Engine,4029,1428.980721501,0.0832,fallback,STAGE_3,VELOCITY_LIMIT_BREACH
Dual-Frequency Async Engine,4030,1428.991508823,0.094,fallback,STAGE_1,JSON_OR_VALIDATION_ERROR
Dual-Frequency Async Engine,4031,1429.002283177,0.1048,none,NONE,NONE
Dual-Frequency Async Engine,4032,1429.012849536,0.1154,none,NONE,NONE
Dual-Frequency Async Engine,4033,1429.023471808,0.126,fallback,STAGE_3,VELOCITY_LIMIT_BREACH
Dual-Frequency Async Engine,4034,1429.034180619,0.1367,none,NONE,NONE
Dual-Frequency Async Engine,4035,1429.044812814,0.1473,none,NONE,NONE
Dual-Frequency Async Engine,4036,1429.055610893,0.1581,none,NONE,NONE
Dual-Frequency Async Engine,4037,1429.066265826,0.1688,none,NONE,NONE
Dual-Frequency Async Engine,4038,1429.076941513,0.1794,none,NONE,NONE
Dual-Frequency Async Engine,4039,1429.087653275,0.1902,none,NONE,NONE
Dual-Frequency Async Engine,4040,1429.09872989,0.2012,none,NONE,NONE
Dual-Frequency Async Engine,4041,1429.109494895,0.212,fallback,STAGE_3,VELOCITY_LIMIT_BREACH
Dual-Frequency Async Engine,4042,1429.120354861,0.2229,none,NONE,NONE
Dual-Frequency Async Engine,4043,1429.13107745,0.2336,none,NONE,NONE
Dual-Frequency Async Engine,4044,1429.141585764,0.2441,none,NONE,NONE
Dual-Frequency Async Engine,4045,1429.152213241,0.2547,fallback,STAGE_3,VELOCITY_LIMIT_BREACH
Dual-Frequency Async Engine,4046,1429.162821724,0.2653,none,NONE,NONE
Dual-Frequency Async Engine,4047,1429.173452932,0.276,none,NONE,NONE
Dual-Frequency Async Engine,4048,1429.184095751,0.2866,intercepted,NONE,NONE
Dual-Frequency Async Engine,4049,1429.194771807,0.2973,fallback,STAGE_3,VELOCITY_LIMIT_BREACH
Dual-Frequency Async Engine,4050,1429.205487505,0.308,intercepted,NONE,NONE
Dual-Frequency Async Engine,4051,1429.216132288,0.3186,none,NONE,NONE
Dual-Frequency Async Engine,4052,1429.226736406,0.3292,none,NONE,NONE
Dual-Frequency Async Engine,4053,1429.237517673,0.34,none,NONE,NONE
Dual-Frequency Async Engine,4054,1429.248153453,0.3507,fallback,STAGE_3,VELOCITY_LIMIT_BREACH
Dual-Frequency Async Engine,4055,1429.258706949,0.3612,fallback,STAGE_3,VELOCITY_LIMIT_BREACH
Dual-Frequency Async Engine,4056,1429.269475435,0.372,intercepted,NONE,NONE
Dual-Frequency Async Engine,4057,1429.280063037,0.3826,none,NONE,NONE
Dual-Frequency Async Engine,4058,1429.290619486,0.3931,none,NONE,NONE
Dual-Frequency Async Engine,4059,1429.301190799,0.4037,none,NONE,NONE
Dual-Frequency Async Engine,4060,1429.311734053,0.4142,none,NONE,NONE
Dual-Frequency Async Engine,4061,1429.32233624,0.4248,intercepted,NONE,NONE
Dual-Frequency Async Engine,4062,1429.332847916,0.4354,fallback,STAGE_3,VELOCITY_LIMIT_BREACH
Dual-Frequency Async Engine,4063,1429.343429351,0.4459,none,NONE,NONE
Dual-Frequency Async Engine,4064,1429.353936419,0.4564,none,NONE,NONE
Dual-Frequency Async Engine,4065,1429.3644321,0.4669,none,NONE,NONE
Dual-Frequency Async Engine,4066,1429.374975493,0.4775,fallback,STAGE_3,VELOCITY_LIMIT_BREACH
Dual-Frequency Async Engine,4067,1429.385746036,0.4883,none,NONE,NONE
Dual-Frequency Async Engine,4068,1429.396490268,0.499,none,NONE,NONE
Dual-Frequency Async Engine,4069,1429.407674167,0.0096,none,NONE,NONE
Dual-Frequency Async Engine,4070,1429.418314887,0.0202,intercepted,NONE,NONE
Dual-Frequency Async Engine,4071,1429.42888226,0.0308,intercepted,NONE,NONE
Dual-Frequency Async Engine,4072,1429.439484182,0.0414,fallback,STAGE_3,VELOCITY_LIMIT_BREACH
Dual-Frequency Async Engine,4073,1429.450057459,0.0519,none,NONE,NONE
Dual-Frequency Async Engine,4074,1429.460770391,0.0627,none,NONE,NONE
Dual-Frequency Async Engine,4075,1429.471490222,0.0734,none,NONE,NONE
Dual-Frequency Async Engine,4076,1429.482476065,0.0844,none,NONE,NONE
Dual-Frequency Async Engine,4077,1429.493047699,0.0949,none,NONE,NONE
Dual-Frequency Async Engine,4078,1429.503560755,0.1054,fallback,STAGE_3,VELOCITY_LIMIT_BREACH
Dual-Frequency Async Engine,4079,1429.514145587,0.116,none,NONE,NONE
Dual-Frequency Async Engine,4080,1429.524729206,0.1266,fallback,STAGE_3,VELOCITY_LIMIT_BREACH
Dual-Frequency Async Engine,4081,1429.535550248,0.1374,fallback,STAGE_3,VELOCITY_LIMIT_BREACH
Dual-Frequency Async Engine,4082,1429.546153405,0.148,intercepted,NONE,NONE
Dual-Frequency Async Engine,4083,1429.556811278,0.1587,fallback,STAGE_3,VELOCITY_LIMIT_BREACH
Dual-Frequency Async Engine,4084,1429.567495453,0.1694,none,NONE,NONE
Dual-Frequency Async Engine,4085,1429.578127301,0.18,none,NONE,NONE
Dual-Frequency Async Engine,4086,1429.588742986,0.1906,fallback,STAGE_3,VELOCITY_LIMIT_BREACH
Dual-Frequency Async Engine,4087,1429.599703278,0.2016,intercepted,NONE,NONE
Dual-Frequency Async Engine,4088,1429.610169438,0.2121,none,NONE,NONE
Dual-Frequency Async Engine,4089,1429.620702275,0.2226,none,NONE,NONE
Dual-Frequency Async Engine,4090,1429.631393168,0.2333,none,NONE,NONE
Dual-Frequency Async Engine,4091,1429.641957769,0.2438,none,NONE,NONE
Dual-Frequency Async Engine,4092,1429.652673402,0.2546,none,NONE,NONE
Dual-Frequency Async Engine,4093,1429.663405479,0.2653,none,NONE,NONE
Dual-Frequency Async Engine,4094,1429.674132409,0.276,fallback,STAGE_3,VELOCITY_LIMIT_BREACH
Dual-Frequency Async Engine,4095,1429.684746413,0.2866,intercepted,NONE,NONE
Dual-Frequency Async Engine,4096,1429.695429141,0.2973,intercepted,NONE,NONE
Dual-Frequency Async Engine,4097,1429.705971427,0.3079,intercepted,NONE,NONE
Dual-Frequency Async Engine,4098,1429.716634331,0.3185,fallback,STAGE_3,VELOCITY_LIMIT_BREACH
Dual-Frequency Async Engine,4099,1429.727198496,0.3291,intercepted,NONE,NONE
Dual-Frequency Async Engine,4100,1429.737772658,0.3397,none,NONE,NONE
Dual-Frequency Async Engine,4101,1429.748542621,0.3504,none,NONE,NONE
Dual-Frequency Async Engine,4102,1429.75918503,0.3611,none,NONE,NONE
Dual-Frequency Async Engine,4103,1429.770375202,0.3723,intercepted,NONE,NONE
Dual-Frequency Async Engine,4104,1429.781107534,0.383,fallback,STAGE_3,VELOCITY_LIMIT_BREACH
Dual-Frequency Async Engine,4105,1429.791655302,0.3935,none,NONE,NONE
Dual-Frequency Async Engine,4106,1429.802156212,0.404,none,NONE,NONE
Dual-Frequency Async Engine,4107,1429.812733384,0.4146,none,NONE,NONE
Dual-Frequency Async Engine,4108,1429.82346302,0.4254,fallback,STAGE_1,JSON_OR_VALIDATION_ERROR
Dual-Frequency Async Engine,4109,1429.834091043,0.436,intercepted,NONE,NONE
Dual-Frequency Async Engine,4110,1429.844663241,0.4466,none,NONE,NONE
Dual-Frequency Async Engine,4111,1429.855398029,0.4573,intercepted,NONE,NONE
Dual-Frequency Async Engine,4112,1429.865950375,0.4678,none,NONE,NONE
Dual-Frequency Async Engine,4113,1429.876527404,0.4784,none,NONE,NONE
Dual-Frequency Async Engine,4114,1429.887147056,0.489,none,NONE,NONE
Dual-Frequency Async Engine,4115,1429.897795598,0.4997,intercepted,NONE,NONE
Dual-Frequency Async Engine,4116,1429.908908422,0.0095,none,NONE,NONE
Dual-Frequency Async Engine,4117,1429.919417062,0.02,fallback,STAGE_3,VELOCITY_LIMIT_BREACH
Dual-Frequency Async Engine,4118,1429.929873079,0.0304,fallback,STAGE_3,VELOCITY_LIMIT_BREACH
Dual-Frequency Async Engine,4119,1429.940351415,0.0409,none,NONE,NONE
Dual-Frequency Async Engine,4120,1429.950807079,0.0514,none,NONE,NONE
Dual-Frequency Async Engine,4121,1429.961376949,0.0619,none,NONE,NONE
Dual-Frequency Async Engine,4122,1429.971856193,0.0724,none,NONE,NONE
Dual-Frequency Async Engine,4123,1429.982446157,0.083,none,NONE,NONE
Dual-Frequency Async Engine,4124,1429.992987986,0.0935,none,NONE,NONE
Dual-Frequency Async Engine,4125,1430.003626679,0.1042,intercepted,NONE,NONE
Dual-Frequency Async Engine,4126,1430.014196131,0.1147,none,NONE,NONE
Dual-Frequency Async Engine,4127,1430.024884454,0.1254,none,NONE,NONE
Dual-Frequency Async Engine,4128,1430.035400081,0.136,none,NONE,NONE
Dual-Frequency Async Engine,4129,1430.046085184,0.1466,none,NONE,NONE
Dual-Frequency Async Engine,4130,1430.056626769,0.1572,none,NONE,NONE
Dual-Frequency Async Engine,4131,1430.067191511,0.1677,none,NONE,NONE
Dual-Frequency Async Engine,4132,1430.077700195,0.1783,fallback,STAGE_1,JSON_OR_VALIDATION_ERROR
Dual-Frequency Async Engine,4133,1430.088165022,0.1887,none,NONE,NONE
Dual-Frequency Async Engine,4134,1430.098675643,0.1992,none,NONE,NONE
Dual-Frequency Async Engine,4135,1430.109329568,0.2099,none,NONE,NONE
Dual-Frequency Async Engine,4136,1430.119860508,0.2204,none,NONE,NONE
Dual-Frequency Async Engine,4137,1430.130425015,0.231,none,NONE,NONE
Dual-Frequency Async Engine,4138,1430.140967344,0.2415,none,NONE,NONE
Dual-Frequency Async Engine,4139,1430.151733511,0.2523,none,NONE,NONE
Dual-Frequency Async Engine,4140,1430.162321603,0.2629,fallback,STAGE_3,VELOCITY_LIMIT_BREACH
Dual-Frequency Async Engine,4141,1430.172876818,0.2734,intercepted,NONE,NONE
Dual-Frequency Async Engine,4142,1430.183402448,0.284,none,NONE,NONE
Dual-Frequency Async Engine,4143,1430.193948618,0.2945,none,NONE,NONE
Dual-Frequency Async Engine,4144,1430.204557628,0.3051,intercepted,NONE,NONE
Dual-Frequency Async Engine,4145,1430.215165005,0.3157,none,NONE,NONE
Dual-Frequency Async Engine,4146,1430.22570967,0.3263,fallback,STAGE_3,VELOCITY_LIMIT_BREACH
Dual-Frequency Async Engine,4147,1430.236283103,0.3368,none,NONE,NONE
Dual-Frequency Async Engine,4148,1430.246901855,0.3475,intercepted,NONE,NONE
Dual-Frequency Async Engine,4149,1430.257538385,0.3581,fallback,STAGE_3,VELOCITY_LIMIT_BREACH
Dual-Frequency Async Engine,4150,1430.268140582,0.3687,fallback,STAGE_1,JSON_OR_VALIDATION_ERROR
Dual-Frequency Async Engine,4151,1430.278652824,0.3792,none,NONE,NONE
Dual-Frequency Async Engine,4152,1430.289186259,0.3897,none,NONE,NONE
Dual-Frequency Async Engine,4153,1430.299716806,0.4003,fallback,STAGE_3,VELOCITY_LIMIT_BREACH
Dual-Frequency Async Engine,4154,1430.310403911,0.411,none,NONE,NONE
Dual-Frequency Async Engine,4155,1430.320925573,0.4215,none,NONE,NONE
Dual-Frequency Async Engine,4156,1430.331533293,0.4321,none,NONE,NONE
Dual-Frequency Async Engine,4157,1430.342178698,0.4427,none,NONE,NONE
Dual-Frequency Async Engine,4158,1430.352774708,0.4533,none,NONE,NONE
Dual-Frequency Async Engine,4159,1430.363378488,0.4639,none,NONE,NONE
Dual-Frequency Async Engine,4160,1430.373901134,0.4745,none,NONE,NONE
Dual-Frequency Async Engine,4161,1430.384435257,0.485,fallback,STAGE_3,VELOCITY_LIMIT_BREACH
Dual-Frequency Async Engine,4162,1430.39495035,0.4955,none,NONE,NONE
Dual-Frequency Async Engine,4163,1430.405951738,0.0064,none,NONE,NONE
Dual-Frequency Async Engine,4164,1430.416481137,0.017,none,NONE,NONE
Dual-Frequency Async Engine,4165,1430.427110828,0.0276,fallback,STAGE_3,VELOCITY_LIMIT_BREACH
Dual-Frequency Async Engine,4166,1430.437725807,0.0382,none,NONE,NONE
Dual-Frequency Async Engine,4167,1430.448392875,0.0489,none,NONE,NONE
Dual-Frequency Async Engine,4168,1430.458809824,0.0593,intercepted,NONE,NONE
Dual-Frequency Async Engine,4169,1430.469295595,0.0698,fallback,STAGE_3,VELOCITY_LIMIT_BREACH
Dual-Frequency Async Engine,4170,1430.479781446,0.0803,intercepted,NONE,NONE
Dual-Frequency Async Engine,4171,1430.490369403,0.0909,none,NONE,NONE
Dual-Frequency Async Engine,4172,1430.501032942,0.1015,none,NONE,NONE
Dual-Frequency Async Engine,4173,1430.511627139,0.1121,none,NONE,NONE
Dual-Frequency Async Engine,4174,1430.522200489,0.1227,fallback,STAGE_3,VELOCITY_LIMIT_BREACH
Dual-Frequency Async Engine,4175,1430.532669381,0.1332,fallback,STAGE_3,VELOCITY_LIMIT_BREACH
Dual-Frequency Async Engine,4176,1430.543199933,0.1437,intercepted,NONE,NONE
Dual-Frequency Async Engine,4177,1430.553800033,0.1543,none,NONE,NONE
Dual-Frequency Async Engine,4178,1430.564508988,0.165,none,NONE,NONE
Dual-Frequency Async Engine,4179,1430.575176863,0.1757,none,NONE,NONE
Dual-Frequency Async Engine,4180,1430.585842318,0.1863,none,NONE,NONE
Dual-Frequency Async Engine,4181,1430.596381304,0.1969,intercepted,NONE,NONE
Dual-Frequency Async Engine,4182,1430.607201999,0.2077,fallback,STAGE_3,VELOCITY_LIMIT_BREACH
Dual-Frequency Async Engine,4183,1430.617711054,0.2182,none,NONE,NONE
Dual-Frequency Async Engine,4184,1430.628296021,0.2288,none,NONE,NONE
Dual-Frequency Async Engine,4185,1430.638819245,0.2393,none,NONE,NONE
Dual-Frequency Async Engine,4186,1430.64940152,0.2499,fallback,STAGE_3,VELOCITY_LIMIT_BREACH
Dual-Frequency Async Engine,4187,1430.659896269,0.2604,none,NONE,NONE
Dual-Frequency Async Engine,4188,1430.670408213,0.2709,none,NONE,NONE
Dual-Frequency Async Engine,4189,1430.681074248,0.2816,none,NONE,NONE
Dual-Frequency Async Engine,4190,1430.691606518,0.2921,intercepted,NONE,NONE
Dual-Frequency Async Engine,4191,1430.702138899,0.3026,intercepted,NONE,NONE
Dual-Frequency Async Engine,4192,1430.712827501,0.3133,fallback,STAGE_3,VELOCITY_LIMIT_BREACH
Dual-Frequency Async Engine,4193,1430.723437007,0.3239,none,NONE,NONE
Dual-Frequency Async Engine,4194,1430.733964106,0.3344,none,NONE,NONE
Dual-Frequency Async Engine,4195,1430.744641516,0.3451,none,NONE,NONE
Dual-Frequency Async Engine,4196,1430.755214214,0.3557,none,NONE,NONE
Dual-Frequency Async Engine,4197,1430.765862789,0.3663,none,NONE,NONE
Dual-Frequency Async Engine,4198,1430.776389983,0.3769,fallback,STAGE_3,VELOCITY_LIMIT_BREACH
Dual-Frequency Async Engine,4199,1430.786929654,0.3874,none,NONE,NONE
Dual-Frequency Async Engine,4200,1430.797467517,0.398,fallback,STAGE_3,VELOCITY_LIMIT_BREACH
Dual-Frequency Async Engine,4201,1430.808083689,0.4086,fallback,STAGE_3,VELOCITY_LIMIT_BREACH
Dual-Frequency Async Engine,4202,1430.818632917,0.4191,intercepted,NONE,NONE
Dual-Frequency Async Engine,4203,1430.829357288,0.4298,fallback,STAGE_3,VELOCITY_LIMIT_BREACH
Dual-Frequency Async Engine,4204,1430.839859795,0.4403,none,NONE,NONE
Dual-Frequency Async Engine,4205,1430.850479837,0.451,none,NONE,NONE
Dual-Frequency Async Engine,4206,1430.861106431,0.4616,fallback,STAGE_3,VELOCITY_LIMIT_BREACH
Dual-Frequency Async Engine,4207,1430.871640784,0.4721,intercepted,NONE,NONE
Dual-Frequency Async Engine,4208,1430.882218964,0.4827,none,NONE,NONE
Dual-Frequency Async Engine,4209,1430.892873366,0.4934,none,NONE,NONE
Dual-Frequency Async Engine,4210,1430.903877082,0.0032,none,NONE,NONE
Dual-Frequency Async Engine,4211,1430.914447372,0.0138,none,NONE,NONE
Dual-Frequency Async Engine,4212,1430.924987454,0.0244,none,NONE,NONE
Dual-Frequency Async Engine,4213,1430.935642913,0.035,none,NONE,NONE
Dual-Frequency Async Engine,4214,1430.946303891,0.0457,fallback,STAGE_3,VELOCITY_LIMIT_BREACH
Dual-Frequency Async Engine,4215,1430.956899928,0.0563,intercepted,NONE,NONE
Dual-Frequency Async Engine,4216,1430.967381895,0.0667,intercepted,NONE,NONE
Dual-Frequency Async Engine,4217,1430.977915434,0.0773,intercepted,NONE,NONE
Dual-Frequency Async Engine,4218,1430.988384002,0.0877,fallback,STAGE_3,VELOCITY_LIMIT_BREACH
Dual-Frequency Async Engine,4219,1430.998909685,0.0983,intercepted,NONE,NONE
Dual-Frequency Async Engine,4220,1431.009529415,0.1089,none,NONE,NONE
Dual-Frequency Async Engine,4221,1431.020156858,0.1195,none,NONE,NONE
Dual-Frequency Async Engine,4222,1431.030734665,0.1301,none,NONE,NONE
Dual-Frequency Async Engine,4223,1431.041437257,0.1408,intercepted,NONE,NONE
Dual-Frequency Async Engine,4224,1431.052134978,0.1515,fallback,STAGE_3,VELOCITY_LIMIT_BREACH
Dual-Frequency Async Engine,4225,1431.062734691,0.1621,none,NONE,NONE
Dual-Frequency Async Engine,4226,1431.073336606,0.1727,none,NONE,NONE
Dual-Frequency Async Engine,4227,1431.083872445,0.1832,none,NONE,NONE
Dual-Frequency Async Engine,4228,1431.094432002,0.1938,fallback,STAGE_1,JSON_OR_VALIDATION_ERROR
Dual-Frequency Async Engine,4229,1431.104996092,0.2044,intercepted,NONE,NONE
Dual-Frequency Async Engine,4230,1431.115630343,0.215,none,NONE,NONE
Dual-Frequency Async Engine,4231,1431.126202448,0.2256,intercepted,NONE,NONE
Dual-Frequency Async Engine,4232,1431.136690817,0.2361,none,NONE,NONE
Dual-Frequency Async Engine,4233,1431.147451334,0.2468,none,NONE,NONE
Dual-Frequency Async Engine,4234,1431.157983535,0.2573,none,NONE,NONE
Dual-Frequency Async Engine,4235,1431.168481761,0.2678,intercepted,NONE,NONE
Dual-Frequency Async Engine,4236,1431.179051715,0.2784,none,NONE,NONE
Dual-Frequency Async Engine,4237,1431.189559766,0.2889,fallback,STAGE_3,VELOCITY_LIMIT_BREACH
Dual-Frequency Async Engine,4238,1431.200182598,0.2995,fallback,STAGE_3,VELOCITY_LIMIT_BREACH
Dual-Frequency Async Engine,4239,1431.210785789,0.3101,none,NONE,NONE
Dual-Frequency Async Engine,4240,1431.221478047,0.3208,none,NONE,NONE
Dual-Frequency Async Engine,4241,1431.232105781,0.3315,none,NONE,NONE
Dual-Frequency Async Engine,4242,1431.242687063,0.3421,none,NONE,NONE
Dual-Frequency Async Engine,4243,1431.253497719,0.3529,none,NONE,NONE
Dual-Frequency Async Engine,4244,1431.264062177,0.3634,none,NONE,NONE
Dual-Frequency Async Engine,4245,1431.274619985,0.374,intercepted,NONE,NONE
Dual-Frequency Async Engine,4246,1431.285207197,0.3846,none,NONE,NONE
Dual-Frequency Async Engine,4247,1431.295791646,0.3952,none,NONE,NONE
Dual-Frequency Async Engine,4248,1431.306491631,0.4059,none,NONE,NONE
Dual-Frequency Async Engine,4249,1431.317138107,0.4165,none,NONE,NONE
Dual-Frequency Async Engine,4250,1431.327693655,0.4271,none,NONE,NONE
Dual-Frequency Async Engine,4251,1431.33818531,0.4375,none,NONE,NONE
Dual-Frequency Async Engine,4252,1431.348714863,0.4481,fallback,STAGE_1,JSON_OR_VALIDATION_ERROR
Dual-Frequency Async Engine,4253,1431.359313818,0.4587,none,NONE,NONE
Dual-Frequency Async Engine,4254,1431.369838641,0.4692,none,NONE,NONE
Dual-Frequency Async Engine,4255,1431.380435055,0.4798,none,NONE,NONE
Dual-Frequency Async Engine,4256,1431.391127478,0.4905,none,NONE,NONE
Dual-Frequency Async Engine,4257,1431.40228879,0.0012,none,NONE,NONE
Dual-Frequency Async Engine,4258,1431.412791766,0.0117,none,NONE,NONE
Dual-Frequency Async Engine,4259,1431.423503393,0.0224,none,NONE,NONE
Dual-Frequency Async Engine,4260,1431.434101385,0.033,fallback,STAGE_3,VELOCITY_LIMIT_BREACH
Dual-Frequency Async Engine,4261,1431.444682695,0.0436,intercepted,NONE,NONE
Dual-Frequency Async Engine,4262,1431.455397066,0.0543,none,NONE,NONE
Dual-Frequency Async Engine,4263,1431.465998322,0.065,none,NONE,NONE
Dual-Frequency Async Engine,4264,1431.476661489,0.0756,intercepted,NONE,NONE
Dual-Frequency Async Engine,4265,1431.487216963,0.0861,none,NONE,NONE
Dual-Frequency Async Engine,4266,1431.497921755,0.0968,fallback,STAGE_3,VELOCITY_LIMIT_BREACH
Dual-Frequency Async Engine,4267,1431.508484928,0.1074,none,NONE,NONE
Dual-Frequency Async Engine,4268,1431.519086305,0.118,intercepted,NONE,NONE
Dual-Frequency Async Engine,4269,1431.529639847,0.1285,fallback,STAGE_3,VELOCITY_LIMIT_BREACH
Dual-Frequency Async Engine,4270,1431.540429694,0.1393,fallback,STAGE_1,JSON_OR_VALIDATION_ERROR
Dual-Frequency Async Engine,4271,1431.550970852,0.1499,none,NONE,NONE
Dual-Frequency Async Engine,4272,1431.561582835,0.1605,none,NONE,NONE
Dual-Frequency Async Engine,4273,1431.572133766,0.171,fallback,STAGE_3,VELOCITY_LIMIT_BREACH
Dual-Frequency Async Engine,4274,1431.582749999,0.1816,none,NONE,NONE
Dual-Frequency Async Engine,4275,1431.593344334,0.1922,none,NONE,NONE
Dual-Frequency Async Engine,4276,1431.604130968,0.203,none,NONE,NONE
Dual-Frequency Async Engine,4277,1431.614651718,0.2135,none,NONE,NONE
Dual-Frequency Async Engine,4278,1431.625366097,0.2243,none,NONE,NONE
Dual-Frequency Async Engine,4279,1431.636074356,0.235,none,NONE,NONE
Dual-Frequency Async Engine,4280,1431.646712107,0.2456,none,NONE,NONE
Dual-Frequency Async Engine,4281,1431.657424027,0.2563,fallback,STAGE_3,VELOCITY_LIMIT_BREACH
Dual-Frequency Async Engine,4282,1431.668097592,0.267,none,NONE,NONE
Dual-Frequency Async Engine,4283,1431.678752821,0.2776,none,NONE,NONE
Dual-Frequency Async Engine,4284,1431.689361711,0.2883,none,NONE,NONE
Dual-Frequency Async Engine,4285,1431.699876148,0.2988,fallback,STAGE_3,VELOCITY_LIMIT_BREACH
Dual-Frequency Async Engine,4286,1431.710477537,0.3094,none,NONE,NONE
Dual-Frequency Async Engine,4287,1431.721080784,0.32,none,NONE,NONE
Dual-Frequency Async Engine,4288,1431.73166308,0.3306,intercepted,NONE,NONE
Dual-Frequency Async Engine,4289,1431.742403279,0.3413,fallback,STAGE_3,VELOCITY_LIMIT_BREACH
Dual-Frequency Async Engine,4290,1431.753093781,0.352,intercepted,NONE,NONE
Dual-Frequency Async Engine,4291,1431.763612879,0.3625,none,NONE,NONE
Dual-Frequency Async Engine,4292,1431.774175864,0.3731,none,NONE,NONE
Dual-Frequency Async Engine,4293,1431.784764161,0.3837,none,NONE,NONE
Dual-Frequency Async Engine,4294,1431.795556103,0.3944,fallback,STAGE_3,VELOCITY_LIMIT_BREACH
Dual-Frequency Async Engine,4295,1431.806227469,0.4051,fallback,STAGE_3,VELOCITY_LIMIT_BREACH
Dual-Frequency Async Engine,4296,1431.816806738,0.4157,intercepted,NONE,NONE
Dual-Frequency Async Engine,4297,1431.827476316,0.4264,none,NONE,NONE
Dual-Frequency Async Engine,4298,1431.838119678,0.437,none,NONE,NONE
Dual-Frequency Async Engine,4299,1431.848755628,0.4476,none,NONE,NONE
Dual-Frequency Async Engine,4300,1431.859364097,0.4583,none,NONE,NONE
Dual-Frequency Async Engine,4301,1431.869925622,0.4688,intercepted,NONE,NONE
Dual-Frequency Async Engine,4302,1431.880535633,0.4794,fallback,STAGE_3,VELOCITY_LIMIT_BREACH
Dual-Frequency Async Engine,4303,1431.89117476,0.4901,none,NONE,NONE
Dual-Frequency Async Engine,4304,1431.902168287,0.0,none,NONE,NONE
Dual-Frequency Async Engine,4305,1431.912803775,0.0107,none,NONE,NONE
Dual-Frequency Async Engine,4306,1431.923440983,0.0213,fallback,STAGE_3,VELOCITY_LIMIT_BREACH
Dual-Frequency Async Engine,4307,1431.933976883,0.0318,none,NONE,NONE
Dual-Frequency Async Engine,4308,1431.944650652,0.0425,none,NONE,NONE
Dual-Frequency Async Engine,4309,1431.955308639,0.0532,none,NONE,NONE
Dual-Frequency Async Engine,4310,1431.965917077,0.0638,intercepted,NONE,NONE
Dual-Frequency Async Engine,4311,1431.9764751,0.0743,intercepted,NONE,NONE
Dual-Frequency Async Engine,4312,1431.987145974,0.085,fallback,STAGE_3,VELOCITY_LIMIT_BREACH
Dual-Frequency Async Engine,4313,1431.99775701,0.0956,none,NONE,NONE
Dual-Frequency Async Engine,4314,1432.008483881,0.1063,none,NONE,NONE
Dual-Frequency Async Engine,4315,1432.019114664,0.117,none,NONE,NONE
Dual-Frequency Async Engine,4316,1432.029763063,0.1276,none,NONE,NONE
Dual-Frequency Async Engine,4317,1432.040456194,0.1383,none,NONE,NONE
Dual-Frequency Async Engine,4318,1432.051108927,0.149,fallback,STAGE_3,VELOCITY_LIMIT_BREACH
Dual-Frequency Async Engine,4319,1432.061719136,0.1596,none,NONE,NONE
Dual-Frequency Async Engine,4320,1432.072438856,0.1703,fallback,STAGE_3,VELOCITY_LIMIT_BREACH
Dual-Frequency Async Engine,4321,1432.083075266,0.1809,fallback,STAGE_3,VELOCITY_LIMIT_BREACH
Dual-Frequency Async Engine,4322,1432.093650505,0.1915,intercepted,NONE,NONE
Dual-Frequency Async Engine,4323,1432.10468959,0.2025,fallback,STAGE_3,VELOCITY_LIMIT_BREACH
Dual-Frequency Async Engine,4324,1432.115219134,0.2131,none,NONE,NONE
Dual-Frequency Async Engine,4325,1432.125824347,0.2237,none,NONE,NONE
Dual-Frequency Async Engine,4326,1432.136522939,0.2344,fallback,STAGE_3,VELOCITY_LIMIT_BREACH
Dual-Frequency Async Engine,4327,1432.14718164,0.245,intercepted,NONE,NONE
Dual-Frequency Async Engine,4328,1432.15770963,0.2556,none,NONE,NONE
Dual-Frequency Async Engine,4329,1432.168402056,0.2663,none,NONE,NONE
Dual-Frequency Async Engine,4330,1432.178996927,0.2769,none,NONE,NONE
Dual-Frequency Async Engine,4331,1432.189640252,0.2875,none,NONE,NONE
Dual-Frequency Async Engine,4332,1432.200185795,0.298,none,NONE,NONE
Dual-Frequency Async Engine,4333,1432.210922147,0.3088,none,NONE,NONE
Dual-Frequency Async Engine,4334,1432.221668371,0.3195,fallback,STAGE_3,VELOCITY_LIMIT_BREACH
Dual-Frequency Async Engine,4335,1432.232494731,0.3304,intercepted,NONE,NONE
Dual-Frequency Async Engine,4336,1432.243309196,0.3412,intercepted,NONE,NONE
Dual-Frequency Async Engine,4337,1432.254208903,0.3521,intercepted,NONE,NONE
Dual-Frequency Async Engine,4338,1432.264859659,0.3627,fallback,STAGE_3,VELOCITY_LIMIT_BREACH
Dual-Frequency Async Engine,4339,1432.275729245,0.3736,intercepted,NONE,NONE
Dual-Frequency Async Engine,4340,1432.286636617,0.3845,none,NONE,NONE
Dual-Frequency Async Engine,4341,1432.297588008,0.3954,none,NONE,NONE
Dual-Frequency Async Engine,4342,1432.308407942,0.4063,none,NONE,NONE
Dual-Frequency Async Engine,4343,1432.319269564,0.4171,intercepted,NONE,NONE
Dual-Frequency Async Engine,4344,1432.329959691,0.4278,fallback,STAGE_3,VELOCITY_LIMIT_BREACH
Dual-Frequency Async Engine,4345,1432.34069091,0.4385,none,NONE,NONE
Dual-Frequency Async Engine,4346,1432.351567647,0.4494,none,NONE,NONE
Dual-Frequency Async Engine,4347,1432.362321275,0.4602,none,NONE,NONE
Dual-Frequency Async Engine,4348,1432.373406781,0.4713,fallback,STAGE_1,JSON_OR_VALIDATION_ERROR
Dual-Frequency Async Engine,4349,1432.384296875,0.4822,intercepted,NONE,NONE
Dual-Frequency Async Engine,4350,1432.39513602,0.493,none,NONE,NONE
Dual-Frequency Async Engine,4351,1432.40559668,0.0033,intercepted,NONE,NONE
Dual-Frequency Async Engine,4352,1432.416477367,0.0142,none,NONE,NONE
Dual-Frequency Async Engine,4353,1432.427337163,0.0251,none,NONE,NONE
Dual-Frequency Async Engine,4354,1432.438162537,0.0359,none,NONE,NONE
Dual-Frequency Async Engine,4355,1432.448812702,0.0465,intercepted,NONE,NONE
Dual-Frequency Async Engine,4356,1432.459559077,0.0573,none,NONE,NONE
Dual-Frequency Async Engine,4357,1432.470229105,0.068,fallback,STAGE_3,VELOCITY_LIMIT_BREACH
Dual-Frequency Async Engine,4358,1432.480826656,0.0785,fallback,STAGE_3,VELOCITY_LIMIT_BREACH
Dual-Frequency Async Engine,4359,1432.491629737,0.0894,none,NONE,NONE
Dual-Frequency Async Engine,4360,1432.502398063,0.1001,none,NONE,NONE
Dual-Frequency Async Engine,4361,1432.513291414,0.111,none,NONE,NONE
Dual-Frequency Async Engine,4362,1432.524129153,0.1219,none,NONE,NONE
Dual-Frequency Async Engine,4363,1432.534826697,0.1325,none,NONE,NONE
Dual-Frequency Async Engine,4364,1432.545509333,0.1432,none,NONE,NONE
Dual-Frequency Async Engine,4365,1432.55619158,0.1539,intercepted,NONE,NONE
Dual-Frequency Async Engine,4366,1432.566854186,0.1646,none,NONE,NONE
Dual-Frequency Async Engine,4367,1432.577564777,0.1753,none,NONE,NONE
Dual-Frequency Async Engine,4368,1432.588440935,0.1862,none,NONE,NONE
Dual-Frequency Async Engine,4369,1432.59921714,0.1969,none,NONE,NONE
Dual-Frequency Async Engine,4370,1432.610246053,0.208,none,NONE,NONE
Dual-Frequency Async Engine,4371,1432.620959331,0.2187,none,NONE,NONE
Dual-Frequency Async Engine,4372,1432.631660923,0.2294,fallback,STAGE_1,JSON_OR_VALIDATION_ERROR
Dual-Frequency Async Engine,4373,1432.642536285,0.2403,none,NONE,NONE
Dual-Frequency Async Engine,4374,1432.653266019,0.251,none,NONE,NONE
Dual-Frequency Async Engine,4375,1432.663902227,0.2616,none,NONE,NONE
Dual-Frequency Async Engine,4376,1432.674660941,0.2724,none,NONE,NONE
Dual-Frequency Async Engine,4377,1432.685482255,0.2832,none,NONE,NONE
Dual-Frequency Async Engine,4378,1432.696320784,0.294,none,NONE,NONE
Dual-Frequency Async Engine,4379,1432.707143136,0.3049,none,NONE,NONE
Dual-Frequency Async Engine,4380,1432.71787615,0.3156,fallback,STAGE_3,VELOCITY_LIMIT_BREACH
Dual-Frequency Async Engine,4381,1432.728572905,0.3263,intercepted,NONE,NONE
Dual-Frequency Async Engine,4382,1432.739413056,0.3371,none,NONE,NONE
Dual-Frequency Async Engine,4383,1432.750220736,0.3479,none,NONE,NONE
Dual-Frequency Async Engine,4384,1432.760859277,0.3586,intercepted,NONE,NONE
Dual-Frequency Async Engine,4385,1432.771599526,0.3693,none,NONE,NONE
Dual-Frequency Async Engine,4386,1432.782386912,0.3801,fallback,STAGE_3,VELOCITY_LIMIT_BREACH
Dual-Frequency Async Engine,4387,1432.793167182,0.3909,none,NONE,NONE
Dual-Frequency Async Engine,4388,1432.803820156,0.4015,intercepted,NONE,NONE
Dual-Frequency Async Engine,4389,1432.814528224,0.4123,fallback,STAGE_3,VELOCITY_LIMIT_BREACH
Dual-Frequency Async Engine,4390,1432.825276576,0.423,fallback,STAGE_1,JSON_OR_VALIDATION_ERROR
Dual-Frequency Async Engine,4391,1432.835954944,0.4337,none,NONE,NONE
Dual-Frequency Async Engine,4392,1432.846661021,0.4444,none,NONE,NONE
Dual-Frequency Async Engine,4393,1432.857463112,0.4552,fallback,STAGE_3,VELOCITY_LIMIT_BREACH
Dual-Frequency Async Engine,4394,1432.86827542,0.466,none,NONE,NONE
Dual-Frequency Async Engine,4395,1432.878928255,0.4766,none,NONE,NONE
Dual-Frequency Async Engine,4396,1432.889712654,0.4874,none,NONE,NONE
Dual-Frequency Async Engine,4397,1432.900485301,0.4982,none,NONE,NONE
Dual-Frequency Async Engine,4398,1432.910905875,0.0066,none,NONE,NONE
Dual-Frequency Async Engine,4399,1432.921480826,0.0172,none,NONE,NONE
Dual-Frequency Async Engine,4400,1432.93224021,0.028,none,NONE,NONE
Dual-Frequency Async Engine,4401,1432.942934136,0.0387,fallback,STAGE_3,VELOCITY_LIMIT_BREACH
Dual-Frequency Async Engine,4402,1432.953764651,0.0495,none,NONE,NONE
Dual-Frequency Async Engine,4403,1432.964549607,0.0603,none,NONE,NONE
Dual-Frequency Async Engine,4404,1432.975291241,0.071,none,NONE,NONE
Dual-Frequency Async Engine,4405,1432.986210657,0.0819,fallback,STAGE_3,VELOCITY_LIMIT_BREACH
Dual-Frequency Async Engine,4406,1432.996866593,0.0926,none,NONE,NONE
Dual-Frequency Async Engine,4407,1433.007704822,0.1034,none,NONE,NONE
Dual-Frequency Async Engine,4408,1433.018337399,0.1141,intercepted,NONE,NONE
Dual-Frequency Async Engine,4409,1433.029151416,0.1249,fallback,STAGE_3,VELOCITY_LIMIT_BREACH
Dual-Frequency Async Engine,4410,1433.039832351,0.1356,intercepted,NONE,NONE
Dual-Frequency Async Engine,4411,1433.050680385,0.1464,none,NONE,NONE
Dual-Frequency Async Engine,4412,1433.061477272,0.1572,none,NONE,NONE
Dual-Frequency Async Engine,4413,1433.072220487,0.1679,none,NONE,NONE
Dual-Frequency Async Engine,4414,1433.082909914,0.1786,fallback,STAGE_3,VELOCITY_LIMIT_BREACH
Dual-Frequency Async Engine,4415,1433.093592892,0.1893,fallback,STAGE_3,VELOCITY_LIMIT_BREACH
Dual-Frequency Async Engine,4416,1433.104473377,0.2002,intercepted,NONE,NONE
Dual-Frequency Async Engine,4417,1433.115184006,0.2109,none,NONE,NONE
Dual-Frequency Async Engine,4418,1433.12587198,0.2216,none,NONE,NONE
Dual-Frequency Async Engine,4419,1433.136645349,0.2324,none,NONE,NONE
Dual-Frequency Async Engine,4420,1433.147407999,0.2431,none,NONE,NONE
Dual-Frequency Async Engine,4421,1433.158149174,0.2539,intercepted,NONE,NONE
Dual-Frequency Async Engine,4422,1433.168820908,0.2645,fallback,STAGE_3,VELOCITY_LIMIT_BREACH
Dual-Frequency Async Engine,4423,1433.179579744,0.2753,none,NONE,NONE
Dual-Frequency Async Engine,4424,1433.190308233,0.286,none,NONE,NONE
Dual-Frequency Async Engine,4425,1433.201220799,0.2969,none,NONE,NONE
Dual-Frequency Async Engine,4426,1433.21191461,0.3076,fallback,STAGE_3,VELOCITY_LIMIT_BREACH
Dual-Frequency Async Engine,4427,1433.22263446,0.3184,none,NONE,NONE
Dual-Frequency Async Engine,4428,1433.233254586,0.329,none,NONE,NONE
Dual-Frequency Async Engine,4429,1433.243848633,0.3396,none,NONE,NONE
Dual-Frequency Async Engine,4430,1433.254676303,0.3504,intercepted,NONE,NONE
Dual-Frequency Async Engine,4431,1433.265528125,0.3612,intercepted,NONE,NONE
Dual-Frequency Async Engine,4432,1433.276181077,0.3719,fallback,STAGE_3,VELOCITY_LIMIT_BREACH
Dual-Frequency Async Engine,4433,1433.286818663,0.3825,none,NONE,NONE
Dual-Frequency Async Engine,4434,1433.297456723,0.3932,none,NONE,NONE
Dual-Frequency Async Engine,4435,1433.308138168,0.4039,none,NONE,NONE
Dual-Frequency Async Engine,4436,1433.318748835,0.4145,none,NONE,NONE
Dual-Frequency Async Engine,4437,1433.329387242,0.4251,none,NONE,NONE
Dual-Frequency Async Engine,4438,1433.340106965,0.4358,fallback,STAGE_3,VELOCITY_LIMIT_BREACH
Dual-Frequency Async Engine,4439,1433.350681683,0.4464,none,NONE,NONE
Dual-Frequency Async Engine,4440,1433.361436163,0.4572,fallback,STAGE_3,VELOCITY_LIMIT_BREACH
Dual-Frequency Async Engine,4441,1433.372001378,0.4677,fallback,STAGE_3,VELOCITY_LIMIT_BREACH
Dual-Frequency Async Engine,4442,1433.382742147,0.4785,intercepted,NONE,NONE
Dual-Frequency Async Engine,4443,1433.393401151,0.4891,fallback,STAGE_3,VELOCITY_LIMIT_BREACH
Dual-Frequency Async Engine,4444,1433.404499214,0.0,none,NONE,NONE
Dual-Frequency Async Engine,4445,1433.415134206,0.0107,none,NONE,NONE
Dual-Frequency Async Engine,4446,1433.425818976,0.0213,fallback,STAGE_3,VELOCITY_LIMIT_BREACH
Dual-Frequency Async Engine,4447,1433.43657879,0.0321,intercepted,NONE,NONE
Dual-Frequency Async Engine,4448,1433.447146491,0.0427,none,NONE,NONE
Dual-Frequency Async Engine,4449,1433.457735573,0.0533,none,NONE,NONE
Dual-Frequency Async Engine,4450,1433.468192548,0.0637,none,NONE,NONE
Dual-Frequency Async Engine,4451,1433.479034477,0.0746,none,NONE,NONE
Dual-Frequency Async Engine,4452,1433.489544708,0.0851,none,NONE,NONE
Dual-Frequency Async Engine,4453,1433.500115106,0.0956,none,NONE,NONE
Dual-Frequency Async Engine,4454,1433.510674506,0.1062,fallback,STAGE_3,VELOCITY_LIMIT_BREACH
Dual-Frequency Async Engine,4455,1433.521198341,0.1167,intercepted,NONE,NONE
Dual-Frequency Async Engine,4456,1433.531376314,0.1269,intercepted,NONE,NONE
Dual-Frequency Async Engine,4457,1433.541874311,0.1374,intercepted,NONE,NONE
Dual-Frequency Async Engine,4458,1433.552400838,0.1479,fallback,STAGE_3,VELOCITY_LIMIT_BREACH
Dual-Frequency Async Engine,4459,1433.562968728,0.1585,intercepted,NONE,NONE
Dual-Frequency Async Engine,4460,1433.57351621,0.169,none,NONE,NONE
Dual-Frequency Async Engine,4461,1433.584451614,0.18,none,NONE,NONE
Dual-Frequency Async Engine,4462,1433.594922589,0.1904,none,NONE,NONE
Dual-Frequency Async Engine,4463,1433.606015726,0.2015,intercepted,NONE,NONE
Dual-Frequency Async Engine,4464,1433.617196605,0.2127,fallback,STAGE_3,VELOCITY_LIMIT_BREACH
Dual-Frequency Async Engine,4465,1433.627742682,0.2233,none,NONE,NONE
Dual-Frequency Async Engine,4466,1433.63834889,0.2339,none,NONE,NONE
Dual-Frequency Async Engine,4467,1433.648927289,0.2444,none,NONE,NONE
Dual-Frequency Async Engine,4468,1433.659461674,0.255,fallback,STAGE_1,JSON_OR_VALIDATION_ERROR
Dual-Frequency Async Engine,4469,1433.669945902,0.2655,intercepted,NONE,NONE
Dual-Frequency Async Engine,4470,1433.680451282,0.276,none,NONE,NONE
Dual-Frequency Async Engine,4471,1433.691028582,0.2865,intercepted,NONE,NONE
Dual-Frequency Async Engine,4472,1433.702597838,0.2981,none,NONE,NONE
Dual-Frequency Async Engine,4473,1433.713354439,0.3089,none,NONE,NONE
Dual-Frequency Async Engine,4474,1433.723928085,0.3194,none,NONE,NONE
Dual-Frequency Async Engine,4475,1433.734487561,0.33,intercepted,NONE,NONE
Dual-Frequency Async Engine,4476,1433.745036802,0.3406,none,NONE,NONE
Dual-Frequency Async Engine,4477,1433.755537049,0.3511,fallback,STAGE_3,VELOCITY_LIMIT_BREACH
Dual-Frequency Async Engine,4478,1433.765997747,0.3615,fallback,STAGE_3,VELOCITY_LIMIT_BREACH
Dual-Frequency Async Engine,4479,1433.77651259,0.372,none,NONE,NONE
Dual-Frequency Async Engine,4480,1433.786981582,0.3825,none,NONE,NONE
Dual-Frequency Async Engine,4481,1433.797441941,0.393,none,NONE,NONE
Dual-Frequency Async Engine,4482,1433.807972535,0.4035,none,NONE,NONE
Dual-Frequency Async Engine,4483,1433.818497303,0.414,none,NONE,NONE
Dual-Frequency Async Engine,4484,1433.829044692,0.4246,none,NONE,NONE
Dual-Frequency Async Engine,4485,1433.839523207,0.435,intercepted,NONE,NONE
Dual-Frequency Async Engine,4486,1433.850113023,0.4456,none,NONE,NONE
Dual-Frequency Async Engine,4487,1433.8606082,0.4561,none,NONE,NONE
Dual-Frequency Async Engine,4488,1433.871177436,0.4667,none,NONE,NONE
Dual-Frequency Async Engine,4489,1433.881686333,0.4772,none,NONE,NONE
Dual-Frequency Async Engine,4490,1433.892302436,0.4878,none,NONE,NONE
Dual-Frequency Async Engine,4491,1433.90280651,0.4983,none,NONE,NONE
Dual-Frequency Async Engine,4492,1433.91374829,0.0095,fallback,STAGE_1,JSON_OR_VALIDATION_ERROR
Dual-Frequency Async Engine,4493,1433.924168179,0.0199,none,NONE,NONE
Dual-Frequency Async Engine,4494,1433.934589589,0.0303,none,NONE,NONE
Dual-Frequency Async Engine,4495,1433.945078056,0.0408,none,NONE,NONE
Dual-Frequency Async Engine,4496,1433.955606401,0.0513,none,NONE,NONE
Dual-Frequency Async Engine,4497,1433.966099567,0.0618,none,NONE,NONE
Dual-Frequency Async Engine,4498,1433.976496407,0.0722,none,NONE,NONE
Dual-Frequency Async Engine,4499,1433.986931535,0.0826,none,NONE,NONE
Dual-Frequency Async Engine,4500,1433.99736956,0.0931,fallback,STAGE_3,VELOCITY_LIMIT_BREACH
Dual-Frequency Async Engine,4501,1434.007841963,0.1036,intercepted,NONE,NONE
Dual-Frequency Async Engine,4502,1434.018299486,0.114,none,NONE,NONE
Dual-Frequency Async Engine,4503,1434.028794418,0.1245,none,NONE,NONE
Dual-Frequency Async Engine,4504,1434.039306385,0.135,intercepted,NONE,NONE
Dual-Frequency Async Engine,4505,1434.049798252,0.1455,none,NONE,NONE
Dual-Frequency Async Engine,4506,1434.060294311,0.156,fallback,STAGE_3,VELOCITY_LIMIT_BREACH
Dual-Frequency Async Engine,4507,1434.070761238,0.1665,none,NONE,NONE
Dual-Frequency Async Engine,4508,1434.08129322,0.177,intercepted,NONE,NONE
Dual-Frequency Async Engine,4509,1434.091782219,0.1875,fallback,STAGE_3,VELOCITY_LIMIT_BREACH
Dual-Frequency Async Engine,4510,1434.102384128,0.1981,fallback,STAGE_1,JSON_OR_VALIDATION_ERROR
Dual-Frequency Async Engine,4511,1434.113132942,0.2088,none,NONE,NONE
Dual-Frequency Async Engine,4512,1434.12356414,0.2193,none,NONE,NONE
Dual-Frequency Async Engine,4513,1434.133974139,0.2297,fallback,STAGE_3,VELOCITY_LIMIT_BREACH
Dual-Frequency Async Engine,4514,1434.144366793,0.2401,none,NONE,NONE
Dual-Frequency Async Engine,4515,1434.154744844,0.2505,none,NONE,NONE
Dual-Frequency Async Engine,4516,1434.165170583,0.2609,none,NONE,NONE
Dual-Frequency Async Engine,4517,1434.175599875,0.2713,none,NONE,NONE
Dual-Frequency Async Engine,4518,1434.186030408,0.2817,none,NONE,NONE
Dual-Frequency Async Engine,4519,1434.196557105,0.2923,none,NONE,NONE
Dual-Frequency Async Engine,4520,1434.206992886,0.3027,none,NONE,NONE
Dual-Frequency Async Engine,4521,1434.217447324,0.3132,fallback,STAGE_3,VELOCITY_LIMIT_BREACH
Dual-Frequency Async Engine,4522,1434.227866325,0.3236,none,NONE,NONE
Dual-Frequency Async Engine,4523,1434.238330408,0.334,none,NONE,NONE
Dual-Frequency Async Engine,4524,1434.248785132,0.3445,none,NONE,NONE
Dual-Frequency Async Engine,4525,1434.259243375,0.355,fallback,STAGE_3,VELOCITY_LIMIT_BREACH
Dual-Frequency Async Engine,4526,1434.269689224,0.3654,none,NONE,NONE
Dual-Frequency Async Engine,4527,1434.280165311,0.3759,none,NONE,NONE
Dual-Frequency Async Engine,4528,1434.290588345,0.3863,intercepted,NONE,NONE
Dual-Frequency Async Engine,4529,1434.300970494,0.3967,fallback,STAGE_3,VELOCITY_LIMIT_BREACH
Dual-Frequency Async Engine,4530,1434.311505057,0.4072,intercepted,NONE,NONE
Dual-Frequency Async Engine,4531,1434.322115688,0.4178,none,NONE,NONE
Dual-Frequency Async Engine,4532,1434.33259983,0.4283,none,NONE,NONE
Dual-Frequency Async Engine,4533,1434.343097944,0.4388,none,NONE,NONE
Dual-Frequency Async Engine,4534,1434.353655809,0.4494,fallback,STAGE_3,VELOCITY_LIMIT_BREACH
Dual-Frequency Async Engine,4535,1434.36418134,0.4599,fallback,STAGE_3,VELOCITY_LIMIT_BREACH
Dual-Frequency Async Engine,4536,1434.374663045,0.4704,intercepted,NONE,NONE
Dual-Frequency Async Engine,4537,1434.385181474,0.4809,none,NONE,NONE
Dual-Frequency Async Engine,4538,1434.395719938,0.4914,none,NONE,NONE
Dual-Frequency Async Engine,4539,1434.406783512,0.0012,none,NONE,NONE
Dual-Frequency Async Engine,4540,1434.417377071,0.0118,none,NONE,NONE
Dual-Frequency Async Engine,4541,1434.427980708,0.0224,intercepted,NONE,NONE
Dual-Frequency Async Engine,4542,1434.438766266,0.0332,fallback,STAGE_3,VELOCITY_LIMIT_BREACH
Dual-Frequency Async Engine,4543,1434.449374561,0.0438,none,NONE,NONE
Dual-Frequency Async Engine,4544,1434.45983486,0.0543,none,NONE,NONE
Dual-Frequency Async Engine,4545,1434.470309722,0.0647,none,NONE,NONE
Dual-Frequency Async Engine,4546,1434.480887453,0.0753,fallback,STAGE_3,VELOCITY_LIMIT_BREACH
Dual-Frequency Async Engine,4547,1434.491464334,0.0859,none,NONE,NONE
Dual-Frequency Async Engine,4548,1434.501980152,0.0964,none,NONE,NONE
Dual-Frequency Async Engine,4549,1434.512542096,0.107,none,NONE,NONE
Dual-Frequency Async Engine,4550,1434.523083142,0.1175,intercepted,NONE,NONE
Dual-Frequency Async Engine,4551,1434.533542829,0.128,intercepted,NONE,NONE
Dual-Frequency Async Engine,4552,1434.543995597,0.1384,fallback,STAGE_3,VELOCITY_LIMIT_BREACH
Dual-Frequency Async Engine,4553,1434.554426209,0.1489,none,NONE,NONE
Dual-Frequency Async Engine,4554,1434.564925569,0.1594,none,NONE,NONE
Dual-Frequency Async Engine,4555,1434.575378315,0.1698,none,NONE,NONE
Dual-Frequency Async Engine,4556,1434.5859709,0.1804,none,NONE,NONE
Dual-Frequency Async Engine,4557,1434.596473432,0.1909,none,NONE,NONE
Dual-Frequency Async Engine,4558,1434.607295417,0.2017,fallback,STAGE_3,VELOCITY_LIMIT_BREACH
Dual-Frequency Async Engine,4559,1434.618232566,0.2127,none,NONE,NONE
Dual-Frequency Async Engine,4560,1434.628737397,0.2232,fallback,STAGE_3,VELOCITY_LIMIT_BREACH
Dual-Frequency Async Engine,4561,1434.639464635,0.2339,fallback,STAGE_3,VELOCITY_LIMIT_BREACH
Dual-Frequency Async Engine,4562,1434.650195945,0.2446,intercepted,NONE,NONE
Dual-Frequency Async Engine,4563,1434.660767571,0.2552,fallback,STAGE_3,VELOCITY_LIMIT_BREACH
Dual-Frequency Async Engine,4564,1434.671336847,0.2658,none,NONE,NONE
Dual-Frequency Async Engine,4565,1434.683176181,0.2776,none,NONE,NONE
Dual-Frequency Async Engine,4566,1434.69371011,0.2881,fallback,STAGE_3,VELOCITY_LIMIT_BREACH
Dual-Frequency Async Engine,4567,1434.704170909,0.2986,intercepted,NONE,NONE
Dual-Frequency Async Engine,4568,1434.714724484,0.3092,none,NONE,NONE
Dual-Frequency Async Engine,4569,1434.725406655,0.3198,none,NONE,NONE
Dual-Frequency Async Engine,4570,1434.736026426,0.3305,none,NONE,NONE
Dual-Frequency Async Engine,4571,1434.746659873,0.3411,none,NONE,NONE
Dual-Frequency Async Engine,4572,1434.757343615,0.3518,none,NONE,NONE
Dual-Frequency Async Engine,4573,1434.768034725,0.3625,none,NONE,NONE
Dual-Frequency Async Engine,4574,1434.778590266,0.373,fallback,STAGE_3,VELOCITY_LIMIT_BREACH
Dual-Frequency Async Engine,4575,1434.789178886,0.3836,intercepted,NONE,NONE
Dual-Frequency Async Engine,4576,1434.799714131,0.3941,intercepted,NONE,NONE
Dual-Frequency Async Engine,4577,1434.810211232,0.4046,intercepted,NONE,NONE
Dual-Frequency Async Engine,4578,1434.820749336,0.4152,fallback,STAGE_3,VELOCITY_LIMIT_BREACH
Dual-Frequency Async Engine,4579,1434.831352603,0.4258,intercepted,NONE,NONE
Dual-Frequency Async Engine,4580,1434.841955149,0.4364,none,NONE,NONE
Dual-Frequency Async Engine,4581,1434.852501527,0.4469,none,NONE,NONE
Dual-Frequency Async Engine,4582,1434.862961867,0.4574,none,NONE,NONE
Dual-Frequency Async Engine,4583,1434.873442755,0.4679,intercepted,NONE,NONE
Dual-Frequency Async Engine,4584,1434.88394295,0.4784,fallback,STAGE_3,VELOCITY_LIMIT_BREACH
Dual-Frequency Async Engine,4585,1434.894513464,0.4889,none,NONE,NONE
Dual-Frequency Async Engine,4586,1434.905077906,0.4995,none,NONE,NONE
Dual-Frequency Async Engine,4587,1434.915895218,0.0105,none,NONE,NONE
Dual-Frequency Async Engine,4588,1434.926435677,0.021,fallback,STAGE_1,JSON_OR_VALIDATION_ERROR
Dual-Frequency Async Engine,4589,1434.936977886,0.0316,intercepted,NONE,NONE
Dual-Frequency Async Engine,4590,1434.949183265,0.0438,none,NONE,NONE
Dual-Frequency Async Engine,4591,1434.959743103,0.0543,intercepted,NONE,NONE
Dual-Frequency Async Engine,4592,1434.970375559,0.065,none,NONE,NONE
Dual-Frequency Async Engine,4593,1434.980953579,0.0756,none,NONE,NONE
Dual-Frequency Async Engine,4594,1434.992061872,0.0867,none,NONE,NONE
Dual-Frequency Async Engine,4595,1435.002911876,0.0975,intercepted,NONE,NONE
Dual-Frequency Async Engine,4596,1435.013585167,0.1082,none,NONE,NONE
Dual-Frequency Async Engine,4597,1435.024145314,0.1187,fallback,STAGE_3,VELOCITY_LIMIT_BREACH
Dual-Frequency Async Engine,4598,1435.035295922,0.1299,fallback,STAGE_3,VELOCITY_LIMIT_BREACH
Dual-Frequency Async Engine,4599,1435.045835633,0.1404,none,NONE,NONE
Dual-Frequency Async Engine,4600,1435.056763714,0.1514,none,NONE,NONE
Dual-Frequency Async Engine,4601,1435.067419869,0.162,none,NONE,NONE
Dual-Frequency Async Engine,4602,1435.078273159,0.1729,none,NONE,NONE
Dual-Frequency Async Engine,4603,1435.089458244,0.1841,none,NONE,NONE
Dual-Frequency Async Engine,4604,1435.100930951,0.1955,none,NONE,NONE
Dual-Frequency Async Engine,4605,1435.111581716,0.2062,intercepted,NONE,NONE
Dual-Frequency Async Engine,4606,1435.122676348,0.2173,none,NONE,NONE
Dual-Frequency Async Engine,4607,1435.133207058,0.2278,none,NONE,NONE
Dual-Frequency Async Engine,4608,1435.143763013,0.2384,none,NONE,NONE
Dual-Frequency Async Engine,4609,1435.154493785,0.2491,none,NONE,NONE
Dual-Frequency Async Engine,4610,1435.165110823,0.2597,none,NONE,NONE
Dual-Frequency Async Engine,4611,1435.175661268,0.2703,none,NONE,NONE
Dual-Frequency Async Engine,4612,1435.186207028,0.2808,fallback,STAGE_1,JSON_OR_VALIDATION_ERROR
Dual-Frequency Async Engine,4613,1435.196784277,0.2914,none,NONE,NONE
Dual-Frequency Async Engine,4614,1435.20753688,0.3021,none,NONE,NONE
Dual-Frequency Async Engine,4615,1435.218160412,0.3128,none,NONE,NONE
Dual-Frequency Async Engine,4616,1435.228708058,0.3233,none,NONE,NONE
Dual-Frequency Async Engine,4617,1435.239313531,0.3339,none,NONE,NONE
Dual-Frequency Async Engine,4618,1435.249909829,0.3445,none,NONE,NONE
Dual-Frequency Async Engine,4619,1435.260516284,0.3551,none,NONE,NONE
Dual-Frequency Async Engine,4620,1435.271370967,0.366,fallback,STAGE_3,VELOCITY_LIMIT_BREACH
Dual-Frequency Async Engine,4621,1435.283223421,0.3778,intercepted,NONE,NONE
Dual-Frequency Async Engine,4622,1435.293750102,0.3884,none,NONE,NONE
Dual-Frequency Async Engine,4623,1435.304378404,0.399,none,NONE,NONE
Dual-Frequency Async Engine,4624,1435.314903353,0.4095,intercepted,NONE,NONE
Dual-Frequency Async Engine,4625,1435.325368096,0.42,none,NONE,NONE
Dual-Frequency Async Engine,4626,1435.336193507,0.4308,fallback,STAGE_3,VELOCITY_LIMIT_BREACH
Dual-Frequency Async Engine,4627,1435.346848919,0.4415,none,NONE,NONE
Dual-Frequency Async Engine,4628,1435.357478888,0.4521,intercepted,NONE,NONE
Dual-Frequency Async Engine,4629,1435.368208131,0.4628,fallback,STAGE_3,VELOCITY_LIMIT_BREACH
Dual-Frequency Async Engine,4630,1435.378769992,0.4734,fallback,STAGE_1,JSON_OR_VALIDATION_ERROR
Dual-Frequency Async Engine,4631,1435.389484659,0.4841,none,NONE,NONE
Dual-Frequency Async Engine,4632,1435.400128639,0.4947,none,NONE,NONE
Dual-Frequency Async Engine,4633,1435.411255742,0.0043,fallback,STAGE_3,VELOCITY_LIMIT_BREACH
Dual-Frequency Async Engine,4634,1435.421851368,0.0149,none,NONE,NONE
Dual-Frequency Async Engine,4635,1435.432603306,0.0257,none,NONE,NONE
Dual-Frequency Async Engine,4636,1435.443394367,0.0365,none,NONE,NONE
Dual-Frequency Async Engine,4637,1435.453938158,0.047,none,NONE,NONE
Dual-Frequency Async Engine,4638,1435.464458017,0.0575,none,NONE,NONE
Dual-Frequency Async Engine,4639,1435.474981012,0.0681,none,NONE,NONE
Dual-Frequency Async Engine,4640,1435.485444106,0.0785,none,NONE,NONE
Dual-Frequency Async Engine,4641,1435.495989911,0.0891,fallback,STAGE_3,VELOCITY_LIMIT_BREACH
Dual-Frequency Async Engine,4642,1435.506646671,0.0997,none,NONE,NONE
Dual-Frequency Async Engine,4643,1435.517215314,0.1103,none,NONE,NONE
Dual-Frequency Async Engine,4644,1435.527833524,0.1209,none,NONE,NONE
Dual-Frequency Async Engine,4645,1435.538521611,0.1316,fallback,STAGE_3,VELOCITY_LIMIT_BREACH
Dual-Frequency Async Engine,4646,1435.549178248,0.1423,none,NONE,NONE
Dual-Frequency Async Engine,4647,1435.559763277,0.1528,none,NONE,NONE
Dual-Frequency Async Engine,4648,1435.570417393,0.1635,intercepted,NONE,NONE
Dual-Frequency Async Engine,4649,1435.581092985,0.1742,fallback,STAGE_3,VELOCITY_LIMIT_BREACH
Dual-Frequency Async Engine,4650,1435.591694572,0.1848,intercepted,NONE,NONE
Dual-Frequency Async Engine,4651,1435.60241713,0.1955,none,NONE,NONE
Dual-Frequency Async Engine,4652,1435.613194295,0.2063,none,NONE,NONE
Dual-Frequency Async Engine,4653,1435.623753055,0.2168,none,NONE,NONE
Dual-Frequency Async Engine,4654,1435.634362823,0.2274,fallback,STAGE_3,VELOCITY_LIMIT_BREACH
Dual-Frequency Async Engine,4655,1435.644923788,0.238,fallback,STAGE_3,VELOCITY_LIMIT_BREACH
Dual-Frequency Async Engine,4656,1435.655473831,0.2486,intercepted,NONE,NONE
Dual-Frequency Async Engine,4657,1435.666054723,0.2591,none,NONE,NONE
Dual-Frequency Async Engine,4658,1435.676604323,0.2697,none,NONE,NONE
Dual-Frequency Async Engine,4659,1435.687189712,0.2803,none,NONE,NONE
Dual-Frequency Async Engine,4660,1435.697679958,0.2908,none,NONE,NONE
Dual-Frequency Async Engine,4661,1435.708183247,0.3013,intercepted,NONE,NONE
Dual-Frequency Async Engine,4662,1435.718753857,0.3118,fallback,STAGE_3,VELOCITY_LIMIT_BREACH
Dual-Frequency Async Engine,4663,1435.729448745,0.3225,none,NONE,NONE
Dual-Frequency Async Engine,4664,1435.740167641,0.3333,none,NONE,NONE
Dual-Frequency Async Engine,4665,1435.750767998,0.3439,none,NONE,NONE
Dual-Frequency Async Engine,4666,1435.76141336,0.3545,fallback,STAGE_3,VELOCITY_LIMIT_BREACH
Dual-Frequency Async Engine,4667,1435.772170627,0.3653,none,NONE,NONE
Dual-Frequency Async Engine,4668,1435.782794699,0.3759,none,NONE,NONE
Dual-Frequency Async Engine,4669,1435.793438125,0.3865,none,NONE,NONE
Dual-Frequency Async Engine,4670,1435.804166324,0.3972,intercepted,NONE,NONE
Dual-Frequency Async Engine,4671,1435.814724862,0.4078,intercepted,NONE,NONE
Dual-Frequency Async Engine,4672,1435.825391206,0.4185,fallback,STAGE_3,VELOCITY_LIMIT_BREACH
Dual-Frequency Async Engine,4673,1435.835918064,0.429,none,NONE,NONE
Dual-Frequency Async Engine,4674,1435.846535103,0.4396,none,NONE,NONE
Dual-Frequency Async Engine,4675,1435.857154979,0.4502,none,NONE,NONE
Dual-Frequency Async Engine,4676,1435.86772696,0.4608,none,NONE,NONE
Dual-Frequency Async Engine,4677,1435.878437542,0.4715,none,NONE,NONE
Dual-Frequency Async Engine,4678,1435.889101545,0.4822,fallback,STAGE_3,VELOCITY_LIMIT_BREACH
Dual-Frequency Async Engine,4679,1435.899712542,0.4928,none,NONE,NONE
Dual-Frequency Async Engine,4680,1435.910807944,0.0032,fallback,STAGE_3,VELOCITY_LIMIT_BREACH
Dual-Frequency Async Engine,4681,1435.921446813,0.0139,fallback,STAGE_3,VELOCITY_LIMIT_BREACH
Dual-Frequency Async Engine,4682,1435.932092523,0.0245,intercepted,NONE,NONE
Dual-Frequency Async Engine,4683,1435.942643589,0.0351,fallback,STAGE_3,VELOCITY_LIMIT_BREACH
Dual-Frequency Async Engine,4684,1435.953224835,0.0456,none,NONE,NONE
Dual-Frequency Async Engine,4685,1435.963800884,0.0562,none,NONE,NONE
Dual-Frequency Async Engine,4686,1435.974465365,0.0669,fallback,STAGE_3,VELOCITY_LIMIT_BREACH
Dual-Frequency Async Engine,4687,1435.985148825,0.0776,intercepted,NONE,NONE
Dual-Frequency Async Engine,4688,1435.995750058,0.0882,none,NONE,NONE
Dual-Frequency Async Engine,4689,1436.006490516,0.0989,none,NONE,NONE
Dual-Frequency Async Engine,4690,1436.017113628,0.1095,none,NONE,NONE
Dual-Frequency Async Engine,4691,1436.027676778,0.1201,none,NONE,NONE
Dual-Frequency Async Engine,4692,1436.038339877,0.1308,none,NONE,NONE
Dual-Frequency Async Engine,4693,1436.048905483,0.1413,none,NONE,NONE
Dual-Frequency Async Engine,4694,1436.059570959,0.152,fallback,STAGE_3,VELOCITY_LIMIT_BREACH
Dual-Frequency Async Engine,4695,1436.070168408,0.1626,intercepted,NONE,NONE
Dual-Frequency Async Engine,4696,1436.080736467,0.1732,intercepted,NONE,NONE
Dual-Frequency Async Engine,4697,1436.091404345,0.1838,intercepted,NONE,NONE
Dual-Frequency Async Engine,4698,1436.102080675,0.1945,fallback,STAGE_3,VELOCITY_LIMIT_BREACH
Dual-Frequency Async Engine,4699,1436.112795953,0.2052,intercepted,NONE,NONE
Dual-Frequency Async Engine,4700,1436.123496266,0.2159,none,NONE,NONE
Dual-Frequency Async Engine,4701,1436.134110332,0.2265,none,NONE,NONE
Dual-Frequency Async Engine,4702,1436.144706845,0.2371,none,NONE,NONE
Dual-Frequency Async Engine,4703,1436.15530591,0.2477,intercepted,NONE,NONE
Dual-Frequency Async Engine,4704,1436.165839134,0.2583,fallback,STAGE_3,VELOCITY_LIMIT_BREACH
Dual-Frequency Async Engine,4705,1436.176404294,0.2688,none,NONE,NONE
Dual-Frequency Async Engine,4706,1436.186932356,0.2793,none,NONE,NONE
Dual-Frequency Async Engine,4707,1436.197516412,0.2899,none,NONE,NONE
Dual-Frequency Async Engine,4708,1436.208170122,0.3006,fallback,STAGE_1,JSON_OR_VALIDATION_ERROR
Dual-Frequency Async Engine,4709,1436.21871685,0.3111,intercepted,NONE,NONE
Dual-Frequency Async Engine,4710,1436.22934854,0.3218,none,NONE,NONE
Dual-Frequency Async Engine,4711,1436.239932872,0.3323,intercepted,NONE,NONE
Dual-Frequency Async Engine,4712,1436.25058303,0.343,none,NONE,NONE
Dual-Frequency Async Engine,4713,1436.261169332,0.3536,none,NONE,NONE
Dual-Frequency Async Engine,4714,1436.271827182,0.3642,none,NONE,NONE
Dual-Frequency Async Engine,4715,1436.28242128,0.3748,intercepted,NONE,NONE
Dual-Frequency Async Engine,4716,1436.292949327,0.3854,none,NONE,NONE
Dual-Frequency Async Engine,4717,1436.303581469,0.396,fallback,STAGE_3,VELOCITY_LIMIT_BREACH
Dual-Frequency Async Engine,4718,1436.31430455,0.4067,fallback,STAGE_3,VELOCITY_LIMIT_BREACH
Dual-Frequency Async Engine,4719,1436.324874793,0.4173,none,NONE,NONE
Dual-Frequency Async Engine,4720,1436.335394857,0.4278,none,NONE,NONE
Dual-Frequency Async Engine,4721,1436.345854261,0.4383,none,NONE,NONE
Dual-Frequency Async Engine,4722,1436.356423502,0.4488,none,NONE,NONE
Dual-Frequency Async Engine,4723,1436.366924632,0.4593,none,NONE,NONE
Dual-Frequency Async Engine,4724,1436.377460438,0.4699,none,NONE,NONE
Dual-Frequency Async Engine,4725,1436.38811018,0.4805,intercepted,NONE,NONE
Dual-Frequency Async Engine,4726,1436.398725557,0.4911,none,NONE,NONE
Dual-Frequency Async Engine,4727,1436.409865797,0.0012,none,NONE,NONE
Dual-Frequency Async Engine,4728,1436.420449008,0.0118,none,NONE,NONE
Dual-Frequency Async Engine,4729,1436.430968881,0.0223,none,NONE,NONE
Dual-Frequency Async Engine,4730,1436.441503998,0.0329,none,NONE,NONE
Dual-Frequency Async Engine,4731,1436.452102191,0.0435,none,NONE,NONE
Dual-Frequency Async Engine,4732,1436.462689171,0.054,fallback,STAGE_1,JSON_OR_VALIDATION_ERROR
Dual-Frequency Async Engine,4733,1436.473395339,0.0648,none,NONE,NONE
Dual-Frequency Async Engine,4734,1436.483971768,0.0753,none,NONE,NONE
Dual-Frequency Async Engine,4735,1436.494528566,0.0859,none,NONE,NONE
Dual-Frequency Async Engine,4736,1436.505155713,0.0965,none,NONE,NONE
Dual-Frequency Async Engine,4737,1436.515827043,0.1072,none,NONE,NONE
Dual-Frequency Async Engine,4738,1436.526436516,0.1178,none,NONE,NONE
Dual-Frequency Async Engine,4739,1436.53709502,0.1285,none,NONE,NONE
Dual-Frequency Async Engine,4740,1436.547633398,0.139,fallback,STAGE_3,VELOCITY_LIMIT_BREACH
Dual-Frequency Async Engine,4741,1436.558174912,0.1495,intercepted,NONE,NONE
Dual-Frequency Async Engine,4742,1436.56879778,0.1602,none,NONE,NONE
Dual-Frequency Async Engine,4743,1436.579435618,0.1708,none,NONE,NONE
Dual-Frequency Async Engine,4744,1436.590083126,0.1814,intercepted,NONE,NONE
Dual-Frequency Async Engine,4745,1436.600796458,0.1922,none,NONE,NONE
Dual-Frequency Async Engine,4746,1436.611788774,0.2031,fallback,STAGE_3,VELOCITY_LIMIT_BREACH
Dual-Frequency Async Engine,4747,1436.622700955,0.2141,none,NONE,NONE
Dual-Frequency Async Engine,4748,1436.633227546,0.2246,intercepted,NONE,NONE
Dual-Frequency Async Engine,4749,1436.643800765,0.2352,fallback,STAGE_3,VELOCITY_LIMIT_BREACH
Dual-Frequency Async Engine,4750,1436.654436179,0.2458,fallback,STAGE_1,JSON_OR_VALIDATION_ERROR
Dual-Frequency Async Engine,4751,1436.665101725,0.2565,none,NONE,NONE
Dual-Frequency Async Engine,4752,1436.675715287,0.2671,none,NONE,NONE
Dual-Frequency Async Engine,4753,1436.68647998,0.2778,fallback,STAGE_3,VELOCITY_LIMIT_BREACH
Dual-Frequency Async Engine,4754,1436.697127201,0.2885,none,NONE,NONE
Dual-Frequency Async Engine,4755,1436.707684219,0.299,none,NONE,NONE
Dual-Frequency Async Engine,4756,1436.718213415,0.3096,none,NONE,NONE
Dual-Frequency Async Engine,4757,1436.728818297,0.3202,none,NONE,NONE
Dual-Frequency Async Engine,4758,1436.739472823,0.3308,none,NONE,NONE
Dual-Frequency Async Engine,4759,1436.750245302,0.3416,none,NONE,NONE
Dual-Frequency Async Engine,4760,1436.760837354,0.3522,none,NONE,NONE
Dual-Frequency Async Engine,4761,1436.771519214,0.3629,fallback,STAGE_3,VELOCITY_LIMIT_BREACH
Dual-Frequency Async Engine,4762,1436.7821619,0.3735,none,NONE,NONE
Dual-Frequency Async Engine,4763,1436.7928777,0.3842,none,NONE,NONE
Dual-Frequency Async Engine,4764,1436.803471377,0.3948,none,NONE,NONE
Dual-Frequency Async Engine,4765,1436.814186774,0.4055,fallback,STAGE_3,VELOCITY_LIMIT_BREACH
Dual-Frequency Async Engine,4766,1436.824792487,0.4162,none,NONE,NONE
Dual-Frequency Async Engine,4767,1436.835439624,0.4268,none,NONE,NONE
Dual-Frequency Async Engine,4768,1436.845987359,0.4373,intercepted,NONE,NONE
Dual-Frequency Async Engine,4769,1436.856734069,0.4481,fallback,STAGE_3,VELOCITY_LIMIT_BREACH
Dual-Frequency Async Engine,4770,1436.867342889,0.4587,intercepted,NONE,NONE
Dual-Frequency Async Engine,4771,1436.877992599,0.4694,none,NONE,NONE
Dual-Frequency Async Engine,4772,1436.888869352,0.4802,none,NONE,NONE
Dual-Frequency Async Engine,4773,1436.899489179,0.4908,none,NONE,NONE
Dual-Frequency Async Engine,4774,1436.91065672,0.0012,fallback,STAGE_3,VELOCITY_LIMIT_BREACH
Dual-Frequency Async Engine,4775,1436.921126719,0.0116,fallback,STAGE_3,VELOCITY_LIMIT_BREACH
Dual-Frequency Async Engine,4776,1436.931663142,0.0222,intercepted,NONE,NONE
Dual-Frequency Async Engine,4777,1436.942183288,0.0327,none,NONE,NONE
Dual-Frequency Async Engine,4778,1436.952698866,0.0432,none,NONE,NONE
Dual-Frequency Async Engine,4779,1436.963441872,0.054,none,NONE,NONE
Dual-Frequency Async Engine,4780,1436.973997498,0.0645,none,NONE,NONE
Dual-Frequency Async Engine,4781,1436.98467801,0.0752,intercepted,NONE,NONE
Dual-Frequency Async Engine,4782,1436.995197046,0.0857,fallback,STAGE_3,VELOCITY_LIMIT_BREACH
Dual-Frequency Async Engine,4783,1437.00583259,0.0964,none,NONE,NONE
Dual-Frequency Async Engine,4784,1437.016303289,0.1068,none,NONE,NONE
Dual-Frequency Async Engine,4785,1437.026826033,0.1173,none,NONE,NONE
Dual-Frequency Async Engine,4786,1437.037362526,0.1279,fallback,STAGE_3,VELOCITY_LIMIT_BREACH
Dual-Frequency Async Engine,4787,1437.047877577,0.1384,none,NONE,NONE
Dual-Frequency Async Engine,4788,1437.058370937,0.1489,none,NONE,NONE
Dual-Frequency Async Engine,4789,1437.068907766,0.1594,none,NONE,NONE
Dual-Frequency Async Engine,4790,1437.079479821,0.17,intercepted,NONE,NONE
Dual-Frequency Async Engine,4791,1437.090100403,0.1806,intercepted,NONE,NONE
Dual-Frequency Async Engine,4792,1437.100665531,0.1912,fallback,STAGE_3,VELOCITY_LIMIT_BREACH
Dual-Frequency Async Engine,4793,1437.111557404,0.2021,none,NONE,NONE
Dual-Frequency Async Engine,4794,1437.122293227,0.2128,none,NONE,NONE
Dual-Frequency Async Engine,4795,1437.132827671,0.2233,none,NONE,NONE
Dual-Frequency Async Engine,4796,1437.14357467,0.2341,none,NONE,NONE
Dual-Frequency Async Engine,4797,1437.154199292,0.2447,none,NONE,NONE
Dual-Frequency Async Engine,4798,1437.164715399,0.2552,fallback,STAGE_3,VELOCITY_LIMIT_BREACH
Dual-Frequency Async Engine,4799,1437.175321095,0.2658,none,NONE,NONE
Dual-Frequency Async Engine,4800,1437.185891292,0.2764,fallback,STAGE_3,VELOCITY_LIMIT_BREACH
Dual-Frequency Async Engine,4801,1437.196443406,0.287,fallback,STAGE_3,VELOCITY_LIMIT_BREACH
Dual-Frequency Async Engine,4802,1437.206992884,0.2975,intercepted,NONE,NONE
Dual-Frequency Async Engine,4803,1437.217677124,0.3082,fallback,STAGE_3,VELOCITY_LIMIT_BREACH
Dual-Frequency Async Engine,4804,1437.228227931,0.3187,none,NONE,NONE
Dual-Frequency Async Engine,4805,1437.238769256,0.3293,none,NONE,NONE
Dual-Frequency Async Engine,4806,1437.249390971,0.3399,fallback,STAGE_3,VELOCITY_LIMIT_BREACH
Dual-Frequency Async Engine,4807,1437.259928606,0.3504,intercepted,NONE,NONE
Dual-Frequency Async Engine,4808,1437.270502905,0.361,none,NONE,NONE
Dual-Frequency Async Engine,4809,1437.281072268,0.3716,none,NONE,NONE
Dual-Frequency Async Engine,4810,1437.291613544,0.3821,none,NONE,NONE
Dual-Frequency Async Engine,4811,1437.302183536,0.3927,none,NONE,NONE
Dual-Frequency Async Engine,4812,1437.312745406,0.4033,none,NONE,NONE
Dual-Frequency Async Engine,4813,1437.323543218,0.4141,none,NONE,NONE
Dual-Frequency Async Engine,4814,1437.334141246,0.4247,fallback,STAGE_3,VELOCITY_LIMIT_BREACH
Dual-Frequency Async Engine,4815,1437.344685019,0.4352,intercepted,NONE,NONE
Dual-Frequency Async Engine,4816,1437.355188503,0.4457,intercepted,NONE,NONE
Dual-Frequency Async Engine,4817,1437.365708143,0.4562,intercepted,NONE,NONE
Dual-Frequency Async Engine,4818,1437.376408925,0.4669,fallback,STAGE_3,VELOCITY_LIMIT_BREACH
Dual-Frequency Async Engine,4819,1437.386945476,0.4775,intercepted,NONE,NONE
Dual-Frequency Async Engine,4820,1437.397553971,0.4881,none,NONE,NONE
Dual-Frequency Async Engine,4821,1437.408136952,0.4987,none,NONE,NONE
Dual-Frequency Async Engine,4822,1437.419136525,0.0085,none,NONE,NONE
Dual-Frequency Async Engine,4823,1437.429717844,0.0191,intercepted,NONE,NONE
Dual-Frequency Async Engine,4824,1437.440508856,0.0299,fallback,STAGE_3,VELOCITY_LIMIT_BREACH
Dual-Frequency Async Engine,4825,1437.451568139,0.0409,none,NONE,NONE
Dual-Frequency Async Engine,4826,1437.462188031,0.0515,none,NONE,NONE
Dual-Frequency Async Engine,4827,1437.47287016,0.0622,none,NONE,NONE
Dual-Frequency Async Engine,4828,1437.483580514,0.0729,fallback,STAGE_1,JSON_OR_VALIDATION_ERROR
Dual-Frequency Async Engine,4829,1437.494149103,0.0835,intercepted,NONE,NONE
Dual-Frequency Async Engine,4830,1437.504798589,0.0942,none,NONE,NONE
Dual-Frequency Async Engine,4831,1437.515459866,0.1048,intercepted,NONE,NONE
Dual-Frequency Async Engine,4832,1437.52618849,0.1156,none,NONE,NONE
Dual-Frequency Async Engine,4833,1437.5368261,0.1262,none,NONE,NONE
Dual-Frequency Async Engine,4834,1437.547535758,0.1369,none,NONE,NONE
Dual-Frequency Async Engine,4835,1437.558152684,0.1475,intercepted,NONE,NONE
Dual-Frequency Async Engine,4836,1437.568782183,0.1581,none,NONE,NONE
Dual-Frequency Async Engine,4837,1437.579359887,0.1687,fallback,STAGE_3,VELOCITY_LIMIT_BREACH
Dual-Frequency Async Engine,4838,1437.589911889,0.1793,fallback,STAGE_3,VELOCITY_LIMIT_BREACH
Dual-Frequency Async Engine,4839,1437.600563533,0.1899,none,NONE,NONE
Dual-Frequency Async Engine,4840,1437.611418105,0.2008,none,NONE,NONE
Dual-Frequency Async Engine,4841,1437.622145061,0.2115,none,NONE,NONE
Dual-Frequency Async Engine,4842,1437.632747002,0.2221,none,NONE,NONE
Dual-Frequency Async Engine,4843,1437.643383831,0.2327,none,NONE,NONE
Dual-Frequency Async Engine,4844,1437.653924733,0.2433,none,NONE,NONE
Dual-Frequency Async Engine,4845,1437.664477966,0.2538,intercepted,NONE,NONE
Dual-Frequency Async Engine,4846,1437.675177892,0.2645,none,NONE,NONE
Dual-Frequency Async Engine,4847,1437.685737367,0.2751,none,NONE,NONE
Dual-Frequency Async Engine,4848,1437.696348203,0.2857,none,NONE,NONE
Dual-Frequency Async Engine,4849,1437.706997183,0.2964,none,NONE,NONE
Dual-Frequency Async Engine,4850,1437.717537925,0.3069,none,NONE,NONE
Dual-Frequency Async Engine,4851,1437.728099242,0.3175,none,NONE,NONE
Dual-Frequency Async Engine,4852,1437.738612387,0.328,fallback,STAGE_1,JSON_OR_VALIDATION_ERROR
Dual-Frequency Async Engine,4853,1437.74921998,0.3386,none,NONE,NONE
Dual-Frequency Async Engine,4854,1437.759775103,0.3491,none,NONE,NONE
Dual-Frequency Async Engine,4855,1437.770404381,0.3598,none,NONE,NONE
Dual-Frequency Async Engine,4856,1437.780991275,0.3704,none,NONE,NONE
Dual-Frequency Async Engine,4857,1437.791547251,0.3809,none,NONE,NONE
Dual-Frequency Async Engine,4858,1437.80219283,0.3916,none,NONE,NONE
Dual-Frequency Async Engine,4859,1437.812821228,0.4022,none,NONE,NONE
Dual-Frequency Async Engine,4860,1437.823449812,0.4128,fallback,STAGE_3,VELOCITY_LIMIT_BREACH
Dual-Frequency Async Engine,4861,1437.834116811,0.4235,intercepted,NONE,NONE
Dual-Frequency Async Engine,4862,1437.84477018,0.4341,none,NONE,NONE
Dual-Frequency Async Engine,4863,1437.855448255,0.4448,none,NONE,NONE
Dual-Frequency Async Engine,4864,1437.86618576,0.4555,intercepted,NONE,NONE
Dual-Frequency Async Engine,4865,1437.876798073,0.4662,none,NONE,NONE
Dual-Frequency Async Engine,4866,1437.887504354,0.4769,fallback,STAGE_3,VELOCITY_LIMIT_BREACH
Dual-Frequency Async Engine,4867,1437.898168527,0.4875,none,NONE,NONE
Dual-Frequency Async Engine,4868,1437.908699671,0.4981,intercepted,NONE,NONE
Dual-Frequency Async Engine,4869,1437.919081505,0.0076,fallback,STAGE_3,VELOCITY_LIMIT_BREACH
Dual-Frequency Async Engine,4870,1437.929772407,0.0183,fallback,STAGE_1,JSON_OR_VALIDATION_ERROR
Dual-Frequency Async Engine,4871,1437.940340458,0.0289,none,NONE,NONE
Dual-Frequency Async Engine,4872,1437.951089536,0.0396,none,NONE,NONE
Dual-Frequency Async Engine,4873,1437.961622585,0.0502,fallback,STAGE_3,VELOCITY_LIMIT_BREACH
Dual-Frequency Async Engine,4874,1437.972190861,0.0607,none,NONE,NONE
Dual-Frequency Async Engine,4875,1437.982803185,0.0713,none,NONE,NONE
Dual-Frequency Async Engine,4876,1437.993459921,0.082,none,NONE,NONE
Dual-Frequency Async Engine,4877,1438.004082434,0.0926,none,NONE,NONE
Dual-Frequency Async Engine,4878,1438.014641606,0.1032,none,NONE,NONE
Dual-Frequency Async Engine,4879,1438.025331515,0.1139,none,NONE,NONE
Dual-Frequency Async Engine,4880,1438.035851064,0.1244,none,NONE,NONE
Dual-Frequency Async Engine,4881,1438.046418355,0.135,fallback,STAGE_3,VELOCITY_LIMIT_BREACH
Dual-Frequency Async Engine,4882,1438.05715889,0.1457,none,NONE,NONE
Dual-Frequency Async Engine,4883,1438.06781328,0.1564,none,NONE,NONE
Dual-Frequency Async Engine,4884,1438.078528477,0.1671,none,NONE,NONE
Dual-Frequency Async Engine,4885,1438.089128697,0.1777,fallback,STAGE_3,VELOCITY_LIMIT_BREACH
Dual-Frequency Async Engine,4886,1438.09969577,0.1882,none,NONE,NONE
Dual-Frequency Async Engine,4887,1438.110241804,0.1988,none,NONE,NONE
Dual-Frequency Async Engine,4888,1438.120876828,0.2094,intercepted,NONE,NONE
Dual-Frequency Async Engine,4889,1438.131524334,0.2201,fallback,STAGE_3,VELOCITY_LIMIT_BREACH
Dual-Frequency Async Engine,4890,1438.14220499,0.2308,intercepted,NONE,NONE
Dual-Frequency Async Engine,4891,1438.152798513,0.2413,none,NONE,NONE
Dual-Frequency Async Engine,4892,1438.163510963,0.2521,none,NONE,NONE
Dual-Frequency Async Engine,4893,1438.174713455,0.2633,none,NONE,NONE
Dual-Frequency Async Engine,4894,1438.185304873,0.2739,fallback,STAGE_3,VELOCITY_LIMIT_BREACH
Dual-Frequency Async Engine,4895,1438.195852259,0.2844,fallback,STAGE_3,VELOCITY_LIMIT_BREACH
Dual-Frequency Async Engine,4896,1438.206453489,0.295,intercepted,NONE,NONE
Dual-Frequency Async Engine,4897,1438.217082878,0.3056,none,NONE,NONE
Dual-Frequency Async Engine,4898,1438.227631783,0.3162,none,NONE,NONE
Dual-Frequency Async Engine,4899,1438.23823145,0.3268,none,NONE,NONE
Dual-Frequency Async Engine,4900,1438.248807643,0.3374,none,NONE,NONE
Dual-Frequency Async Engine,4901,1438.259552557,0.3481,intercepted,NONE,NONE
Dual-Frequency Async Engine,4902,1438.270191126,0.3587,fallback,STAGE_3,VELOCITY_LIMIT_BREACH
Dual-Frequency Async Engine,4903,1438.280740917,0.3693,none,NONE,NONE
Dual-Frequency Async Engine,4904,1438.291430098,0.38,none,NONE,NONE
Dual-Frequency Async Engine,4905,1438.30226409,0.3908,none,NONE,NONE
Dual-Frequency Async Engine,4906,1438.313098758,0.4016,fallback,STAGE_3,VELOCITY_LIMIT_BREACH
Dual-Frequency Async Engine,4907,1438.323844396,0.4124,none,NONE,NONE
Dual-Frequency Async Engine,4908,1438.334669192,0.4232,none,NONE,NONE
Dual-Frequency Async Engine,4909,1438.345510955,0.4341,none,NONE,NONE
Dual-Frequency Async Engine,4910,1438.356304639,0.4448,intercepted,NONE,NONE
Dual-Frequency Async Engine,4911,1438.366986265,0.4555,intercepted,NONE,NONE
Dual-Frequency Async Engine,4912,1438.377842889,0.4664,fallback,STAGE_3,VELOCITY_LIMIT_BREACH
Dual-Frequency Async Engine,4913,1438.388473912,0.477,none,NONE,NONE
Dual-Frequency Async Engine,4914,1438.399139914,0.4877,none,NONE,NONE
Dual-Frequency Async Engine,4915,1438.409818659,0.4984,none,NONE,NONE
Dual-Frequency Async Engine,4916,1438.420953443,0.0096,none,NONE,NONE
Dual-Frequency Async Engine,4917,1438.431542934,0.0201,none,NONE,NONE
Dual-Frequency Async Engine,4918,1438.442181439,0.0308,fallback,STAGE_3,VELOCITY_LIMIT_BREACH
Dual-Frequency Async Engine,4919,1438.45285734,0.0415,none,NONE,NONE
Dual-Frequency Async Engine,4920,1438.463468258,0.0521,fallback,STAGE_3,VELOCITY_LIMIT_BREACH
Dual-Frequency Async Engine,4921,1438.474152099,0.0628,fallback,STAGE_3,VELOCITY_LIMIT_BREACH
Dual-Frequency Async Engine,4922,1438.484863327,0.0735,intercepted,NONE,NONE
Dual-Frequency Async Engine,4923,1438.495497685,0.0841,fallback,STAGE_3,VELOCITY_LIMIT_BREACH
Dual-Frequency Async Engine,4924,1438.5061296,0.0947,none,NONE,NONE
Dual-Frequency Async Engine,4925,1438.516739766,0.1053,none,NONE,NONE
Dual-Frequency Async Engine,4926,1438.527500955,0.1161,fallback,STAGE_3,VELOCITY_LIMIT_BREACH
Dual-Frequency Async Engine,4927,1438.538235732,0.1268,intercepted,NONE,NONE
Dual-Frequency Async Engine,4928,1438.548874689,0.1375,none,NONE,NONE
Dual-Frequency Async Engine,4929,1438.559552472,0.1482,none,NONE,NONE
Dual-Frequency Async Engine,4930,1438.570179497,0.1588,none,NONE,NONE
Dual-Frequency Async Engine,4931,1438.580731344,0.1693,none,NONE,NONE
Dual-Frequency Async Engine,4932,1438.591381529,0.18,none,NONE,NONE
Dual-Frequency Async Engine,4933,1438.602067946,0.1907,none,NONE,NONE
Dual-Frequency Async Engine,4934,1438.612909543,0.2015,fallback,STAGE_3,VELOCITY_LIMIT_BREACH
Dual-Frequency Async Engine,4935,1438.623554288,0.2122,intercepted,NONE,NONE
Dual-Frequency Async Engine,4936,1438.634145732,0.2228,intercepted,NONE,NONE
Dual-Frequency Async Engine,4937,1438.644776746,0.2334,intercepted,NONE,NONE
Dual-Frequency Async Engine,4938,1438.655547421,0.2442,fallback,STAGE_3,VELOCITY_LIMIT_BREACH
Dual-Frequency Async Engine,4939,1438.666191883,0.2548,intercepted,NONE,NONE
Dual-Frequency Async Engine,4940,1438.676785139,0.2654,none,NONE,NONE
Dual-Frequency Async Engine,4941,1438.687521071,0.2761,none,NONE,NONE
Dual-Frequency Async Engine,4942,1438.698178636,0.2868,none,NONE,NONE
Dual-Frequency Async Engine,4943,1438.708729747,0.2973,intercepted,NONE,NONE
Dual-Frequency Async Engine,4944,1438.719488994,0.3081,fallback,STAGE_3,VELOCITY_LIMIT_BREACH
Dual-Frequency Async Engine,4945,1438.730157809,0.3188,none,NONE,NONE
Dual-Frequency Async Engine,4946,1438.740808465,0.3294,none,NONE,NONE
Dual-Frequency Async Engine,4947,1438.751368046,0.34,none,NONE,NONE
Dual-Frequency Async Engine,4948,1438.761927998,0.3505,fallback,STAGE_1,JSON_OR_VALIDATION_ERROR
Dual-Frequency Async Engine,4949,1438.77261756,0.3612,intercepted,NONE,NONE
Dual-Frequency Async Engine,4950,1438.783176354,0.3718,none,NONE,NONE
Dual-Frequency Async Engine,4951,1438.793729641,0.3823,intercepted,NONE,NONE
Dual-Frequency Async Engine,4952,1438.804401201,0.393,none,NONE,NONE
Dual-Frequency Async Engine,4953,1438.815106362,0.4037,none,NONE,NONE
Dual-Frequency Async Engine,4954,1438.825635776,0.4142,none,NONE,NONE
Dual-Frequency Async Engine,4955,1438.836249509,0.4249,intercepted,NONE,NONE
Dual-Frequency Async Engine,4956,1438.846842043,0.4354,none,NONE,NONE
Dual-Frequency Async Engine,4957,1438.857425521,0.446,fallback,STAGE_3,VELOCITY_LIMIT_BREACH
Dual-Frequency Async Engine,4958,1438.86809948,0.4567,fallback,STAGE_3,VELOCITY_LIMIT_BREACH
Dual-Frequency Async Engine,4959,1438.878796971,0.4674,none,NONE,NONE
Dual-Frequency Async Engine,4960,1438.889457884,0.4781,none,NONE,NONE
Dual-Frequency Async Engine,4961,1438.900361645,0.489,none,NONE,NONE
Dual-Frequency Async Engine,4962,1438.910975982,0.4996,none,NONE,NONE
Dual-Frequency Async Engine,4963,1438.921930023,0.0106,none,NONE,NONE
Dual-Frequency Async Engine,4964,1438.932579156,0.0213,none,NONE,NONE
Dual-Frequency Async Engine,4965,1438.943177386,0.0319,intercepted,NONE,NONE
Dual-Frequency Async Engine,4966,1438.9537497,0.0424,none,NONE,NONE
Dual-Frequency Async Engine,4967,1438.964333012,0.053,none,NONE,NONE
Dual-Frequency Async Engine,4968,1438.974919017,0.0636,none,NONE,NONE
Dual-Frequency Async Engine,4969,1438.985595814,0.0743,none,NONE,NONE
Dual-Frequency Async Engine,4970,1438.996139039,0.0848,none,NONE,NONE
Dual-Frequency Async Engine,4971,1439.006870365,0.0956,none,NONE,NONE
Dual-Frequency Async Engine,4972,1439.017535148,0.1062,fallback,STAGE_1,JSON_OR_VALIDATION_ERROR
Dual-Frequency Async Engine,4973,1439.028100531,0.1168,none,NONE,NONE
Dual-Frequency Async Engine,4974,1439.038614419,0.1273,none,NONE,NONE
Dual-Frequency Async Engine,4975,1439.049260108,0.1379,none,NONE,NONE
Dual-Frequency Async Engine,4976,1439.059850104,0.1485,none,NONE,NONE
Dual-Frequency Async Engine,4977,1439.070413346,0.1591,none,NONE,NONE
Dual-Frequency Async Engine,4978,1439.080949136,0.1696,none,NONE,NONE
Dual-Frequency Async Engine,4979,1439.091551442,0.1802,none,NONE,NONE
Dual-Frequency Async Engine,4980,1439.102265858,0.1909,fallback,STAGE_3,VELOCITY_LIMIT_BREACH
Dual-Frequency Async Engine,4981,1439.113161458,0.2018,intercepted,NONE,NONE
Dual-Frequency Async Engine,4982,1439.123740678,0.2124,none,NONE,NONE
Dual-Frequency Async Engine,4983,1439.134448487,0.2231,none,NONE,NONE
Dual-Frequency Async Engine,4984,1439.145133644,0.2338,intercepted,NONE,NONE
Dual-Frequency Async Engine,4985,1439.155669157,0.2444,none,NONE,NONE
Dual-Frequency Async Engine,4986,1439.166373057,0.2551,fallback,STAGE_3,VELOCITY_LIMIT_BREACH
Dual-Frequency Async Engine,4987,1439.176948949,0.2656,none,NONE,NONE
Dual-Frequency Async Engine,4988,1439.187537582,0.2762,intercepted,NONE,NONE
Dual-Frequency Async Engine,4989,1439.198231807,0.2869,fallback,STAGE_3,VELOCITY_LIMIT_BREACH
Dual-Frequency Async Engine,4990,1439.208880105,0.2976,fallback,STAGE_1,JSON_OR_VALIDATION_ERROR
Dual-Frequency Async Engine,4991,1439.219649424,0.3083,none,NONE,NONE
Dual-Frequency Async Engine,4992,1439.230233306,0.3189,none,NONE,NONE
Dual-Frequency Async Engine,4993,1439.240863534,0.3295,fallback,STAGE_3,VELOCITY_LIMIT_BREACH
Dual-Frequency Async Engine,4994,1439.251520921,0.3402,none,NONE,NONE
Dual-Frequency Async Engine,4995,1439.262150754,0.3508,none,NONE,NONE
Dual-Frequency Async Engine,4996,1439.272777896,0.3615,none,NONE,NONE
Dual-Frequency Async Engine,4997,1439.283363128,0.372,none,NONE,NONE
Dual-Frequency Async Engine,4998,1439.293929527,0.3826,none,NONE,NONE
Dual-Frequency Async Engine,4999,1439.304529242,0.3932,none,NONE,NONE
Dual-Frequency Async Engine,5000,1439.31543662,0.4041,none,NONE,NONE
Dual-Frequency Async Engine,5001,1439.326131597,0.4148,fallback,STAGE_3,VELOCITY_LIMIT_BREACH
Dual-Frequency Async Engine,5002,1439.336854752,0.4255,none,NONE,NONE
Dual-Frequency Async Engine,5003,1439.347541548,0.4362,none,NONE,NONE
Dual-Frequency Async Engine,5004,1439.358137884,0.4468,none,NONE,NONE
Dual-Frequency Async Engine,5005,1439.36883467,0.4575,fallback,STAGE_3,VELOCITY_LIMIT_BREACH
Dual-Frequency Async Engine,5006,1439.379441735,0.4681,none,NONE,NONE
Dual-Frequency Async Engine,5007,1439.390184137,0.4789,none,NONE,NONE
Dual-Frequency Async Engine,5008,1439.400870824,0.4896,intercepted,NONE,NONE
Dual-Frequency Async Engine,5009,1439.411489894,0.5002,fallback,STAGE_3,VELOCITY_LIMIT_BREACH
Dual-Frequency Async Engine,5010,1439.422487721,0.0096,intercepted,NONE,NONE
Dual-Frequency Async Engine,5011,1439.433164551,0.0203,none,NONE,NONE
Dual-Frequency Async Engine,5012,1439.443736206,0.0308,none,NONE,NONE
Dual-Frequency Async Engine,5013,1439.454404454,0.0415,none,NONE,NONE
Dual-Frequency Async Engine,5014,1439.464993759,0.0521,fallback,STAGE_3,VELOCITY_LIMIT_BREACH
Dual-Frequency Async Engine,5015,1439.475720961,0.0628,fallback,STAGE_3,VELOCITY_LIMIT_BREACH
Dual-Frequency Async Engine,5016,1439.48638681,0.0735,intercepted,NONE,NONE
Dual-Frequency Async Engine,5017,1439.497077577,0.0842,none,NONE,NONE
Dual-Frequency Async Engine,5018,1439.507609933,0.0947,none,NONE,NONE
Dual-Frequency Async Engine,5019,1439.518141266,0.1052,none,NONE,NONE
Dual-Frequency Async Engine,5020,1439.528743818,0.1158,none,NONE,NONE
Dual-Frequency Async Engine,5021,1439.539444742,0.1265,intercepted,NONE,NONE
Dual-Frequency Async Engine,5022,1439.550163896,0.1373,fallback,STAGE_3,VELOCITY_LIMIT_BREACH
Dual-Frequency Async Engine,5023,1439.560693911,0.1478,none,NONE,NONE
Dual-Frequency Async Engine,5024,1439.571375368,0.1585,none,NONE,NONE
Dual-Frequency Async Engine,5025,1439.581931804,0.169,none,NONE,NONE
Dual-Frequency Async Engine,5026,1439.592516595,0.1796,fallback,STAGE_3,VELOCITY_LIMIT_BREACH
Dual-Frequency Async Engine,5027,1439.60322142,0.1903,none,NONE,NONE
Dual-Frequency Async Engine,5028,1439.614145741,0.2012,none,NONE,NONE
Dual-Frequency Async Engine,5029,1439.624773925,0.2119,none,NONE,NONE
Dual-Frequency Async Engine,5030,1439.635450691,0.2225,intercepted,NONE,NONE
Dual-Frequency Async Engine,5031,1439.646089287,0.2332,intercepted,NONE,NONE
Dual-Frequency Async Engine,5032,1439.656691408,0.2438,fallback,STAGE_3,VELOCITY_LIMIT_BREACH
Dual-Frequency Async Engine,5033,1439.667422104,0.2545,none,NONE,NONE
Dual-Frequency Async Engine,5034,1439.677991967,0.2651,none,NONE,NONE
Dual-Frequency Async Engine,5035,1439.688763169,0.2759,none,NONE,NONE
Dual-Frequency Async Engine,5036,1439.699418295,0.2865,none,NONE,NONE
Dual-Frequency Async Engine,5037,1439.709948216,0.297,none,NONE,NONE
Dual-Frequency Async Engine,5038,1439.720760596,0.3078,fallback,STAGE_3,VELOCITY_LIMIT_BREACH
Dual-Frequency Async Engine,5039,1439.731451197,0.3185,none,NONE,NONE
Dual-Frequency Async Engine,5040,1439.742131408,0.3292,fallback,STAGE_3,VELOCITY_LIMIT_BREACH
Dual-Frequency Async Engine,5041,1439.752787544,0.3399,fallback,STAGE_3,VELOCITY_LIMIT_BREACH
Dual-Frequency Async Engine,5042,1439.76335958,0.3504,intercepted,NONE,NONE
Dual-Frequency Async Engine,5043,1439.773928798,0.361,fallback,STAGE_3,VELOCITY_LIMIT_BREACH
Dual-Frequency Async Engine,5044,1439.784554468,0.3716,none,NONE,NONE
Dual-Frequency Async Engine,5045,1439.795196785,0.3823,none,NONE,NONE
Dual-Frequency Async Engine,5046,1439.805882428,0.393,fallback,STAGE_3,VELOCITY_LIMIT_BREACH
Dual-Frequency Async Engine,5047,1439.816637856,0.4037,intercepted,NONE,NONE
Dual-Frequency Async Engine,5048,1439.827202563,0.4143,none,NONE,NONE
Dual-Frequency Async Engine,5049,1439.83775581,0.4248,none,NONE,NONE
Dual-Frequency Async Engine,5050,1439.848443279,0.4355,none,NONE,NONE
Dual-Frequency Async Engine,5051,1439.858955658,0.446,none,NONE,NONE
Dual-Frequency Async Engine,5052,1439.869573377,0.4567,none,NONE,NONE
Dual-Frequency Async Engine,5053,1439.880151998,0.4672,none,NONE,NONE
Dual-Frequency Async Engine,5054,1439.890752659,0.4778,fallback,STAGE_3,VELOCITY_LIMIT_BREACH
Dual-Frequency Async Engine,5055,1439.901405606,0.4885,intercepted,NONE,NONE
Dual-Frequency Async Engine,5056,1439.911935114,0.499,intercepted,NONE,NONE
Dual-Frequency Async Engine,5057,1439.922835945,0.0095,intercepted,NONE,NONE
Dual-Frequency Async Engine,5058,1439.933453328,0.0201,fallback,STAGE_3,VELOCITY_LIMIT_BREACH
Dual-Frequency Async Engine,5059,1439.943933384,0.0306,intercepted,NONE,NONE
Dual-Frequency Async Engine,5060,1439.954442251,0.0411,none,NONE,NONE
Dual-Frequency Async Engine,5061,1439.965126092,0.0517,none,NONE,NONE
Dual-Frequency Async Engine,5062,1439.975794248,0.0624,none,NONE,NONE
Dual-Frequency Async Engine,5063,1439.986532746,0.0732,intercepted,NONE,NONE
Dual-Frequency Async Engine,5064,1439.997163341,0.0838,fallback,STAGE_3,VELOCITY_LIMIT_BREACH
Dual-Frequency Async Engine,5065,1440.007733272,0.0944,none,NONE,NONE
Dual-Frequency Async Engine,5066,1440.018425627,0.105,none,NONE,NONE
Dual-Frequency Async Engine,5067,1440.02899233,0.1156,none,NONE,NONE
Dual-Frequency Async Engine,5068,1440.039565274,0.1262,fallback,STAGE_1,JSON_OR_VALIDATION_ERROR
Dual-Frequency Async Engine,5069,1440.050167648,0.1368,intercepted,NONE,NONE
Dual-Frequency Async Engine,5070,1440.060789882,0.1474,none,NONE,NONE
Dual-Frequency Async Engine,5071,1440.071422074,0.158,intercepted,NONE,NONE
Dual-Frequency Async Engine,5072,1440.081982759,0.1686,none,NONE,NONE
Dual-Frequency Async Engine,5073,1440.092494109,0.1791,none,NONE,NONE
Dual-Frequency Async Engine,5074,1440.103179473,0.1898,none,NONE,NONE
Dual-Frequency Async Engine,5075,1440.113721134,0.2003,intercepted,NONE,NONE
Dual-Frequency Async Engine,5076,1440.124276576,0.2109,none,NONE,NONE
Dual-Frequency Async Engine,5077,1440.134898383,0.2215,fallback,STAGE_3,VELOCITY_LIMIT_BREACH
Dual-Frequency Async Engine,5078,1440.145452518,0.2321,fallback,STAGE_3,VELOCITY_LIMIT_BREACH
Dual-Frequency Async Engine,5079,1440.156081462,0.2427,none,NONE,NONE
Dual-Frequency Async Engine,5080,1440.166659709,0.2533,none,NONE,NONE
Dual-Frequency Async Engine,5081,1440.177167213,0.2638,none,NONE,NONE
Dual-Frequency Async Engine,5082,1440.187714508,0.2743,none,NONE,NONE
Dual-Frequency Async Engine,5083,1440.198412253,0.285,none,NONE,NONE
Dual-Frequency Async Engine,5084,1440.208978598,0.2956,none,NONE,NONE
Dual-Frequency Async Engine,5085,1440.21958293,0.3062,intercepted,NONE,NONE
Dual-Frequency Async Engine,5086,1440.230157574,0.3168,none,NONE,NONE
Dual-Frequency Async Engine,5087,1440.240690503,0.3273,none,NONE,NONE
Dual-Frequency Async Engine,5088,1440.251229801,0.3379,none,NONE,NONE
Dual-Frequency Async Engine,5089,1440.261741731,0.3484,none,NONE,NONE
Dual-Frequency Async Engine,5090,1440.272373733,0.359,none,NONE,NONE
Dual-Frequency Async Engine,5091,1440.282924974,0.3695,none,NONE,NONE
Dual-Frequency Async Engine,5092,1440.293480613,0.3801,fallback,STAGE_1,JSON_OR_VALIDATION_ERROR
Dual-Frequency Async Engine,5093,1440.304155094,0.3908,none,NONE,NONE
Dual-Frequency Async Engine,5094,1440.314717727,0.4013,none,NONE,NONE
Dual-Frequency Async Engine,5095,1440.325246225,0.4119,none,NONE,NONE
Dual-Frequency Async Engine,5096,1440.335778378,0.4224,none,NONE,NONE
Dual-Frequency Async Engine,5097,1440.346481395,0.4331,none,NONE,NONE
Dual-Frequency Async Engine,5098,1440.35710799,0.4437,none,NONE,NONE
Dual-Frequency Async Engine,5099,1440.367718269,0.4543,none,NONE,NONE
Dual-Frequency Async Engine,5100,1440.378255928,0.4649,fallback,STAGE_3,VELOCITY_LIMIT_BREACH
Dual-Frequency Async Engine,5101,1440.388858411,0.4755,intercepted,NONE,NONE
Dual-Frequency Async Engine,5102,1440.399527785,0.4862,none,NONE,NONE
Dual-Frequency Async Engine,5103,1440.410214671,0.4968,none,NONE,NONE
Dual-Frequency Async Engine,5104,1440.420624289,0.0058,intercepted,NONE,NONE
Dual-Frequency Async Engine,5105,1440.431481779,0.0166,none,NONE,NONE
Dual-Frequency Async Engine,5106,1440.44224713,0.0274,fallback,STAGE_3,VELOCITY_LIMIT_BREACH
Dual-Frequency Async Engine,5107,1440.452994914,0.0381,none,NONE,NONE
Dual-Frequency Async Engine,5108,1440.463817385,0.0489,intercepted,NONE,NONE
Dual-Frequency Async Engine,5109,1440.474551685,0.0597,fallback,STAGE_3,VELOCITY_LIMIT_BREACH
Dual-Frequency Async Engine,5110,1440.48525068,0.0704,fallback,STAGE_1,JSON_OR_VALIDATION_ERROR
Dual-Frequency Async Engine,5111,1440.495904246,0.081,none,NONE,NONE
Dual-Frequency Async Engine,5112,1440.506519205,0.0916,none,NONE,NONE
Dual-Frequency Async Engine,5113,1440.517206492,0.1023,fallback,STAGE_3,VELOCITY_LIMIT_BREACH
Dual-Frequency Async Engine,5114,1440.527817519,0.1129,none,NONE,NONE
Dual-Frequency Async Engine,5115,1440.538669113,0.1238,none,NONE,NONE
Dual-Frequency Async Engine,5116,1440.549529594,0.1347,none,NONE,NONE
Dual-Frequency Async Engine,5117,1440.560285858,0.1454,none,NONE,NONE
Dual-Frequency Async Engine,5118,1440.571204508,0.1563,none,NONE,NONE
Dual-Frequency Async Engine,5119,1440.581930543,0.1671,none,NONE,NONE
Dual-Frequency Async Engine,5120,1440.592696629,0.1778,none,NONE,NONE
Dual-Frequency Async Engine,5121,1440.603581615,0.1887,fallback,STAGE_3,VELOCITY_LIMIT_BREACH
Dual-Frequency Async Engine,5122,1440.614356967,0.1995,none,NONE,NONE
Dual-Frequency Async Engine,5123,1440.624952249,0.2101,none,NONE,NONE
Dual-Frequency Async Engine,5124,1440.635660041,0.2208,none,NONE,NONE
Dual-Frequency Async Engine,5125,1440.646468448,0.2316,fallback,STAGE_3,VELOCITY_LIMIT_BREACH
Dual-Frequency Async Engine,5126,1440.657285907,0.2424,none,NONE,NONE
Dual-Frequency Async Engine,5127,1440.667944365,0.2531,none,NONE,NONE
Dual-Frequency Async Engine,5128,1440.678619675,0.2637,intercepted,NONE,NONE
Dual-Frequency Async Engine,5129,1440.68941612,0.2745,fallback,STAGE_3,VELOCITY_LIMIT_BREACH
Dual-Frequency Async Engine,5130,1440.700170655,0.2853,intercepted,NONE,NONE
Dual-Frequency Async Engine,5131,1440.710813055,0.2959,none,NONE,NONE
Dual-Frequency Async Engine,5132,1440.72176158,0.3069,none,NONE,NONE
Dual-Frequency Async Engine,5133,1440.732574064,0.3177,none,NONE,NONE
Dual-Frequency Async Engine,5134,1440.743292354,0.3284,fallback,STAGE_3,VELOCITY_LIMIT_BREACH
Dual-Frequency Async Engine,5135,1440.754267339,0.3394,fallback,STAGE_3,VELOCITY_LIMIT_BREACH
Dual-Frequency Async Engine,5136,1440.765000545,0.3501,intercepted,NONE,NONE
Dual-Frequency Async Engine,5137,1440.775829489,0.361,none,NONE,NONE
Dual-Frequency Async Engine,5138,1440.786476507,0.3716,none,NONE,NONE
Dual-Frequency Async Engine,5139,1440.79710754,0.3822,none,NONE,NONE
Dual-Frequency Async Engine,5140,1440.807727806,0.3929,none,NONE,NONE
Dual-Frequency Async Engine,5141,1440.818438962,0.4036,intercepted,NONE,NONE
Dual-Frequency Async Engine,5142,1440.829210422,0.4143,fallback,STAGE_3,VELOCITY_LIMIT_BREACH
Dual-Frequency Async Engine,5143,1440.839897694,0.425,none,NONE,NONE
Dual-Frequency Async Engine,5144,1440.85072677,0.4359,none,NONE,NONE
Dual-Frequency Async Engine,5145,1440.861575334,0.4467,none,NONE,NONE
Dual-Frequency Async Engine,5146,1440.87243407,0.4576,fallback,STAGE_3,VELOCITY_LIMIT_BREACH
Dual-Frequency Async Engine,5147,1440.883268497,0.4684,none,NONE,NONE
Dual-Frequency Async Engine,5148,1440.893980278,0.4791,none,NONE,NONE
Dual-Frequency Async Engine,5149,1440.90473528,0.4899,none,NONE,NONE
Dual-Frequency Async Engine,5150,1440.915901251,0.0,intercepted,NONE,NONE
Dual-Frequency Async Engine,5151,1440.926655585,0.0108,intercepted,NONE,NONE
Dual-Frequency Async Engine,5152,1440.937255106,0.0214,fallback,STAGE_3,VELOCITY_LIMIT_BREACH
Dual-Frequency Async Engine,5153,1440.947922751,0.032,none,NONE,NONE
Dual-Frequency Async Engine,5154,1440.958629488,0.0427,none,NONE,NONE
Dual-Frequency Async Engine,5155,1440.969341234,0.0535,none,NONE,NONE
Dual-Frequency Async Engine,5156,1440.980239975,0.0644,none,NONE,NONE
Dual-Frequency Async Engine,5157,1440.991107202,0.0752,none,NONE,NONE
Dual-Frequency Async Engine,5158,1441.001764996,0.0859,fallback,STAGE_3,VELOCITY_LIMIT_BREACH
Dual-Frequency Async Engine,5159,1441.012415252,0.0965,none,NONE,NONE
Dual-Frequency Async Engine,5160,1441.023150606,0.1073,fallback,STAGE_3,VELOCITY_LIMIT_BREACH
Dual-Frequency Async Engine,5161,1441.033838595,0.118,fallback,STAGE_3,VELOCITY_LIMIT_BREACH
Dual-Frequency Async Engine,5162,1441.044544209,0.1287,intercepted,NONE,NONE
Dual-Frequency Async Engine,5163,1441.055304172,0.1394,fallback,STAGE_3,VELOCITY_LIMIT_BREACH
Dual-Frequency Async Engine,5164,1441.066133445,0.1502,none,NONE,NONE
Dual-Frequency Async Engine,5165,1441.076809994,0.1609,none,NONE,NONE
Dual-Frequency Async Engine,5166,1441.087529941,0.1716,fallback,STAGE_3,VELOCITY_LIMIT_BREACH
Dual-Frequency Async Engine,5167,1441.098226258,0.1823,intercepted,NONE,NONE
Dual-Frequency Async Engine,5168,1441.10882911,0.1929,none,NONE,NONE
Dual-Frequency Async Engine,5169,1441.119826239,0.2039,none,NONE,NONE
Dual-Frequency Async Engine,5170,1441.130492593,0.2146,none,NONE,NONE
Dual-Frequency Async Engine,5171,1441.141317573,0.2254,none,NONE,NONE
Dual-Frequency Async Engine,5172,1441.15213336,0.2362,none,NONE,NONE
Dual-Frequency Async Engine,5173,1441.162821728,0.2469,none,NONE,NONE
Dual-Frequency Async Engine,5174,1441.173511656,0.2576,fallback,STAGE_3,VELOCITY_LIMIT_BREACH
Dual-Frequency Async Engine,5175,1441.18425256,0.2684,intercepted,NONE,NONE
Dual-Frequency Async Engine,5176,1441.194872109,0.279,intercepted,NONE,NONE
Dual-Frequency Async Engine,5177,1441.205510196,0.2896,intercepted,NONE,NONE
Dual-Frequency Async Engine,5178,1441.216289655,0.3004,fallback,STAGE_3,VELOCITY_LIMIT_BREACH
Dual-Frequency Async Engine,5179,1441.226963683,0.3111,intercepted,NONE,NONE
Dual-Frequency Async Engine,5180,1441.237808965,0.3219,none,NONE,NONE
Dual-Frequency Async Engine,5181,1441.248535636,0.3327,none,NONE,NONE
Dual-Frequency Async Engine,5182,1441.259208716,0.3433,none,NONE,NONE
Dual-Frequency Async Engine,5183,1441.269932446,0.354,intercepted,NONE,NONE
Dual-Frequency Async Engine,5184,1441.280676301,0.3648,fallback,STAGE_3,VELOCITY_LIMIT_BREACH
Dual-Frequency Async Engine,5185,1441.291448666,0.3756,none,NONE,NONE
Dual-Frequency Async Engine,5186,1441.302191443,0.3863,none,NONE,NONE
Dual-Frequency Async Engine,5187,1441.312910258,0.397,none,NONE,NONE
Dual-Frequency Async Engine,5188,1441.323598823,0.4077,fallback,STAGE_1,JSON_OR_VALIDATION_ERROR
Dual-Frequency Async Engine,5189,1441.334274441,0.4184,intercepted,NONE,NONE
Dual-Frequency Async Engine,5190,1441.344891646,0.429,none,NONE,NONE
Dual-Frequency Async Engine,5191,1441.355538391,0.4397,intercepted,NONE,NONE
Dual-Frequency Async Engine,5192,1441.366247692,0.4504,none,NONE,NONE
Dual-Frequency Async Engine,5193,1441.37697645,0.4611,none,NONE,NONE
Dual-Frequency Async Engine,5194,1441.387836058,0.472,none,NONE,NONE
Dual-Frequency Async Engine,5195,1441.398648208,0.4828,intercepted,NONE,NONE
Dual-Frequency Async Engine,5196,1441.409474643,0.4936,none,NONE,NONE
Dual-Frequency Async Engine,5197,1441.420791683,0.0043,fallback,STAGE_3,VELOCITY_LIMIT_BREACH
Dual-Frequency Async Engine,5198,1441.43142757,0.015,fallback,STAGE_3,VELOCITY_LIMIT_BREACH
Dual-Frequency Async Engine,5199,1441.441980674,0.0255,none,NONE,NONE
Dual-Frequency Async Engine,5200,1441.452674379,0.0362,none,NONE,NONE
Dual-Frequency Async Engine,5201,1441.463417417,0.0469,none,NONE,NONE
Dual-Frequency Async Engine,5202,1441.473954664,0.0575,none,NONE,NONE
Dual-Frequency Async Engine,5203,1441.484478706,0.068,none,NONE,NONE
Dual-Frequency Async Engine,5204,1441.495147869,0.0787,none,NONE,NONE
Dual-Frequency Async Engine,5205,1441.505766153,0.0893,intercepted,NONE,NONE
Dual-Frequency Async Engine,5206,1441.516347776,0.0999,none,NONE,NONE
Dual-Frequency Async Engine,5207,1441.52692276,0.1104,none,NONE,NONE
Dual-Frequency Async Engine,5208,1441.537521205,0.121,none,NONE,NONE
Dual-Frequency Async Engine,5209,1441.548162757,0.1317,none,NONE,NONE
Dual-Frequency Async Engine,5210,1441.558805432,0.1423,none,NONE,NONE
Dual-Frequency Async Engine,5211,1441.56947889,0.153,none,NONE,NONE
Dual-Frequency Async Engine,5212,1441.580146754,0.1637,fallback,STAGE_1,JSON_OR_VALIDATION_ERROR
Dual-Frequency Async Engine,5213,1441.590638033,0.1742,none,NONE,NONE
Dual-Frequency Async Engine,5214,1441.601206073,0.1847,none,NONE,NONE
Dual-Frequency Async Engine,5215,1441.611773012,0.1953,none,NONE,NONE
Dual-Frequency Async Engine,5216,1441.622691229,0.2062,none,NONE,NONE
Dual-Frequency Async Engine,5217,1441.633267906,0.2168,none,NONE,NONE
Dual-Frequency Async Engine,5218,1441.643792118,0.2273,none,NONE,NONE
Dual-Frequency Async Engine,5219,1441.654391411,0.2379,none,NONE,NONE
Dual-Frequency Async Engine,5220,1441.664974336,0.2485,fallback,STAGE_3,VELOCITY_LIMIT_BREACH
Dual-Frequency Async Engine,5221,1441.675571605,0.2591,intercepted,NONE,NONE
Dual-Frequency Async Engine,5222,1441.686111166,0.2696,none,NONE,NONE
Dual-Frequency Async Engine,5223,1441.696683776,0.2802,none,NONE,NONE
Dual-Frequency Async Engine,5224,1441.707215757,0.2907,intercepted,NONE,NONE
Dual-Frequency Async Engine,5225,1441.717779826,0.3013,none,NONE,NONE
Dual-Frequency Async Engine,5226,1441.728422178,0.3119,fallback,STAGE_3,VELOCITY_LIMIT_BREACH
Dual-Frequency Async Engine,5227,1441.738984977,0.3225,none,NONE,NONE
Dual-Frequency Async Engine,5228,1441.74963563,0.3332,intercepted,NONE,NONE
Dual-Frequency Async Engine,5229,1441.760205319,0.3438,fallback,STAGE_3,VELOCITY_LIMIT_BREACH
Dual-Frequency Async Engine,5230,1441.770867591,0.3544,fallback,STAGE_1,JSON_OR_VALIDATION_ERROR
Dual-Frequency Async Engine,5231,1441.78141598,0.3649,none,NONE,NONE
Dual-Frequency Async Engine,5232,1441.791945144,0.3755,none,NONE,NONE
Dual-Frequency Async Engine,5233,1441.802507712,0.386,fallback,STAGE_3,VELOCITY_LIMIT_BREACH
Dual-Frequency Async Engine,5234,1441.813132081,0.3967,none,NONE,NONE
Dual-Frequency Async Engine,5235,1441.823661409,0.4072,none,NONE,NONE
Dual-Frequency Async Engine,5236,1441.834218108,0.4177,none,NONE,NONE
Dual-Frequency Async Engine,5237,1441.844729946,0.4283,none,NONE,NONE
Dual-Frequency Async Engine,5238,1441.855350663,0.4389,none,NONE,NONE
Dual-Frequency Async Engine,5239,1441.865943129,0.4495,none,NONE,NONE
Dual-Frequency Async Engine,5240,1441.876485984,0.46,none,NONE,NONE
Dual-Frequency Async Engine,5241,1441.887249328,0.4708,fallback,STAGE_3,VELOCITY_LIMIT_BREACH
Dual-Frequency Async Engine,5242,1441.89778982,0.4813,none,NONE,NONE
Dual-Frequency Async Engine,5243,1441.908327388,0.4919,none,NONE,NONE
Dual-Frequency Async Engine,5244,1441.919500627,0.0022,none,NONE,NONE
Dual-Frequency Async Engine,5245,1441.930100954,0.0128,fallback,STAGE_3,VELOCITY_LIMIT_BREACH
Dual-Frequency Async Engine,5246,1441.940636768,0.0234,none,NONE,NONE
Dual-Frequency Async Engine,5247,1441.951158259,0.0339,none,NONE,NONE
Dual-Frequency Async Engine,5248,1441.961693558,0.0444,intercepted,NONE,NONE
Dual-Frequency Async Engine,5249,1441.972188975,0.0549,fallback,STAGE_3,VELOCITY_LIMIT_BREACH
Dual-Frequency Async Engine,5250,1441.982679171,0.0654,intercepted,NONE,NONE
Dual-Frequency Async Engine,5251,1441.993194595,0.0759,none,NONE,NONE
Dual-Frequency Async Engine,5252,1442.003781846,0.0865,none,NONE,NONE
Dual-Frequency Async Engine,5253,1442.014386212,0.0971,none,NONE,NONE
Dual-Frequency Async Engine,5254,1442.024933245,0.1077,fallback,STAGE_3,VELOCITY_LIMIT_BREACH
Dual-Frequency Async Engine,5255,1442.035452387,0.1182,fallback,STAGE_3,VELOCITY_LIMIT_BREACH
Dual-Frequency Async Engine,5256,1442.045941893,0.1287,intercepted,NONE,NONE
Dual-Frequency Async Engine,5257,1442.056449386,0.1392,none,NONE,NONE
Dual-Frequency Async Engine,5258,1442.067089684,0.1498,none,NONE,NONE
Dual-Frequency Async Engine,5259,1442.077732955,0.1605,none,NONE,NONE
Dual-Frequency Async Engine,5260,1442.08837476,0.1711,none,NONE,NONE
Dual-Frequency Async Engine,5261,1442.098973978,0.1817,intercepted,NONE,NONE
Dual-Frequency Async Engine,5262,1442.109642456,0.1924,fallback,STAGE_3,VELOCITY_LIMIT_BREACH
Dual-Frequency Async Engine,5263,1442.120423823,0.2031,none,NONE,NONE
Dual-Frequency Async Engine,5264,1442.130925882,0.2137,none,NONE,NONE
Dual-Frequency Async Engine,5265,1442.141423741,0.2241,none,NONE,NONE
Dual-Frequency Async Engine,5266,1442.151960776,0.2347,fallback,STAGE_3,VELOCITY_LIMIT_BREACH
Dual-Frequency Async Engine,5267,1442.162534922,0.2453,none,NONE,NONE
Dual-Frequency Async Engine,5268,1442.173139486,0.2559,none,NONE,NONE
Dual-Frequency Async Engine,5269,1442.183663794,0.2664,none,NONE,NONE
Dual-Frequency Async Engine,5270,1442.194171445,0.2769,intercepted,NONE,NONE
Dual-Frequency Async Engine,5271,1442.204682728,0.2874,intercepted,NONE,NONE
Dual-Frequency Async Engine,5272,1442.215368257,0.2981,fallback,STAGE_3,VELOCITY_LIMIT_BREACH
Dual-Frequency Async Engine,5273,1442.225904982,0.3086,none,NONE,NONE
Dual-Frequency Async Engine,5274,1442.236349342,0.3191,none,NONE,NONE
Dual-Frequency Async Engine,5275,1442.246863735,0.3296,none,NONE,NONE
Dual-Frequency Async Engine,5276,1442.257521928,0.3402,none,NONE,NONE
Dual-Frequency Async Engine,5277,1442.268178839,0.3509,none,NONE,NONE
Dual-Frequency Async Engine,5278,1442.27871688,0.3614,fallback,STAGE_3,VELOCITY_LIMIT_BREACH
Dual-Frequency Async Engine,5279,1442.289274872,0.372,none,NONE,NONE
Dual-Frequency Async Engine,5280,1442.29978605,0.3825,fallback,STAGE_3,VELOCITY_LIMIT_BREACH
Dual-Frequency Async Engine,5281,1442.310450599,0.3932,fallback,STAGE_3,VELOCITY_LIMIT_BREACH
Dual-Frequency Async Engine,5282,1442.321088287,0.4038,intercepted,NONE,NONE
Dual-Frequency Async Engine,5283,1442.331630581,0.4144,fallback,STAGE_3,VELOCITY_LIMIT_BREACH
Dual-Frequency Async Engine,5284,1442.3422324,0.425,none,NONE,NONE
Dual-Frequency Async Engine,5285,1442.352775069,0.4355,none,NONE,NONE
Dual-Frequency Async Engine,5286,1442.363484972,0.4462,fallback,STAGE_3,VELOCITY_LIMIT_BREACH
Dual-Frequency Async Engine,5287,1442.374088148,0.4568,intercepted,NONE,NONE
Dual-Frequency Async Engine,5288,1442.384593288,0.4673,none,NONE,NONE
Dual-Frequency Async Engine,5289,1442.395178766,0.4779,none,NONE,NONE
Dual-Frequency Async Engine,5290,1442.405718338,0.4884,none,NONE,NONE
Dual-Frequency Async Engine,5291,1442.416229717,0.499,none,NONE,NONE
Dual-Frequency Async Engine,5292,1442.427167999,0.0096,none,NONE,NONE
Dual-Frequency Async Engine,5293,1442.437739826,0.0201,none,NONE,NONE
Dual-Frequency Async Engine,5294,1442.448490617,0.0309,fallback,STAGE_3,VELOCITY_LIMIT_BREACH
Dual-Frequency Async Engine,5295,1442.45915892,0.0415,intercepted,NONE,NONE
Dual-Frequency Async Engine,5296,1442.469775714,0.0522,intercepted,NONE,NONE
Dual-Frequency Async Engine,5297,1442.480442521,0.0628,intercepted,NONE,NONE
Dual-Frequency Async Engine,5298,1442.491150992,0.0735,fallback,STAGE_3,VELOCITY_LIMIT_BREACH
Dual-Frequency Async Engine,5299,1442.501819722,0.0842,intercepted,NONE,NONE
Dual-Frequency Async Engine,5300,1442.51259881,0.095,none,NONE,NONE
Dual-Frequency Async Engine,5301,1442.523301998,0.1057,none,NONE,NONE
Dual-Frequency Async Engine,5302,1442.534114234,0.1165,none,NONE,NONE
Dual-Frequency Async Engine,5303,1442.544827269,0.1272,intercepted,NONE,NONE
Dual-Frequency Async Engine,5304,1442.555561793,0.1379,fallback,STAGE_3,VELOCITY_LIMIT_BREACH
Dual-Frequency Async Engine,5305,1442.566261589,0.1486,none,NONE,NONE
Dual-Frequency Async Engine,5306,1442.577095796,0.1595,none,NONE,NONE
Dual-Frequency Async Engine,5307,1442.58772567,0.1701,none,NONE,NONE
Dual-Frequency Async Engine,5308,1442.598548722,0.1809,fallback,STAGE_1,JSON_OR_VALIDATION_ERROR
Dual-Frequency Async Engine,5309,1442.609221337,0.1916,intercepted,NONE,NONE
Dual-Frequency Async Engine,5310,1442.620413747,0.2028,none,NONE,NONE
Dual-Frequency Async Engine,5311,1442.631203583,0.2136,intercepted,NONE,NONE
Dual-Frequency Async Engine,5312,1442.641907628,0.2243,none,NONE,NONE
Dual-Frequency Async Engine,5313,1442.652588846,0.235,none,NONE,NONE
Dual-Frequency Async Engine,5314,1442.663274555,0.2457,none,NONE,NONE
Dual-Frequency Async Engine,5315,1442.673891348,0.2563,intercepted,NONE,NONE
Dual-Frequency Async Engine,5316,1442.684567735,0.267,none,NONE,NONE
Dual-Frequency Async Engine,5317,1442.695280194,0.2777,fallback,STAGE_3,VELOCITY_LIMIT_BREACH
Dual-Frequency Async Engine,5318,1442.705876872,0.2883,fallback,STAGE_3,VELOCITY_LIMIT_BREACH
Dual-Frequency Async Engine,5319,1442.716525676,0.2989,none,NONE,NONE
Dual-Frequency Async Engine,5320,1442.727310747,0.3097,none,NONE,NONE
Dual-Frequency Async Engine,5321,1442.7379645,0.3203,none,NONE,NONE
Dual-Frequency Async Engine,5322,1442.748647208,0.331,none,NONE,NONE
Dual-Frequency Async Engine,5323,1442.759352396,0.3417,none,NONE,NONE
Dual-Frequency Async Engine,5324,1442.77014799,0.3525,none,NONE,NONE
Dual-Frequency Async Engine,5325,1442.780796118,0.3632,intercepted,NONE,NONE
Dual-Frequency Async Engine,5326,1442.791647874,0.374,none,NONE,NONE
Dual-Frequency Async Engine,5327,1442.802277508,0.3847,none,NONE,NONE
Dual-Frequency Async Engine,5328,1442.812930859,0.3953,none,NONE,NONE
Dual-Frequency Async Engine,5329,1442.823612924,0.406,none,NONE,NONE
Dual-Frequency Async Engine,5330,1442.834262818,0.4166,none,NONE,NONE
Dual-Frequency Async Engine,5331,1442.844883082,0.4273,none,NONE,NONE
Dual-Frequency Async Engine,5332,1442.855559653,0.4379,fallback,STAGE_1,JSON_OR_VALIDATION_ERROR
Dual-Frequency Async Engine,5333,1442.866198811,0.4486,none,NONE,NONE
Dual-Frequency Async Engine,5334,1442.876845831,0.4592,none,NONE,NONE
Dual-Frequency Async Engine,5335,1442.887667148,0.4701,none,NONE,NONE
Dual-Frequency Async Engine,5336,1442.898416138,0.4808,none,NONE,NONE
Dual-Frequency Async Engine,5337,1442.909127891,0.4915,none,NONE,NONE
Dual-Frequency Async Engine,5338,1442.919267851,0.0003,none,NONE,NONE
Dual-Frequency Async Engine,5339,1442.929841391,0.0108,none,NONE,NONE
Dual-Frequency Async Engine,5340,1442.940524862,0.0215,fallback,STAGE_3,VELOCITY_LIMIT_BREACH
Dual-Frequency Async Engine,5341,1442.95125702,0.0323,intercepted,NONE,NONE
Dual-Frequency Async Engine,5342,1442.962111813,0.0431,none,NONE,NONE
Dual-Frequency Async Engine,5343,1442.972773958,0.0538,none,NONE,NONE
Dual-Frequency Async Engine,5344,1442.983490282,0.0645,intercepted,NONE,NONE
Dual-Frequency Async Engine,5345,1442.994178225,0.0752,none,NONE,NONE
Dual-Frequency Async Engine,5346,1443.00492422,0.0859,fallback,STAGE_3,VELOCITY_LIMIT_BREACH
Dual-Frequency Async Engine,5347,1443.015565099,0.0966,none,NONE,NONE
Dual-Frequency Async Engine,5348,1443.026230086,0.1072,intercepted,NONE,NONE
Dual-Frequency Async Engine,5349,1443.036981276,0.118,fallback,STAGE_3,VELOCITY_LIMIT_BREACH
Dual-Frequency Async Engine,5350,1443.047671951,0.1287,fallback,STAGE_1,JSON_OR_VALIDATION_ERROR
Dual-Frequency Async Engine,5351,1443.058487077,0.1395,none,NONE,NONE
Dual-Frequency Async Engine,5352,1443.069109058,0.1501,none,NONE,NONE
Dual-Frequency Async Engine,5353,1443.079821091,0.1608,fallback,STAGE_3,VELOCITY_LIMIT_BREACH
Dual-Frequency Async Engine,5354,1443.090508983,0.1715,none,NONE,NONE
Dual-Frequency Async Engine,5355,1443.101173076,0.1822,none,NONE,NONE
Dual-Frequency Async Engine,5356,1443.111876064,0.1929,none,NONE,NONE
Dual-Frequency Async Engine,5357,1443.12277154,0.2038,none,NONE,NONE
Dual-Frequency Async Engine,5358,1443.133502693,0.2145,none,NONE,NONE
Dual-Frequency Async Engine,5359,1443.144235159,0.2252,none,NONE,NONE
Dual-Frequency Async Engine,5360,1443.154953387,0.236,none,NONE,NONE
Dual-Frequency Async Engine,5361,1443.165889762,0.2469,fallback,STAGE_3,VELOCITY_LIMIT_BREACH
Dual-Frequency Async Engine,5362,1443.176530536,0.2575,none,NONE,NONE
Dual-Frequency Async Engine,5363,1443.187167641,0.2682,none,NONE,NONE
Dual-Frequency Async Engine,5364,1443.197762182,0.2788,none,NONE,NONE
Dual-Frequency Async Engine,5365,1443.208435007,0.2894,fallback,STAGE_3,VELOCITY_LIMIT_BREACH
Dual-Frequency Async Engine,5366,1443.219231418,0.3002,none,NONE,NONE
Dual-Frequency Async Engine,5367,1443.229881069,0.3109,none,NONE,NONE
Dual-Frequency Async Engine,5368,1443.240619146,0.3216,intercepted,NONE,NONE
Dual-Frequency Async Engine,5369,1443.251452461,0.3325,fallback,STAGE_3,VELOCITY_LIMIT_BREACH
Dual-Frequency Async Engine,5370,1443.262147106,0.3432,intercepted,NONE,NONE
Dual-Frequency Async Engine,5371,1443.272803803,0.3538,none,NONE,NONE
Dual-Frequency Async Engine,5372,1443.283581359,0.3646,none,NONE,NONE
Dual-Frequency Async Engine,5373,1443.29421629,0.3752,none,NONE,NONE
Dual-Frequency Async Engine,5374,1443.304896979,0.3859,fallback,STAGE_3,VELOCITY_LIMIT_BREACH
Dual-Frequency Async Engine,5375,1443.315667801,0.3967,fallback,STAGE_3,VELOCITY_LIMIT_BREACH
Dual-Frequency Async Engine,5376,1443.326521767,0.4075,intercepted,NONE,NONE
Dual-Frequency Async Engine,5377,1443.33714364,0.4182,none,NONE,NONE
Dual-Frequency Async Engine,5378,1443.347688706,0.4287,none,NONE,NONE
Dual-Frequency Async Engine,5379,1443.358232001,0.4392,none,NONE,NONE
Dual-Frequency Async Engine,5380,1443.368903038,0.4499,none,NONE,NONE
Dual-Frequency Async Engine,5381,1443.379598805,0.4606,intercepted,NONE,NONE
Dual-Frequency Async Engine,5382,1443.390280066,0.4713,fallback,STAGE_3,VELOCITY_LIMIT_BREACH
Dual-Frequency Async Engine,5383,1443.401193341,0.4822,none,NONE,NONE
Dual-Frequency Async Engine,5384,1443.411881802,0.4929,none,NONE,NONE
Dual-Frequency Async Engine,5385,1443.423182855,0.0033,none,NONE,NONE
Dual-Frequency Async Engine,5386,1443.433879421,0.014,fallback,STAGE_3,VELOCITY_LIMIT_BREACH
Dual-Frequency Async Engine,5387,1443.444658363,0.0248,none,NONE,NONE
Dual-Frequency Async Engine,5388,1443.455476737,0.0356,none,NONE,NONE
Dual-Frequency Async Engine,5389,1443.466229408,0.0464,none,NONE,NONE
Dual-Frequency Async Engine,5390,1443.476895389,0.057,intercepted,NONE,NONE
Dual-Frequency Async Engine,5391,1443.487520595,0.0677,intercepted,NONE,NONE
Dual-Frequency Async Engine,5392,1443.498159302,0.0783,fallback,STAGE_3,VELOCITY_LIMIT_BREACH
Dual-Frequency Async Engine,5393,1443.508744281,0.0889,none,NONE,NONE
Dual-Frequency Async Engine,5394,1443.519491007,0.0996,none,NONE,NONE
Dual-Frequency Async Engine,5395,1443.530083061,0.1102,none,NONE,NONE
Dual-Frequency Async Engine,5396,1443.540885963,0.121,none,NONE,NONE
Dual-Frequency Async Engine,5397,1443.551970464,0.1321,none,NONE,NONE
Dual-Frequency Async Engine,5398,1443.562604829,0.1427,fallback,STAGE_3,VELOCITY_LIMIT_BREACH
Dual-Frequency Async Engine,5399,1443.573176875,0.1533,none,NONE,NONE
Dual-Frequency Async Engine,5400,1443.583921519,0.1641,fallback,STAGE_3,VELOCITY_LIMIT_BREACH
Dual-Frequency Async Engine,5401,1443.594586931,0.1747,fallback,STAGE_3,VELOCITY_LIMIT_BREACH
Dual-Frequency Async Engine,5402,1443.60519169,0.1853,intercepted,NONE,NONE
Dual-Frequency Async Engine,5403,1443.615974659,0.1961,fallback,STAGE_3,VELOCITY_LIMIT_BREACH
Dual-Frequency Async Engine,5404,1443.626956023,0.2071,none,NONE,NONE
Dual-Frequency Async Engine,5405,1443.637614286,0.2178,none,NONE,NONE
Dual-Frequency Async Engine,5406,1443.648169709,0.2283,fallback,STAGE_3,VELOCITY_LIMIT_BREACH
Dual-Frequency Async Engine,5407,1443.658844001,0.239,intercepted,NONE,NONE
Dual-Frequency Async Engine,5408,1443.669643085,0.2498,none,NONE,NONE
Dual-Frequency Async Engine,5409,1443.680197084,0.2603,none,NONE,NONE
Dual-Frequency Async Engine,5410,1443.690866543,0.271,none,NONE,NONE
Dual-Frequency Async Engine,5411,1443.70152066,0.2817,none,NONE,NONE
Dual-Frequency Async Engine,5412,1443.712175548,0.2923,none,NONE,NONE
Dual-Frequency Async Engine,5413,1443.722799438,0.3029,none,NONE,NONE
Dual-Frequency Async Engine,5414,1443.733417271,0.3136,fallback,STAGE_3,VELOCITY_LIMIT_BREACH
Dual-Frequency Async Engine,5415,1443.744101114,0.3242,intercepted,NONE,NONE
Dual-Frequency Async Engine,5416,1443.75469012,0.3348,intercepted,NONE,NONE
Dual-Frequency Async Engine,5417,1443.765437278,0.3456,intercepted,NONE,NONE
Dual-Frequency Async Engine,5418,1443.776068163,0.3562,fallback,STAGE_3,VELOCITY_LIMIT_BREACH
Dual-Frequency Async Engine,5419,1443.78679842,0.3669,intercepted,NONE,NONE
Dual-Frequency Async Engine,5420,1443.797455378,0.3776,none,NONE,NONE
Dual-Frequency Async Engine,5421,1443.808165556,0.3883,none,NONE,NONE
Dual-Frequency Async Engine,5422,1443.818822757,0.399,none,NONE,NONE
Dual-Frequency Async Engine,5423,1443.829574917,0.4097,intercepted,NONE,NONE
Dual-Frequency Async Engine,5424,1443.8401641,0.4203,fallback,STAGE_3,VELOCITY_LIMIT_BREACH
Dual-Frequency Async Engine,5425,1443.85073169,0.4309,none,NONE,NONE
Dual-Frequency Async Engine,5426,1443.861363245,0.4415,none,NONE,NONE
Dual-Frequency Async Engine,5427,1443.871881222,0.452,none,NONE,NONE
Dual-Frequency Async Engine,5428,1443.882446181,0.4626,fallback,STAGE_1,JSON_OR_VALIDATION_ERROR
Dual-Frequency Async Engine,5429,1443.892983829,0.4731,intercepted,NONE,NONE
Dual-Frequency Async Engine,5430,1443.903638807,0.4838,none,NONE,NONE
Dual-Frequency Async Engine,5431,1443.914297666,0.4944,intercepted,NONE,NONE
Dual-Frequency Async Engine,5432,1443.925237267,0.0053,none,NONE,NONE
Dual-Frequency Async Engine,5433,1443.935822526,0.0159,none,NONE,NONE
Dual-Frequency Async Engine,5434,1443.94642787,0.0265,none,NONE,NONE
Dual-Frequency Async Engine,5435,1443.956973712,0.037,intercepted,NONE,NONE
Dual-Frequency Async Engine,5436,1443.9676116,0.0477,none,NONE,NONE
Dual-Frequency Async Engine,5437,1443.978344835,0.0584,fallback,STAGE_3,VELOCITY_LIMIT_BREACH
Dual-Frequency Async Engine,5438,1443.988606164,0.0687,fallback,STAGE_3,VELOCITY_LIMIT_BREACH
Dual-Frequency Async Engine,5439,1443.999163032,0.0792,none,NONE,NONE
Dual-Frequency Async Engine,5440,1444.009685454,0.0897,none,NONE,NONE
Dual-Frequency Async Engine,5441,1444.020270421,0.1003,none,NONE,NONE
Dual-Frequency Async Engine,5442,1444.030857332,0.1109,none,NONE,NONE
Dual-Frequency Async Engine,5443,1444.041488676,0.1215,none,NONE,NONE
Dual-Frequency Async Engine,5444,1444.05218827,0.1322,none,NONE,NONE
Dual-Frequency Async Engine,5445,1444.062777827,0.1428,intercepted,NONE,NONE
Dual-Frequency Async Engine,5446,1444.073404118,0.1535,none,NONE,NONE
Dual-Frequency Async Engine,5447,1444.083990788,0.164,none,NONE,NONE
Dual-Frequency Async Engine,5448,1444.094710813,0.1748,none,NONE,NONE
Dual-Frequency Async Engine,5449,1444.105440453,0.1855,none,NONE,NONE
Dual-Frequency Async Engine,5450,1444.116076686,0.1961,none,NONE,NONE
Dual-Frequency Async Engine,5451,1444.126945703,0.207,none,NONE,NONE
Dual-Frequency Async Engine,5452,1444.137561335,0.2176,fallback,STAGE_1,JSON_OR_VALIDATION_ERROR
Dual-Frequency Async Engine,5453,1444.148250707,0.2283,none,NONE,NONE
Dual-Frequency Async Engine,5454,1444.158829377,0.2389,none,NONE,NONE
Dual-Frequency Async Engine,5455,1444.169601203,0.2496,none,NONE,NONE
Dual-Frequency Async Engine,5456,1444.180400222,0.2604,none,NONE,NONE
Dual-Frequency Async Engine,5457,1444.190964603,0.271,none,NONE,NONE
Dual-Frequency Async Engine,5458,1444.201443123,0.2815,none,NONE,NONE
Dual-Frequency Async Engine,5459,1444.212127093,0.2922,none,NONE,NONE
Dual-Frequency Async Engine,5460,1444.222819421,0.3029,fallback,STAGE_3,VELOCITY_LIMIT_BREACH
Dual-Frequency Async Engine,5461,1444.233457899,0.3135,intercepted,NONE,NONE
Dual-Frequency Async Engine,5462,1444.244122416,0.3242,none,NONE,NONE
Dual-Frequency Async Engine,5463,1444.254714088,0.3348,none,NONE,NONE
Dual-Frequency Async Engine,5464,1444.265286767,0.3453,intercepted,NONE,NONE
Dual-Frequency Async Engine,5465,1444.275868336,0.3559,none,NONE,NONE
Dual-Frequency Async Engine,5466,1444.286478597,0.3665,fallback,STAGE_3,VELOCITY_LIMIT_BREACH
Dual-Frequency Async Engine,5467,1444.29711063,0.3772,none,NONE,NONE
Dual-Frequency Async Engine,5468,1444.307768203,0.3878,intercepted,NONE,NONE
Dual-Frequency Async Engine,5469,1444.318619149,0.3987,fallback,STAGE_3,VELOCITY_LIMIT_BREACH
Dual-Frequency Async Engine,5470,1444.329455254,0.4095,fallback,STAGE_1,JSON_OR_VALIDATION_ERROR
Dual-Frequency Async Engine,5471,1444.340202663,0.4203,none,NONE,NONE
Dual-Frequency Async Engine,5472,1444.350887767,0.4309,none,NONE,NONE
Dual-Frequency Async Engine,5473,1444.361495108,0.4415,fallback,STAGE_3,VELOCITY_LIMIT_BREACH
Dual-Frequency Async Engine,5474,1444.372212956,0.4523,none,NONE,NONE
Dual-Frequency Async Engine,5475,1444.383176745,0.4632,none,NONE,NONE
Dual-Frequency Async Engine,5476,1444.394081085,0.4741,none,NONE,NONE
Dual-Frequency Async Engine,5477,1444.404740597,0.4848,none,NONE,NONE
Dual-Frequency Async Engine,5478,1444.415535195,0.4956,none,NONE,NONE
Dual-Frequency Async Engine,5479,1444.426517253,0.0053,none,NONE,NONE
Dual-Frequency Async Engine,5480,1444.437170208,0.016,none,NONE,NONE
Dual-Frequency Async Engine,5481,1444.447792906,0.0266,fallback,STAGE_3,VELOCITY_LIMIT_BREACH
Dual-Frequency Async Engine,5482,1444.458537909,0.0373,none,NONE,NONE
Dual-Frequency Async Engine,5483,1444.469216244,0.048,none,NONE,NONE
Dual-Frequency Async Engine,5484,1444.479766224,0.0586,none,NONE,NONE
Dual-Frequency Async Engine,5485,1444.490453845,0.0693,fallback,STAGE_3,VELOCITY_LIMIT_BREACH
Dual-Frequency Async Engine,5486,1444.501209326,0.08,none,NONE,NONE
Dual-Frequency Async Engine,5487,1444.511995906,0.0908,none,NONE,NONE
Dual-Frequency Async Engine,5488,1444.522739805,0.1015,intercepted,NONE,NONE
Dual-Frequency Async Engine,5489,1444.533467101,0.1123,fallback,STAGE_3,VELOCITY_LIMIT_BREACH
Dual-Frequency Async Engine,5490,1444.544330427,0.1231,intercepted,NONE,NONE
Dual-Frequency Async Engine,5491,1444.555245812,0.1341,none,NONE,NONE
Dual-Frequency Async Engine,5492,1444.566219825,0.145,none,NONE,NONE
Dual-Frequency Async Engine,5493,1444.576945157,0.1557,none,NONE,NONE
Dual-Frequency Async Engine,5494,1444.587820196,0.1666,fallback,STAGE_3,VELOCITY_LIMIT_BREACH
Dual-Frequency Async Engine,5495,1444.598572428,0.1774,fallback,STAGE_3,VELOCITY_LIMIT_BREACH
Dual-Frequency Async Engine,5496,1444.609470416,0.1883,intercepted,NONE,NONE
Dual-Frequency Async Engine,5497,1444.620322522,0.1991,none,NONE,NONE
Dual-Frequency Async Engine,5498,1444.631622983,0.2104,none,NONE,NONE
Dual-Frequency Async Engine,5499,1444.642488765,0.2213,none,NONE,NONE
Dual-Frequency Async Engine,5500,1444.653346838,0.2322,none,NONE,NONE
Dual-Frequency Async Engine,5501,1444.664260534,0.2431,intercepted,NONE,NONE
Dual-Frequency Async Engine,5502,1444.674937517,0.2537,fallback,STAGE_3,VELOCITY_LIMIT_BREACH
Dual-Frequency Async Engine,5503,1444.685692171,0.2645,none,NONE,NONE
Dual-Frequency Async Engine,5504,1444.696539061,0.2753,none,NONE,NONE
Dual-Frequency Async Engine,5505,1444.707317212,0.2861,none,NONE,NONE
Dual-Frequency Async Engine,5506,1444.718326983,0.2971,fallback,STAGE_3,VELOCITY_LIMIT_BREACH
Dual-Frequency Async Engine,5507,1444.72919245,0.308,none,NONE,NONE
Dual-Frequency Async Engine,5508,1444.739911004,0.3187,none,NONE,NONE
Dual-Frequency Async Engine,5509,1444.750679417,0.3295,none,NONE,NONE
Dual-Frequency Async Engine,5510,1444.761557424,0.3404,intercepted,NONE,NONE
Dual-Frequency Async Engine,5511,1444.772300101,0.3511,intercepted,NONE,NONE
Dual-Frequency Async Engine,5512,1444.782990379,0.3618,fallback,STAGE_3,VELOCITY_LIMIT_BREACH
Dual-Frequency Async Engine,5513,1444.793785548,0.3726,none,NONE,NONE
Dual-Frequency Async Engine,5514,1444.80452636,0.3833,none,NONE,NONE
Dual-Frequency Async Engine,5515,1444.815223532,0.394,none,NONE,NONE
Dual-Frequency Async Engine,5516,1444.826073055,0.4049,none,NONE,NONE
Dual-Frequency Async Engine,5517,1444.836741486,0.4155,none,NONE,NONE
Dual-Frequency Async Engine,5518,1444.84748169,0.4263,fallback,STAGE_3,VELOCITY_LIMIT_BREACH
Dual-Frequency Async Engine,5519,1444.858214292,0.437,none,NONE,NONE
Dual-Frequency Async Engine,5520,1444.868936202,0.4477,fallback,STAGE_3,VELOCITY_LIMIT_BREACH
Dual-Frequency Async Engine,5521,1444.879743156,0.4585,fallback,STAGE_3,VELOCITY_LIMIT_BREACH
Dual-Frequency Async Engine,5522,1444.890550996,0.4694,intercepted,NONE,NONE
Dual-Frequency Async Engine,5523,1444.901276623,0.4801,fallback,STAGE_3,VELOCITY_LIMIT_BREACH
Dual-Frequency Async Engine,5524,1444.911931896,0.4907,none,NONE,NONE
Dual-Frequency Async Engine,5525,1444.923413294,0.0,none,NONE,NONE
Dual-Frequency Async Engine,5526,1444.934675751,0.0113,fallback,STAGE_3,VELOCITY_LIMIT_BREACH
Dual-Frequency Async Engine,5527,1444.945637725,0.0223,intercepted,NONE,NONE
Dual-Frequency Async Engine,5528,1444.956484253,0.0331,none,NONE,NONE
Dual-Frequency Async Engine,5529,1444.967225151,0.0438,none,NONE,NONE
Dual-Frequency Async Engine,5530,1444.97791218,0.0545,none,NONE,NONE
Dual-Frequency Async Engine,5531,1444.988746243,0.0654,none,NONE,NONE
Dual-Frequency Async Engine,5532,1444.999560185,0.0762,none,NONE,NONE
Dual-Frequency Async Engine,5533,1445.010315151,0.0869,none,NONE,NONE
Dual-Frequency Async Engine,5534,1445.021158644,0.0978,fallback,STAGE_3,VELOCITY_LIMIT_BREACH
Dual-Frequency Async Engine,5535,1445.031861753,0.1085,intercepted,NONE,NONE
Dual-Frequency Async Engine,5536,1445.042706838,0.1193,intercepted,NONE,NONE
Dual-Frequency Async Engine,5537,1445.053620271,0.1302,intercepted,NONE,NONE
Dual-Frequency Async Engine,5538,1445.064490315,0.1411,fallback,STAGE_3,VELOCITY_LIMIT_BREACH
Dual-Frequency Async Engine,5539,1445.075254493,0.1519,intercepted,NONE,NONE
Dual-Frequency Async Engine,5540,1445.08606414,0.1627,none,NONE,NONE
Dual-Frequency Async Engine,5541,1445.096842176,0.1735,none,NONE,NONE
Dual-Frequency Async Engine,5542,1445.107581924,0.1842,none,NONE,NONE
Dual-Frequency Async Engine,5543,1445.118532273,0.1952,intercepted,NONE,NONE
Dual-Frequency Async Engine,5544,1445.129651753,0.2063,fallback,STAGE_3,VELOCITY_LIMIT_BREACH
Dual-Frequency Async Engine,5545,1445.140439028,0.2171,none,NONE,NONE
Dual-Frequency Async Engine,5546,1445.151213189,0.2278,none,NONE,NONE
Dual-Frequency Async Engine,5547,1445.161884542,0.2385,none,NONE,NONE
Dual-Frequency Async Engine,5548,1445.172633669,0.2493,fallback,STAGE_1,JSON_OR_VALIDATION_ERROR
Dual-Frequency Async Engine,5549,1445.183592709,0.2602,intercepted,NONE,NONE
Dual-Frequency Async Engine,5550,1445.194759118,0.2714,none,NONE,NONE
Dual-Frequency Async Engine,5551,1445.205696338,0.2823,intercepted,NONE,NONE
Dual-Frequency Async Engine,5552,1445.216716939,0.2933,none,NONE,NONE
Dual-Frequency Async Engine,5553,1445.227650973,0.3043,none,NONE,NONE
Dual-Frequency Async Engine,5554,1445.238642732,0.3153,none,NONE,NONE
Dual-Frequency Async Engine,5555,1445.249663453,0.3263,intercepted,NONE,NONE
Dual-Frequency Async Engine,5556,1445.260618796,0.3372,none,NONE,NONE
Dual-Frequency Async Engine,5557,1445.271453512,0.3481,fallback,STAGE_3,VELOCITY_LIMIT_BREACH
Dual-Frequency Async Engine,5558,1445.282514524,0.3591,fallback,STAGE_3,VELOCITY_LIMIT_BREACH
Dual-Frequency Async Engine,5559,1445.293271793,0.3699,none,NONE,NONE
Dual-Frequency Async Engine,5560,1445.304189578,0.3808,none,NONE,NONE
Dual-Frequency Async Engine,5561,1445.315245254,0.3919,none,NONE,NONE
Dual-Frequency Async Engine,5562,1445.325924587,0.4025,none,NONE,NONE
Dual-Frequency Async Engine,5563,1445.336518156,0.4131,none,NONE,NONE
Dual-Frequency Async Engine,5564,1445.347157049,0.4238,none,NONE,NONE
Dual-Frequency Async Engine,5565,1445.357500595,0.4341,intercepted,NONE,NONE
Dual-Frequency Async Engine,5566,1445.36822661,0.4448,none,NONE,NONE
Dual-Frequency Async Engine,5567,1445.378859495,0.4555,none,NONE,NONE
Dual-Frequency Async Engine,5568,1445.389512211,0.4661,none,NONE,NONE
Dual-Frequency Async Engine,5569,1445.400180921,0.4768,none,NONE,NONE
Dual-Frequency Async Engine,5570,1445.411222032,0.4878,none,NONE,NONE
Dual-Frequency Async Engine,5571,1445.421906587,0.4985,none,NONE,NONE
Dual-Frequency Async Engine,5572,1445.432344521,0.0087,fallback,STAGE_1,JSON_OR_VALIDATION_ERROR
Dual-Frequency Async Engine,5573,1445.443078444,0.0194,none,NONE,NONE
Dual-Frequency Async Engine,5574,1445.453804573,0.0301,none,NONE,NONE
Dual-Frequency Async Engine,5575,1445.465170785,0.0415,none,NONE,NONE
Dual-Frequency Async Engine,5576,1445.47580786,0.0521,none,NONE,NONE
Dual-Frequency Async Engine,5577,1445.486414274,0.0627,none,NONE,NONE
Dual-Frequency Async Engine,5578,1445.49703415,0.0733,none,NONE,NONE
Dual-Frequency Async Engine,5579,1445.507844952,0.0842,none,NONE,NONE
Dual-Frequency Async Engine,5580,1445.518483174,0.0948,fallback,STAGE_3,VELOCITY_LIMIT_BREACH
Dual-Frequency Async Engine,5581,1445.529066999,0.1054,intercepted,NONE,NONE
Dual-Frequency Async Engine,5582,1445.539595279,0.1159,none,NONE,NONE
Dual-Frequency Async Engine,5583,1445.550195168,0.1265,none,NONE,NONE
Dual-Frequency Async Engine,5584,1445.56075127,0.1371,intercepted,NONE,NONE
Dual-Frequency Async Engine,5585,1445.571368139,0.1477,none,NONE,NONE
Dual-Frequency Async Engine,5586,1445.582180047,0.1585,fallback,STAGE_3,VELOCITY_LIMIT_BREACH
Dual-Frequency Async Engine,5587,1445.592771108,0.1691,none,NONE,NONE
Dual-Frequency Async Engine,5588,1445.603379124,0.1797,intercepted,NONE,NONE
Dual-Frequency Async Engine,5589,1445.613952834,0.1903,fallback,STAGE_3,VELOCITY_LIMIT_BREACH
Dual-Frequency Async Engine,5590,1445.624832539,0.2011,fallback,STAGE_1,JSON_OR_VALIDATION_ERROR
Dual-Frequency Async Engine,5591,1445.635469712,0.2118,none,NONE,NONE
Dual-Frequency Async Engine,5592,1445.64602957,0.2223,none,NONE,NONE
Dual-Frequency Async Engine,5593,1445.656551622,0.2329,fallback,STAGE_3,VELOCITY_LIMIT_BREACH
Dual-Frequency Async Engine,5594,1445.667080203,0.2434,none,NONE,NONE
Dual-Frequency Async Engine,5595,1445.677558106,0.2539,none,NONE,NONE
Dual-Frequency Async Engine,5596,1445.688043896,0.2643,none,NONE,NONE
Dual-Frequency Async Engine,5597,1445.698608937,0.2749,none,NONE,NONE
Dual-Frequency Async Engine,5598,1445.709179597,0.2855,none,NONE,NONE
Dual-Frequency Async Engine,5599,1445.719687028,0.296,none,NONE,NONE
Dual-Frequency Async Engine,5600,1445.730203353,0.3065,none,NONE,NONE
Dual-Frequency Async Engine,5601,1445.740763026,0.3171,fallback,STAGE_3,VELOCITY_LIMIT_BREACH
Dual-Frequency Async Engine,5602,1445.751390487,0.3277,none,NONE,NONE
Dual-Frequency Async Engine,5603,1445.762027113,0.3383,none,NONE,NONE
Dual-Frequency Async Engine,5604,1445.772614696,0.3489,none,NONE,NONE
Dual-Frequency Async Engine,5605,1445.783192445,0.3595,fallback,STAGE_3,VELOCITY_LIMIT_BREACH
Dual-Frequency Async Engine,5606,1445.793716331,0.37,none,NONE,NONE
Dual-Frequency Async Engine,5607,1445.80425858,0.3806,none,NONE,NONE
Dual-Frequency Async Engine,5608,1445.814788162,0.3911,intercepted,NONE,NONE
Dual-Frequency Async Engine,5609,1445.825346821,0.4017,fallback,STAGE_3,VELOCITY_LIMIT_BREACH
Dual-Frequency Async Engine,5610,1445.835937654,0.4122,intercepted,NONE,NONE
Dual-Frequency Async Engine,5611,1445.846441138,0.4227,none,NONE,NONE
Dual-Frequency Async Engine,5612,1445.85692248,0.4332,none,NONE,NONE
Dual-Frequency Async Engine,5613,1445.86741779,0.4437,none,NONE,NONE
Dual-Frequency Async Engine,5614,1445.87796368,0.4543,fallback,STAGE_3,VELOCITY_LIMIT_BREACH
Dual-Frequency Async Engine,5615,1445.888627398,0.4649,fallback,STAGE_3,VELOCITY_LIMIT_BREACH
Dual-Frequency Async Engine,5616,1445.899196293,0.4755,intercepted,NONE,NONE
Dual-Frequency Async Engine,5617,1445.909725778,0.486,none,NONE,NONE
Dual-Frequency Async Engine,5618,1445.920428237,0.4967,none,NONE,NONE
Dual-Frequency Async Engine,5619,1445.931388338,0.0073,none,NONE,NONE
Dual-Frequency Async Engine,5620,1445.94188735,0.0178,none,NONE,NONE
Dual-Frequency Async Engine,5621,1445.952420748,0.0283,intercepted,NONE,NONE
Dual-Frequency Async Engine,5622,1445.962948583,0.0389,fallback,STAGE_3,VELOCITY_LIMIT_BREACH
Dual-Frequency Async Engine,5623,1445.97350873,0.0494,none,NONE,NONE
Dual-Frequency Async Engine,5624,1445.984113191,0.06,none,NONE,NONE
Dual-Frequency Async Engine,5625,1445.994667672,0.0706,none,NONE,NONE
Dual-Frequency Async Engine,5626,1446.005155218,0.0811,fallback,STAGE_3,VELOCITY_LIMIT_BREACH
Dual-Frequency Async Engine,5627,1446.01563386,0.0916,none,NONE,NONE
Dual-Frequency Async Engine,5628,1446.026132989,0.1021,none,NONE,NONE
Dual-Frequency Async Engine,5629,1446.036588509,0.1125,none,NONE,NONE
